night,month,hr,dir,extent,dur_min,vol,aligned_aggr,cpp,wdx,gap_share,start_px,start_tags,end_tags
2025-02-18,2025-02,0,-1,2.25,22.5,1754,0.08,780.0,0.78,0.0,6141.25,"VWAP,VW2s,VW-2s,VW3s,VW-3s,ONH,ONL","VW-2s,VW-3s,ONL"
2025-02-18,2025-02,0,1,18.0,405.4,27297,0.11,1516.0,0.74,0.0,6139.0,"VW-2s,VW-3s,ONL","VW3s,ONH"
2025-02-18,2025-02,7,-1,12.25,175.6,28606,0.02,2335.0,0.8,0.0,6157.0,"VW3s,ONH",-
2025-02-19,2025-02,21,-1,5.0,50.6,57380,0.03,11476.0,0.71,0.0,6148.5,"pdC,VWAP,VW2s,VW-2s,VW3s,VW-3s,ONH,ONL","VW-2s,VW-3s,ONL"
2025-02-19,2025-02,21,1,13.25,304.1,25011,0.05,1888.0,0.75,0.0,6143.5,"VW-2s,VW-3s,ONL","pdH,VW3s,ONH"
2025-02-19,2025-02,2,-1,21.75,533.1,58269,0.04,2679.0,0.77,0.0,6156.75,"pdH,VW3s,ONH","VW-3s,ONL"
2025-02-20,2025-02,21,1,0.0,0.0,5423,-0.02,21692.0,0.76,0.0,6161.5,"pdC,VWAP,VW2s,VW-2s,VW3s,VW-3s,ONH,ONL","pdC,VWAP,VW2s,VW-2s,VW3s,VW-3s,ONH,ONL"
2025-02-20,2025-02,21,-1,19.75,565.2,76926,0.05,3895.0,0.79,0.0,6161.5,"pdC,VWAP,VW2s,VW-2s,VW3s,VW-3s,ONH,ONL","VW-2s,ONL"
2025-02-20,2025-02,6,1,13.0,223.4,27714,0.02,2132.0,0.79,0.0,6141.75,"VW-2s,ONL",dP
2025-02-21,2025-02,21,-1,6.75,15.0,31705,0.08,4697.0,0.77,0.0,6137.0,"pdC,VWAP,VW2s,VW-2s,VW3s,VW-3s,ONH,ONL","dP,VW-3s,ONL"
2025-02-21,2025-02,21,1,9.5,146.8,14726,0.08,1550.0,0.76,0.0,6130.25,"dP,VW-3s,ONL","VW2s,VW3s,ONH"
2025-02-21,2025-02,23,-1,11.5,325.7,20850,0.01,1813.0,0.81,0.0,6139.75,"VW2s,VW3s,ONH","dP,VW-3s,ONL"
2025-02-21,2025-02,5,1,9.0,138.7,9862,0.11,1096.0,0.73,0.0,6128.25,"dP,VW-3s,ONL","pdC,VW2s"
2025-02-21,2025-02,7,-1,9.75,49.1,8319,0.12,853.0,0.8,0.0,6137.25,"pdC,VW2s","VW-3s,ONL"
2025-02-24,2025-02,23,-1,8.5,2.7,4692,0.15,552.0,0.67,0.0,6042.5,"VWAP,VW2s,VW-2s,VW3s,VW-3s,ONH,ONL","VW-2s,ONL"
2025-02-24,2025-02,23,1,25.0,81.8,25919,0.07,1037.0,0.74,0.0,6034.0,"VW-2s,ONL","VW2s,ONH"
2025-02-24,2025-02,0,-1,11.5,66.3,14132,0.05,1229.0,0.8,0.0,6059.0,"VW2s,ONH",VWAP
2025-02-24,2025-02,1,1,16.0,298.0,28024,0.06,1752.0,0.77,0.0,6047.5,VWAP,"VW2s,ONH"
2025-02-24,2025-02,6,-1,21.75,107.7,25195,0.13,1158.0,0.8,0.0,6063.5,"VW2s,ONH",VW-2s
2025-02-24,2025-02,8,1,25.75,67.7,30852,0.04,1198.0,0.81,0.0,6041.75,VW-2s,"dP,VW2s,ONH"
2025-02-25,2025-02,21,-1,2.5,1.6,20504,0.08,8202.0,0.75,0.0,6001.75,"pdC,VWAP,VW2s,VW-2s,VW3s,VW-3s,ONH,ONL","VW-2s,VW-3s,ONL"
2025-02-25,2025-02,21,1,10.25,13.0,24830,0.04,2422.0,0.74,0.0,5999.25,"VW-2s,VW-3s,ONL","VW3s,ONH"
2025-02-25,2025-02,21,-1,14.25,160.3,26345,0.07,1849.0,0.76,0.0,6009.5,"VW3s,ONH","pdL,VW-3s,ONL"
2025-02-25,2025-02,23,1,20.0,129.2,35056,0.07,1753.0,0.77,0.0,5995.25,"pdL,VW-3s,ONL","VW3s,ONH"
2025-02-25,2025-02,2,-1,8.75,19.8,3871,0.16,442.0,0.73,0.0,6015.25,"VW3s,ONH",VWAP
2025-02-25,2025-02,2,1,9.25,40.4,6318,0.02,683.0,0.81,0.0,6006.5,VWAP,ONH
2025-02-25,2025-02,3,-1,33.5,295.6,42087,0.03,1256.0,0.79,0.0,6015.75,ONH,"wS1,ONL"
2025-02-25,2025-02,7,1,22.5,13.4,11622,0.17,517.0,0.8,0.0,5982.25,"wS1,ONL",VWAP
2025-02-25,2025-02,8,-1,20.5,46.9,18070,0.07,881.0,0.83,0.0,6004.75,VWAP,ONL
2025-02-25,2025-02,9,1,15.0,13.8,6681,-0.03,445.0,0.88,0.0,5984.25,ONL,-
2025-02-25,2025-02,9,-1,19.75,45.6,18212,0.09,922.0,0.83,0.0,5999.25,-,"wS1,ONL"
2025-02-25,2025-02,9,1,10.0,17.9,6558,0.1,656.0,0.82,0.0,5979.5,"wS1,ONL",-
2025-02-25,2025-02,10,-1,11.25,42.8,12859,0.06,1143.0,0.81,0.0,5989.5,-,"dS1,ONL"
2025-02-25,2025-02,11,1,25.0,86.5,31428,0.08,1257.0,0.82,0.0,5978.25,"dS1,ONL",pdC
2025-02-25,2025-02,12,-1,9.0,21.6,8596,-0.0,955.0,0.82,0.0,6003.25,pdC,pdL
2025-02-26,2025-02,21,-1,3.0,0.2,13244,0.02,4415.0,0.73,0.0,5972.5,"pdC,VWAP,VW2s,VW-2s,VW3s,VW-3s,ONH,ONL","dP,pdC,VWAP,VW-2s,VW-3s,ONL"
2025-02-26,2025-02,21,1,19.5,240.4,54824,0.0,2811.0,0.78,0.0,5969.5,"dP,pdC,VWAP,VW-2s,VW-3s,ONL","VW2s,ONH"
2025-02-26,2025-02,1,-1,11.0,68.9,8059,0.08,733.0,0.78,0.0,5989.0,"VW2s,ONH",VWAP
2025-02-26,2025-02,2,1,25.25,548.2,83363,0.14,3302.0,0.76,0.0,5978.0,VWAP,"VW2s,ONH"
2025-02-27,2025-02,21,1,5.5,0.1,11464,0.09,2084.0,0.7,0.0,5974.0,"pdC,VWAP,VW2s,VW-2s,VW3s,VW-3s,ONH,ONL","dP,wS1,VW2s,VW3s,ONH"
2025-02-27,2025-02,21,-1,11.5,2.2,12706,0.15,1105.0,0.75,0.0,5979.5,"dP,wS1,VW2s,VW3s,ONH","VW-3s,ONL"
2025-02-27,2025-02,21,1,14.25,17.7,17722,0.05,1244.0,0.84,0.0,5968.0,"VW-3s,ONL","dP,wS1,VW2s,VW3s,ONH"
2025-02-27,2025-02,21,-1,29.75,0.2,2652,0.19,89.0,0.8,0.0,5982.25,"dP,wS1,VW2s,VW3s,ONH",ONL
2025-02-27,2025-02,21,1,43.0,0.5,5516,0.08,128.0,0.81,0.0,5952.5,ONL,ONH
2025-02-27,2025-02,21,-1,32.75,1.3,10498,0.07,321.0,0.79,0.0,5995.5,ONH,VW-2s
2025-02-27,2025-02,21,1,22.75,0.8,4743,0.12,208.0,0.8,0.0,5962.75,VW-2s,-
2025-02-27,2025-02,21,-1,19.75,10.3,18876,-0.02,956.0,0.78,0.0,5985.5,-,VW-2s
2025-02-27,2025-02,21,1,25.75,23.3,17375,0.09,675.0,0.8,0.0,5965.75,VW-2s,-
2025-02-27,2025-02,21,-1,25.25,87.3,13581,0.06,538.0,0.76,0.0,5991.5,-,VW-2s
2025-02-27,2025-02,23,1,15.75,42.7,11056,0.02,702.0,0.82,0.0,5966.25,VW-2s,"dP,wS1"
2025-02-27,2025-02,0,-1,20.75,62.0,17871,0.12,861.0,0.82,0.0,5982.0,"dP,wS1",VW-2s
2025-02-27,2025-02,1,1,20.25,89.7,15005,0.05,741.0,0.81,0.0,5961.25,VW-2s,"dP,wS1"
2025-02-27,2025-02,2,-1,11.0,102.8,9926,-0.01,902.0,0.82,0.0,5981.5,"dP,wS1",pdC
2025-02-27,2025-02,4,1,32.25,195.7,27756,0.05,861.0,0.79,0.0,5970.5,pdC,"VW3s,ONH"
2025-02-27,2025-02,7,-1,12.75,26.8,6315,0.13,495.0,0.81,0.0,6002.75,"VW3s,ONH",-
2025-02-27,2025-02,8,1,24.25,276.1,57411,0.05,2367.0,0.83,0.0,5990.0,-,"dR1,ONH"
2025-02-28,2025-02,21,-1,4.0,1.4,26471,0.02,6618.0,0.76,0.0,5877.75,"pdC,VWAP,VW2s,VW-2s,VW3s,VW-3s,ONH,ONL","pdL,VW-2s,VW-3s,ONL"
2025-02-28,2025-02,21,1,16.25,121.3,62383,0.05,3839.0,0.74,0.0,5873.75,"pdL,VW-2s,VW-3s,ONL","VW3s,ONH"
2025-02-28,2025-02,23,-1,15.5,118.5,28395,0.02,1832.0,0.8,0.0,5890.0,"VW3s,ONH","pdL,ONL"
2025-02-28,2025-02,1,1,11.5,20.9,4831,0.07,420.0,0.81,0.0,5874.5,"pdL,ONL",-
2025-02-28,2025-02,1,-1,26.0,9.9,5748,0.18,221.0,0.8,0.0,5886.0,-,ONL
2025-02-28,2025-02,1,1,22.25,12.4,6534,0.13,294.0,0.83,0.0,5860.0,ONL,-
2025-02-28,2025-02,1,-1,23.25,124.0,35640,0.04,1533.0,0.82,0.0,5882.25,-,"VW-3s,ONL"
2025-02-28,2025-02,3,1,26.5,154.9,27822,-0.02,1050.0,0.83,0.0,5859.0,"VW-3s,ONL",-
2025-02-28,2025-02,6,-1,16.0,71.2,17100,0.07,1069.0,0.82,0.0,5885.5,-,-
2025-02-28,2025-02,7,1,31.0,246.9,69605,-0.01,2245.0,0.82,0.0,5869.5,-,ONH
2025-02-28,2025-02,11,-1,15.25,26.4,11191,0.15,734.0,0.81,0.0,5900.5,ONH,-
2025-02-28,2025-02,12,1,8.75,11.4,5887,-0.0,673.0,0.85,0.0,5885.25,-,-
2025-03-03,2025-03,23,-1,2.5,0.1,1603,-0.09,641.0,0.69,0.0,5967.5,"VWAP,VW2s,VW-2s,VW3s,VW-3s,ONH,ONL","pdC,VW-2s,VW-3s,ONL"
2025-03-03,2025-03,23,1,19.25,13.6,9123,0.11,474.0,0.73,0.0,5965.0,"pdC,VW-2s,VW-3s,ONL","VW2s,ONH"
2025-03-03,2025-03,23,-1,36.5,83.8,30971,0.1,849.0,0.79,0.0,5984.25,"VW2s,ONH",ONL
2025-03-03,2025-03,0,1,12.5,12.8,4312,0.02,345.0,0.82,0.0,5947.75,ONL,-
2025-03-03,2025-03,0,-1,8.75,10.2,3759,0.1,430.0,0.81,0.0,5960.25,-,-
2025-03-03,2025-03,1,1,11.0,8.3,2739,0.09,249.0,0.85,0.0,5951.5,-,pdC
2025-03-03,2025-03,1,-1,8.0,29.5,5974,0.07,747.0,0.84,0.0,5962.5,pdC,-
2025-03-03,2025-03,1,1,14.5,29.8,6202,0.08,428.0,0.82,0.0,5954.5,-,pdH
2025-03-03,2025-03,2,-1,9.0,22.3,3216,0.06,357.0,0.83,0.0,5969.0,pdH,wP
2025-03-03,2025-03,2,1,8.0,22.9,2937,0.19,367.0,0.8,0.0,5960.0,wP,-
2025-03-03,2025-03,2,-1,10.5,29.9,4572,0.03,435.0,0.82,0.0,5968.0,-,wP
2025-03-03,2025-03,3,1,24.5,210.8,23210,0.02,947.0,0.81,0.0,5957.5,wP,VW2s
2025-03-03,2025-03,6,-1,17.25,35.6,7403,0.1,429.0,0.82,0.0,5982.0,VW2s,pdC
2025-03-03,2025-03,7,1,13.5,39.1,12451,0.05,922.0,0.84,0.0,5964.75,pdC,-
2025-03-03,2025-03,8,-1,22.25,18.1,9916,0.05,446.0,0.83,0.0,5978.25,-,-
2025-03-03,2025-03,8,1,15.25,17.4,10302,0.03,676.0,0.85,0.0,5956.0,-,pdH
2025-03-03,2025-03,8,-1,9.0,23.5,9656,0.04,1073.0,0.84,0.0,5971.25,pdH,pdC
2025-03-03,2025-03,9,1,21.25,53.5,16052,0.03,755.0,0.84,0.0,5962.25,pdC,"VW2s,ONH"
2025-03-03,2025-03,10,-1,8.75,25.9,5996,0.05,685.0,0.84,0.0,5983.5,"VW2s,ONH",-
2025-03-03,2025-03,10,1,25.75,108.2,31300,0.05,1216.0,0.81,0.0,5974.75,-,"VW3s,ONH"
2025-03-04,2025-03,21,1,14.5,17.0,58256,0.06,4018.0,0.76,0.0,5861.75,"pdC,VWAP,VW2s,VW-2s,VW3s,VW-3s,ONH,ONL","VW3s,ONH"
2025-03-04,2025-03,21,-1,8.5,106.8,20399,-0.04,2400.0,0.78,0.0,5876.25,"VW3s,ONH",VWAP
2025-03-04,2025-03,23,1,13.0,26.7,7312,0.05,562.0,0.76,0.0,5867.75,VWAP,"VW3s,ONH"
2025-03-04,2025-03,23,-1,14.25,40.0,15715,0.04,1103.0,0.8,0.0,5880.75,"VW3s,ONH",-
2025-03-04,2025-03,0,1,10.5,10.6,3003,0.12,286.0,0.82,0.0,5866.5,-,VW2s
2025-03-04,2025-03,0,-1,15.5,26.9,5186,0.12,335.0,0.83,0.0,5877.0,VW2s,"pdC,VW-2s,ONL"
2025-03-04,2025-03,0,1,19.75,12.1,7535,0.04,382.0,0.83,0.0,5861.5,"pdC,VW-2s,ONL","VW2s,ONH"
2025-03-04,2025-03,1,-1,20.5,34.3,10671,0.04,521.0,0.84,0.0,5881.25,"VW2s,ONH","pdC,VW-2s,ONL"
2025-03-04,2025-03,1,1,9.0,14.3,4599,0.02,511.0,0.86,0.0,5860.75,"pdC,VW-2s,ONL",VWAP
2025-03-04,2025-03,1,-1,9.5,10.6,2895,0.15,305.0,0.84,0.0,5869.75,VWAP,"VW-2s,ONL"
2025-03-04,2025-03,1,1,17.5,152.4,24840,0.01,1419.0,0.85,0.0,5860.25,"VW-2s,ONL",VW2s
2025-03-04,2025-03,4,-1,17.75,29.6,7784,0.09,439.0,0.82,0.0,5877.75,VW2s,"VW-2s,ONL"
2025-03-04,2025-03,5,1,23.75,5.0,6289,0.14,265.0,0.81,0.0,5860.0,"VW-2s,ONL","VW3s,ONH"
2025-03-04,2025-03,5,-1,13.25,6.0,3642,0.01,275.0,0.84,0.0,5883.75,"VW3s,ONH",VWAP
2025-03-04,2025-03,5,1,9.75,14.3,3037,0.02,311.0,0.85,0.0,5870.5,VWAP,VW2s
2025-03-04,2025-03,5,-1,11.0,45.3,6874,0.01,625.0,0.82,0.0,5880.25,VW2s,VWAP
2025-03-04,2025-03,6,1,12.0,14.0,2886,0.08,240.0,0.82,0.0,5869.25,VWAP,VW2s
2025-03-04,2025-03,6,-1,10.0,13.2,2795,-0.01,280.0,0.83,0.0,5881.25,VW2s,VWAP
2025-03-04,2025-03,6,1,9.75,12.3,1731,0.18,178.0,0.83,0.0,5871.25,VWAP,VW2s
2025-03-04,2025-03,6,-1,23.75,76.5,24038,0.03,1012.0,0.84,0.0,5881.0,VW2s,ONL
2025-03-04,2025-03,8,1,21.25,35.5,16668,0.04,784.0,0.84,0.0,5857.25,ONL,-
2025-03-04,2025-03,8,-1,16.25,8.3,3793,0.07,233.0,0.82,0.0,5878.5,-,pdC
2025-03-04,2025-03,8,1,14.5,20.0,8163,0.04,563.0,0.85,0.0,5862.25,pdC,-
2025-03-04,2025-03,9,-1,16.5,30.3,11104,0.05,673.0,0.85,0.0,5876.75,-,VW-2s
2025-03-04,2025-03,9,1,11.25,4.4,2288,0.07,203.0,0.84,0.0,5860.25,VW-2s,VWAP
2025-03-04,2025-03,9,-1,20.75,17.1,6770,0.15,326.0,0.81,0.0,5871.5,VWAP,ONL
2025-03-04,2025-03,10,1,15.0,12.8,5718,0.02,381.0,0.85,0.0,5850.75,ONL,-
2025-03-04,2025-03,10,-1,16.25,22.1,9426,0.05,580.0,0.82,0.0,5865.75,-,"VW-3s,ONL"
2025-03-04,2025-03,10,1,11.0,34.1,11261,0.04,1024.0,0.85,0.0,5849.5,"VW-3s,ONL",-
2025-03-04,2025-03,11,-1,8.5,3.5,2044,-0.01,240.0,0.8,0.0,5860.5,-,wS1
2025-03-04,2025-03,11,1,8.5,15.2,3691,0.01,434.0,0.85,0.0,5852.0,wS1,-
2025-03-04,2025-03,11,-1,10.5,7.1,2946,0.1,281.0,0.8,0.0,5860.5,-,"VW-3s,ONL"
2025-03-04,2025-03,11,1,10.25,13.1,3805,0.01,371.0,0.85,0.0,5850.0,"VW-3s,ONL",-
2025-03-04,2025-03,11,-1,39.0,37.3,35300,0.08,905.0,0.77,0.0,5860.25,-,"pdL,ONL"
2025-03-04,2025-03,12,1,14.25,18.8,18455,0.04,1295.0,0.82,0.0,5821.25,"pdL,ONL",VW-2s
2025-03-05,2025-03,21,1,18.0,0.4,27202,0.02,1511.0,0.71,0.0,5792.75,"pdC,VWAP,VW2s,VW-2s,VW3s,VW-3s,ONH,ONL","VW2s,ONH"
2025-03-05,2025-03,21,-1,19.75,2.0,18032,0.12,913.0,0.76,0.0,5810.75,"VW2s,ONH","pdC,ONL"
2025-03-05,2025-03,21,1,28.0,11.3,42051,0.05,1502.0,0.77,0.0,5791.0,"pdC,ONL","mS1,ONH"
2025-03-05,2025-03,21,-1,12.0,1.6,5744,-0.05,479.0,0.78,0.0,5819.0,"mS1,ONH",-
2025-03-05,2025-03,21,1,32.5,12.9,35905,0.14,1105.0,0.73,0.0,5807.0,-,ONH
2025-03-05,2025-03,21,-1,26.75,12.7,21266,0.08,795.0,0.73,0.0,5839.5,ONH,VWAP
2025-03-05,2025-03,21,1,25.25,109.5,22527,0.05,892.0,0.77,0.0,5812.75,VWAP,ONH
2025-03-05,2025-03,23,-1,23.25,69.5,18345,0.05,789.0,0.82,0.0,5838.0,ONH,VWAP
2025-03-05,2025-03,0,1,13.25,6.2,2530,0.11,191.0,0.83,0.0,5814.75,VWAP,-
2025-03-05,2025-03,0,-1,10.25,37.4,9335,0.01,911.0,0.84,0.0,5828.0,-,mS1
2025-03-05,2025-03,1,1,9.75,0.7,856,0.29,88.0,0.81,0.0,5817.75,mS1,-
2025-03-05,2025-03,1,-1,19.0,6.9,5141,0.07,271.0,0.82,0.0,5827.5,-,-
2025-03-05,2025-03,1,1,20.0,18.4,9377,0.05,469.0,0.83,0.0,5808.5,-,-
2025-03-05,2025-03,1,-1,17.5,25.9,8630,0.05,493.0,0.82,0.0,5828.5,-,-
2025-03-05,2025-03,2,1,9.25,6.7,2248,0.12,243.0,0.83,0.0,5811.0,-,mS1
2025-03-05,2025-03,2,-1,11.75,13.4,3775,-0.01,321.0,0.82,0.0,5820.25,mS1,-
2025-03-05,2025-03,2,1,14.25,16.2,3473,0.09,244.0,0.82,0.0,5808.5,-,-
2025-03-05,2025-03,2,-1,13.25,8.5,2984,0.08,225.0,0.81,0.0,5822.75,-,-
2025-03-05,2025-03,3,1,22.25,13.9,6607,0.15,297.0,0.79,0.0,5809.5,-,-
2025-03-05,2025-03,3,-1,15.75,32.6,8831,0.13,561.0,0.78,0.0,5831.75,-,VWAP
2025-03-05,2025-03,3,1,17.5,23.0,8619,0.1,493.0,0.79,0.0,5816.0,VWAP,-
2025-03-05,2025-03,4,-1,15.75,80.1,10000,0.06,635.0,0.78,0.0,5833.5,-,"mS1,VWAP"
2025-03-05,2025-03,5,1,12.0,44.8,4145,0.07,345.0,0.8,0.0,5817.75,"mS1,VWAP",-
2025-03-05,2025-03,6,-1,11.25,19.1,2589,0.14,230.0,0.82,0.0,5829.75,-,"mS1,VWAP"
2025-03-05,2025-03,6,1,13.75,27.8,4426,0.11,322.0,0.8,0.0,5818.5,"mS1,VWAP",-
2025-03-05,2025-03,7,-1,15.0,68.5,17835,-0.01,1189.0,0.85,0.0,5832.25,-,"mS1,VWAP"
2025-03-05,2025-03,8,1,19.0,18.8,10341,0.14,544.0,0.81,0.0,5817.25,"mS1,VWAP",-
2025-03-05,2025-03,8,-1,15.75,31.5,13695,-0.01,870.0,0.84,0.0,5836.25,-,"mS1,VWAP"
2025-03-05,2025-03,9,1,23.5,48.5,18431,0.1,784.0,0.83,0.0,5820.5,"mS1,VWAP","VW2s,ONH"
2025-03-05,2025-03,9,-1,21.0,37.5,17731,-0.0,844.0,0.81,0.0,5844.0,"VW2s,ONH",-
2025-03-05,2025-03,10,1,11.0,20.2,6930,0.14,630.0,0.83,0.0,5823.0,-,-
2025-03-05,2025-03,10,-1,37.5,67.9,28223,0.05,753.0,0.81,0.0,5834.0,-,VW-2s
2025-03-05,2025-03,11,1,18.25,7.7,8338,0.12,457.0,0.82,0.0,5796.5,VW-2s,-
2025-03-05,2025-03,12,-1,8.0,3.5,2561,0.15,320.0,0.82,0.0,5814.75,-,-
2025-03-05,2025-03,12,1,9.75,5.3,2406,0.13,247.0,0.84,0.0,5806.75,-,-
2025-03-05,2025-03,12,-1,19.0,10.8,7308,0.07,385.0,0.8,0.0,5816.5,-,-
2025-03-05,2025-03,12,1,17.75,23.2,9807,0.06,553.0,0.83,0.0,5797.5,-,-
2025-03-06,2025-03,21,1,0.75,1.1,16777,0.02,22369.0,0.74,0.0,5851.25,"pdC,VWAP,VW2s,VW-2s,VW3s,VW-3s,ONH,ONL","wS1,pdC,VWAP,VW2s,VW3s,ONH"
2025-03-06,2025-03,21,-1,10.25,5.1,11965,-0.04,1167.0,0.82,0.0,5852.0,"wS1,pdC,VWAP,VW2s,VW3s,ONH","VW-3s,ONL"
2025-03-06,2025-03,21,1,10.25,12.1,12605,0.0,1230.0,0.8,0.0,5841.75,"VW-3s,ONL","wS1,pdC,VW2s,ONH"
2025-03-06,2025-03,21,-1,8.75,41.2,12085,-0.09,1381.0,0.76,0.0,5852.0,"wS1,pdC,VW2s,ONH","VW-2s,VW-3s,ONL"
2025-03-06,2025-03,21,1,10.25,73.4,2556,0.0,249.0,0.77,0.0,5843.25,"VW-2s,VW-3s,ONL","wS1,VW2s,VW3s,ONH"
2025-03-06,2025-03,23,-1,12.0,24.1,3620,0.21,302.0,0.75,0.0,5853.5,"wS1,VW2s,VW3s,ONH","VW-2s,VW-3s,ONL"
2025-03-06,2025-03,23,1,8.5,38.7,3821,0.05,450.0,0.82,0.0,5841.5,"VW-2s,VW-3s,ONL","pdC,VWAP"
2025-03-06,2025-03,0,-1,11.75,43.7,5456,0.07,464.0,0.81,0.0,5850.0,"pdC,VWAP","VW-3s,ONL"
2025-03-06,2025-03,0,1,8.5,68.1,9495,0.01,1117.0,0.8,0.0,5838.25,"VW-3s,ONL",VWAP
2025-03-06,2025-03,2,-1,8.0,60.1,5244,0.06,656.0,0.81,0.0,5846.75,VWAP,"VW-2s,VW-3s,ONL"
2025-03-06,2025-03,3,1,11.25,70.2,5887,0.11,523.0,0.78,0.0,5838.75,"VW-2s,VW-3s,ONL",pdC
2025-03-06,2025-03,4,-1,9.5,110.2,11809,-0.19,1243.0,0.79,0.0,5850.0,pdC,VW-2s
2025-03-06,2025-03,6,1,9.5,52.5,4871,0.08,513.0,0.78,0.0,5840.5,VW-2s,pdC
2025-03-06,2025-03,7,-1,30.5,61.6,18964,0.0,622.0,0.82,0.0,5850.0,pdC,"mS1,ONL"
2025-03-06,2025-03,8,1,10.75,4.2,3514,0.1,327.0,0.83,0.0,5819.5,"mS1,ONL",VW-2s
2025-03-06,2025-03,8,-1,19.5,7.3,5448,0.12,279.0,0.84,0.0,5830.25,VW-2s,ONL
2025-03-06,2025-03,8,1,16.5,5.3,4132,0.1,250.0,0.83,0.0,5810.75,ONL,VW-2s
2025-03-06,2025-03,8,-1,14.5,8.9,4363,0.07,301.0,0.84,0.0,5827.25,VW-2s,"VW-3s,ONL"
2025-03-06,2025-03,8,1,10.5,8.5,4938,0.14,470.0,0.84,0.0,5812.75,"VW-3s,ONL",dP
2025-03-06,2025-03,8,-1,25.5,24.1,12877,0.1,505.0,0.83,0.0,5823.25,dP,ONL
2025-03-06,2025-03,9,1,15.5,6.0,4947,0.11,319.0,0.83,0.0,5797.75,ONL,-
2025-03-06,2025-03,9,-1,26.75,24.0,15076,0.05,564.0,0.84,0.0,5813.25,-,ONL
2025-03-06,2025-03,9,1,15.5,14.8,8244,-0.01,532.0,0.85,0.0,5786.5,ONL,-
2025-03-06,2025-03,9,-1,19.5,16.2,10439,0.03,535.0,0.83,0.0,5802.0,-,ONL
2025-03-06,2025-03,10,1,15.25,26.8,9943,0.05,652.0,0.85,0.0,5782.5,ONL,-
2025-03-06,2025-03,10,-1,22.0,34.4,15116,-0.01,687.0,0.83,0.0,5797.75,-,ONL
2025-03-06,2025-03,11,1,22.0,58.3,23844,0.06,1084.0,0.79,0.0,5775.75,ONL,-
2025-03-06,2025-03,12,-1,14.5,16.5,6772,0.05,467.0,0.81,0.0,5797.75,-,-
2025-03-06,2025-03,12,1,10.5,13.2,5231,0.14,498.0,0.8,0.0,5783.25,-,-
2025-03-06,2025-03,12,-1,13.0,9.2,5518,0.13,424.0,0.77,0.0,5793.75,-,-
2025-03-07,2025-03,21,-1,2.75,0.1,9850,0.08,3582.0,0.72,0.0,5747.5,"pdC,VWAP,VW2s,VW-2s,VW3s,VW-3s,ONH,ONL","wS2,VW-2s,VW-3s,ONL"
2025-03-07,2025-03,21,1,26.75,18.7,45407,0.1,1697.0,0.73,0.0,5744.75,"wS2,VW-2s,VW-3s,ONL",ONH
2025-03-07,2025-03,21,-1,13.25,21.6,13024,-0.02,983.0,0.8,0.0,5771.5,ONH,VWAP
2025-03-07,2025-03,21,1,11.5,82.6,6394,0.12,556.0,0.75,0.0,5758.25,VWAP,ONH
2025-03-07,2025-03,23,-1,13.0,84.9,14314,0.08,1101.0,0.78,0.0,5769.75,ONH,VWAP
2025-03-07,2025-03,0,1,12.75,14.3,3429,0.04,269.0,0.84,0.0,5756.75,VWAP,ONH
2025-03-07,2025-03,0,-1,8.25,21.1,4261,0.06,516.0,0.84,0.0,5769.5,ONH,dP
2025-03-07,2025-03,1,1,13.25,10.8,3054,0.07,230.0,0.83,0.0,5761.25,dP,"VW2s,ONH"
2025-03-07,2025-03,1,-1,8.5,46.2,6048,0.03,712.0,0.85,0.0,5774.5,"VW2s,ONH",-
2025-03-07,2025-03,2,1,8.25,16.5,2188,0.07,265.0,0.84,0.0,5766.0,-,"VW2s,ONH"
2025-03-07,2025-03,2,-1,24.25,273.3,33400,0.04,1377.0,0.82,0.0,5774.25,"VW2s,ONH",-
2025-03-07,2025-03,6,1,13.0,21.5,4296,0.08,330.0,0.81,0.0,5750.0,-,dP
2025-03-07,2025-03,7,-1,9.5,29.2,5280,0.02,556.0,0.83,0.0,5763.0,dP,-
2025-03-07,2025-03,7,1,13.0,51.0,20162,-0.03,1551.0,0.86,0.0,5753.5,-,-
2025-03-07,2025-03,8,-1,12.25,8.2,3609,0.18,295.0,0.81,0.0,5766.5,-,-
2025-03-07,2025-03,8,1,18.75,34.8,13915,-0.02,742.0,0.84,0.0,5754.25,-,"VW2s,ONH"
2025-03-07,2025-03,9,-1,16.5,54.6,15563,0.04,943.0,0.84,0.0,5773.0,"VW2s,ONH",-
2025-03-07,2025-03,10,1,10.75,31.9,6766,-0.01,629.0,0.85,0.0,5756.5,-,-
2025-03-07,2025-03,10,-1,9.0,19.6,3044,0.03,338.0,0.85,0.0,5767.25,-,-
2025-03-07,2025-03,11,1,10.75,38.2,6774,0.09,630.0,0.84,0.0,5758.25,-,-
2025-03-10,2025-03,22,-1,17.25,0.3,1510,0.13,88.0,0.69,0.0,5752.5,"VWAP,VW2s,VW-2s,VW3s,VW-3s,ONH,ONL","VW-2s,ONL"
2025-03-10,2025-03,22,1,12.25,1.3,2684,0.12,219.0,0.76,0.0,5735.25,"VW-2s,ONL",dP
2025-03-10,2025-03,22,-1,20.75,11.2,8807,-0.05,424.0,0.78,0.0,5747.5,dP,"VW-2s,ONL"
2025-03-10,2025-03,22,1,8.75,3.6,3411,0.0,390.0,0.75,0.0,5726.75,"VW-2s,ONL",-
2025-03-10,2025-03,22,-1,11.25,0.6,1284,0.28,114.0,0.73,0.0,5735.5,-,"VW-2s,ONL"
2025-03-10,2025-03,22,1,17.25,28.2,11139,0.03,646.0,0.79,0.0,5724.25,"VW-2s,ONL",-
2025-03-10,2025-03,22,-1,30.5,19.8,8253,0.12,271.0,0.79,0.0,5741.5,-,"VW-3s,ONL"
2025-03-10,2025-03,23,1,27.0,16.6,8982,0.07,333.0,0.77,0.0,5711.0,"VW-3s,ONL",-
2025-03-10,2025-03,23,-1,9.75,24.7,5732,0.04,588.0,0.8,0.0,5738.0,-,-
2025-03-10,2025-03,23,1,11.5,19.5,7193,-0.0,625.0,0.81,0.0,5728.25,-,-
2025-03-10,2025-03,0,-1,13.25,20.3,10458,-0.01,789.0,0.8,0.0,5739.75,-,-
2025-03-10,2025-03,0,1,28.5,131.3,30398,-0.03,1067.0,0.79,0.0,5726.5,-,ONH
2025-03-10,2025-03,2,-1,10.5,45.8,6108,0.07,582.0,0.8,0.0,5755.0,ONH,dP
2025-03-10,2025-03,3,1,12.5,61.2,5986,0.07,479.0,0.79,0.0,5744.5,dP,ONH
2025-03-10,2025-03,4,-1,15.75,87.3,10107,0.03,642.0,0.8,0.0,5757.0,ONH,-
2025-03-10,2025-03,5,1,12.5,74.2,9463,0.04,757.0,0.81,0.0,5741.25,-,-
2025-03-10,2025-03,7,-1,11.5,16.1,3389,0.09,295.0,0.83,0.0,5753.75,-,-
2025-03-10,2025-03,7,1,8.5,15.9,2770,0.02,326.0,0.83,0.0,5742.25,-,-
2025-03-10,2025-03,7,-1,25.75,39.8,17541,0.08,681.0,0.84,0.0,5750.75,-,-
2025-03-10,2025-03,8,1,8.75,10.2,5359,0.05,612.0,0.88,0.0,5725.0,-,-
2025-03-10,2025-03,8,-1,30.75,32.6,24186,0.1,787.0,0.85,0.0,5733.75,-,"dS1,ONL"
2025-03-10,2025-03,9,1,12.75,6.8,4031,0.15,316.0,0.85,0.0,5703.0,"dS1,ONL",-
2025-03-10,2025-03,9,-1,10.75,6.5,2493,0.09,232.0,0.86,0.0,5715.75,-,ONL
2025-03-10,2025-03,9,1,26.25,33.9,16943,0.08,645.0,0.84,0.0,5705.0,ONL,-
2025-03-10,2025-03,9,-1,17.25,9.4,5655,0.15,328.0,0.84,0.0,5731.25,-,-
2025-03-10,2025-03,9,1,10.75,3.5,2362,0.19,220.0,0.84,0.0,5714.0,-,-
2025-03-10,2025-03,10,-1,18.75,48.5,20490,0.01,1093.0,0.85,0.0,5724.75,-,VW-2s
2025-03-10,2025-03,10,1,10.5,13.7,6579,0.11,627.0,0.81,0.0,5706.0,VW-2s,-
2025-03-10,2025-03,11,-1,13.0,2.0,3177,0.2,244.0,0.86,0.0,5716.5,-,"dS1,VW-2s,ONL"
2025-03-10,2025-03,11,1,19.5,21.1,12012,0.08,616.0,0.84,0.0,5703.5,"dS1,VW-2s,ONL",-
2025-03-10,2025-03,11,-1,31.5,46.6,29909,0.09,949.0,0.79,0.0,5723.0,-,ONL
2025-03-10,2025-03,12,1,12.0,9.1,8847,0.13,737.0,0.79,0.0,5691.5,ONL,dS1
2025-03-10,2025-03,12,-1,16.0,14.1,14458,0.09,904.0,0.76,0.0,5703.5,dS1,ONL
2025-03-11,2025-03,22,1,5.25,4.8,2774,0.06,528.0,0.75,0.0,5620.5,"VWAP,VW2s,VW-2s,VW3s,VW-3s,ONH,ONL","VW2s,ONH"
2025-03-11,2025-03,22,-1,20.0,7.2,4832,0.13,242.0,0.73,0.0,5625.75,"VW2s,ONH","VW-2s,ONL"
2025-03-11,2025-03,22,1,19.0,29.0,17055,-0.0,898.0,0.73,0.0,5605.75,"VW-2s,ONL","VW2s,ONH"
2025-03-11,2025-03,22,-1,32.25,39.0,10252,0.12,318.0,0.8,0.0,5624.75,"VW2s,ONH",ONL
2025-03-11,2025-03,23,1,12.25,7.6,2460,0.09,201.0,0.84,0.0,5592.5,ONL,-
2025-03-11,2025-03,23,-1,16.5,3.4,1503,0.15,91.0,0.82,0.0,5604.75,-,"VW-3s,ONL"
2025-03-11,2025-03,23,1,9.25,3.1,1332,0.08,144.0,0.87,0.0,5588.25,"VW-3s,ONL",-
2025-03-11,2025-03,23,-1,13.0,1.4,1014,0.25,78.0,0.84,0.0,5597.5,-,"VW-3s,ONL"
2025-03-11,2025-03,23,1,22.0,24.6,8859,0.1,403.0,0.83,0.0,5584.5,"VW-3s,ONL",-
2025-03-11,2025-03,0,-1,13.0,14.9,5089,0.05,391.0,0.83,0.0,5606.5,-,-
2025-03-11,2025-03,0,1,9.0,7.2,2731,0.09,303.0,0.81,0.0,5593.5,-,-
2025-03-11,2025-03,0,-1,43.5,32.0,17960,0.14,413.0,0.79,0.0,5602.5,-,ONL
2025-03-11,2025-03,0,1,18.5,6.3,5043,0.18,273.0,0.77,0.0,5559.0,ONL,-
2025-03-11,2025-03,1,-1,19.25,7.8,4755,0.17,247.0,0.84,0.0,5577.5,-,ONL
2025-03-11,2025-03,1,1,31.0,43.7,17417,0.01,562.0,0.83,0.0,5558.25,ONL,-
2025-03-11,2025-03,1,-1,10.75,3.4,1459,0.34,136.0,0.79,0.0,5589.25,-,-
2025-03-11,2025-03,1,1,42.25,26.1,12337,0.06,292.0,0.84,0.0,5578.5,-,-
2025-03-11,2025-03,2,-1,16.75,5.2,3337,0.21,199.0,0.81,0.0,5620.75,-,-
2025-03-11,2025-03,2,1,12.5,12.7,4631,0.09,370.0,0.85,0.0,5604.0,-,-
2025-03-11,2025-03,2,-1,11.0,9.6,2378,0.17,216.0,0.82,0.0,5616.5,-,-
2025-03-11,2025-03,2,1,30.75,18.8,9711,0.01,316.0,0.79,0.0,5605.5,-,"dP,VW2s,ONH"
2025-03-11,2025-03,3,-1,9.0,10.2,4621,0.05,513.0,0.79,0.0,5636.25,"dP,VW2s,ONH",pdC
2025-03-11,2025-03,3,1,8.75,0.2,1163,0.06,133.0,0.74,0.0,5627.25,pdC,"dP,ONH"
2025-03-11,2025-03,3,-1,16.0,47.2,7807,0.05,488.0,0.82,0.0,5636.0,"dP,ONH",-
2025-03-11,2025-03,4,1,17.5,28.1,4959,0.01,283.0,0.8,0.0,5620.0,-,"dP,ONH"
2025-03-11,2025-03,4,-1,10.25,32.5,3543,0.04,346.0,0.82,0.0,5637.5,"dP,ONH",pdC
2025-03-11,2025-03,5,1,9.5,28.8,3720,0.04,392.0,0.83,0.0,5627.25,pdC,"dP,ONH"
2025-03-11,2025-03,5,-1,10.75,12.0,1527,0.14,142.0,0.83,0.0,5636.75,"dP,ONH",-
2025-03-11,2025-03,5,1,12.75,34.1,6467,0.01,507.0,0.8,0.0,5626.0,-,"dP,ONH"
2025-03-11,2025-03,6,-1,23.0,81.8,16235,0.04,706.0,0.83,0.0,5638.75,"dP,ONH",-
2025-03-11,2025-03,7,1,31.25,82.7,40697,0.1,1302.0,0.83,0.0,5615.75,-,ONH
2025-03-11,2025-03,9,-1,14.5,58.3,34547,-0.03,2383.0,0.8,0.0,5647.0,ONH,wS1
2025-03-11,2025-03,10,1,12.25,26.5,20835,0.0,1701.0,0.73,0.0,5632.5,wS1,-
2025-03-11,2025-03,10,-1,17.5,38.6,13680,0.04,782.0,0.83,0.0,5644.75,-,pdC
2025-03-11,2025-03,11,1,24.0,51.8,29041,0.09,1210.0,0.76,0.0,5627.25,pdC,ONH
2025-03-11,2025-03,12,-1,26.75,14.2,12627,0.03,472.0,0.81,0.0,5651.25,ONH,-
2025-03-11,2025-03,12,1,16.25,11.4,12268,0.05,755.0,0.79,0.0,5624.5,-,-
2025-03-12,2025-03,22,1,4.0,2.2,1166,0.2,292.0,0.72,0.0,5580.75,"VWAP,VW2s,VW-2s,VW3s,VW-3s,ONH,ONL","dP,VW2s,VW3s,ONH"
2025-03-12,2025-03,22,-1,9.5,2.5,1481,0.18,156.0,0.75,0.0,5584.75,"dP,VW2s,VW3s,ONH","pdC,VW-2s,VW-3s,ONL"
2025-03-12,2025-03,22,1,19.25,53.4,7574,0.09,393.0,0.79,0.0,5575.25,"pdC,VW-2s,VW-3s,ONL","VW2s,ONH"
2025-03-12,2025-03,22,-1,11.75,34.2,4711,0.02,401.0,0.86,0.0,5594.5,"VW2s,ONH",-
2025-03-12,2025-03,23,1,15.75,52.6,6938,0.1,441.0,0.84,0.0,5582.75,-,"VW2s,ONH"
2025-03-12,2025-03,0,-1,12.75,17.1,2976,0.01,233.0,0.85,0.0,5598.5,"VW2s,ONH",dP
2025-03-12,2025-03,0,1,9.0,19.4,2300,0.09,256.0,0.85,0.0,5585.75,dP,-
2025-03-12,2025-03,1,-1,9.25,31.1,3545,-0.0,383.0,0.86,0.0,5594.75,-,dP
2025-03-12,2025-03,1,1,13.0,43.6,5058,0.07,389.0,0.83,0.0,5585.5,dP,"VW2s,ONH"
2025-03-12,2025-03,2,-1,13.5,67.8,5553,0.05,411.0,0.82,0.0,5598.5,"VW2s,ONH",dP
2025-03-12,2025-03,3,1,12.75,153.7,10286,0.04,807.0,0.83,0.0,5585.0,dP,"VW2s,ONH"
2025-03-12,2025-03,5,-1,19.0,62.5,6179,0.14,325.0,0.82,0.0,5597.75,"VW2s,ONH",pdC
2025-03-12,2025-03,7,1,8.0,6.8,1246,0.16,156.0,0.87,0.0,5578.75,pdC,dP
2025-03-12,2025-03,7,-1,9.25,5.7,1517,0.16,164.0,0.85,0.0,5586.75,dP,pdC
2025-03-12,2025-03,7,1,24.75,48.3,11164,0.1,451.0,0.84,0.0,5577.5,pdC,ONH
2025-03-12,2025-03,8,-1,16.25,28.2,11690,0.09,719.0,0.86,0.0,5602.25,ONH,dP
2025-03-12,2025-03,8,1,29.5,64.9,24036,0.05,815.0,0.85,0.0,5586.0,dP,ONH
2025-03-12,2025-03,9,-1,8.5,11.3,3821,0.09,450.0,0.82,0.0,5615.5,ONH,-
2025-03-12,2025-03,9,1,9.75,14.8,4338,0.16,445.0,0.8,0.0,5607.0,-,ONH
2025-03-12,2025-03,10,-1,11.0,16.1,5330,-0.14,485.0,0.81,0.0,5616.75,ONH,-
2025-03-12,2025-03,10,1,21.25,78.1,24007,0.08,1130.0,0.8,0.0,5605.75,-,ONH
2025-03-12,2025-03,11,-1,10.25,37.4,17338,-0.01,1692.0,0.81,0.0,5627.0,ONH,-
2025-03-12,2025-03,12,1,53.75,18.2,19141,0.08,356.0,0.76,0.0,5616.75,-,ONH
2025-03-12,2025-03,12,-1,18.25,0.1,3075,0.16,168.0,0.65,0.0,5670.5,ONH,-
2025-03-12,2025-03,12,1,21.25,0.2,3165,-0.04,149.0,0.75,0.0,5652.25,-,"mS2,ONH"
2025-03-12,2025-03,12,-1,31.25,2.3,21898,0.05,701.0,0.76,0.0,5673.5,"mS2,ONH",pdH
2025-03-12,2025-03,12,1,10.25,0.8,7560,0.2,738.0,0.79,0.0,5642.25,pdH,-
2025-03-12,2025-03,12,-1,15.5,2.5,14375,-0.02,927.0,0.84,0.0,5652.5,-,dR1
2025-03-12,2025-03,12,1,11.0,0.9,4411,0.07,401.0,0.81,0.0,5637.0,dR1,-
2025-03-12,2025-03,12,-1,15.0,2.0,8168,0.1,545.0,0.82,0.0,5648.0,-,wS1
2025-03-12,2025-03,12,1,8.0,0.7,3233,0.12,404.0,0.78,0.0,5633.0,wS1,-
2025-03-12,2025-03,12,-1,11.0,0.7,3443,0.19,313.0,0.78,0.0,5641.0,-,-
2025-03-12,2025-03,12,1,8.75,2.8,7223,0.1,825.0,0.8,0.0,5630.0,-,-
2025-03-12,2025-03,12,-1,13.75,2.4,7130,0.16,519.0,0.79,0.0,5638.75,-,-
2025-03-13,2025-03,22,-1,3.0,1.0,663,-0.02,221.0,0.8,0.0,5598.75,"dP,pdC,VWAP,VW2s,VW-2s,VW3s,VW-3s,ONH,ONL","pdC,VW-2s,VW-3s,ONL"
2025-03-13,2025-03,22,1,27.25,126.8,16082,0.03,590.0,0.8,0.0,5595.75,"pdC,VW-2s,VW-3s,ONL","VW2s,ONH"
2025-03-13,2025-03,0,-1,19.25,91.5,12245,0.01,636.0,0.84,0.0,5623.0,"VW2s,ONH",-
2025-03-13,2025-03,1,1,9.25,32.8,3788,0.08,410.0,0.82,0.0,5603.75,-,VWAP
2025-03-13,2025-03,2,-1,37.25,184.0,28454,0.04,764.0,0.83,0.0,5613.0,VWAP,"VW-2s,ONL"
2025-03-13,2025-03,5,1,8.5,9.0,1409,0.11,166.0,0.87,0.0,5575.75,"VW-2s,ONL",-
2025-03-13,2025-03,5,-1,13.0,14.1,3382,0.07,260.0,0.85,0.0,5584.25,-,ONL
2025-03-13,2025-03,5,1,8.5,21.2,3161,0.11,372.0,0.86,0.0,5571.25,ONL,-
2025-03-13,2025-03,6,-1,16.25,23.9,6403,0.04,394.0,0.84,0.0,5579.75,-,"VW-2s,ONL"
2025-03-13,2025-03,6,1,21.25,29.1,6420,0.11,302.0,0.85,0.0,5563.5,"VW-2s,ONL",-
2025-03-13,2025-03,6,-1,12.75,17.8,4903,0.03,385.0,0.85,0.0,5584.75,-,-
2025-03-13,2025-03,7,1,13.0,12.8,2860,0.08,220.0,0.86,0.0,5572.0,-,-
2025-03-13,2025-03,7,-1,20.75,36.0,9833,0.02,474.0,0.87,0.0,5585.0,-,ONL
2025-03-13,2025-03,7,1,9.25,4.5,3830,0.1,414.0,0.9,0.0,5564.25,ONL,-
2025-03-13,2025-03,8,-1,9.0,3.8,1939,0.06,215.0,0.91,0.0,5573.5,-,ONL
2025-03-13,2025-03,8,1,9.5,5.4,2423,0.03,255.0,0.91,0.0,5564.5,ONL,-
2025-03-13,2025-03,8,-1,13.75,4.8,3905,0.16,284.0,0.88,0.0,5574.0,-,ONL
2025-03-13,2025-03,8,1,15.75,14.8,7701,0.07,489.0,0.89,0.0,5560.25,ONL,-
2025-03-13,2025-03,8,-1,8.0,7.4,2119,0.04,265.0,0.9,0.0,5576.0,-,-
2025-03-13,2025-03,8,1,13.75,19.6,5377,0.08,391.0,0.88,0.0,5568.0,-,-
2025-03-13,2025-03,9,-1,9.5,8.0,1811,0.08,191.0,0.89,0.0,5581.75,-,-
2025-03-13,2025-03,9,1,37.25,80.1,33622,0.04,903.0,0.83,0.0,5572.25,-,-
2025-03-13,2025-03,10,-1,22.75,60.0,28754,0.05,1264.0,0.83,0.0,5609.5,-,-
2025-03-13,2025-03,11,1,9.5,3.3,4680,0.07,493.0,0.76,0.0,5586.75,-,"dP,pdC"
2025-03-13,2025-03,11,-1,16.0,16.8,9298,0.11,581.0,0.82,0.0,5596.25,"dP,pdC",-
2025-03-13,2025-03,11,1,14.5,9.6,8235,0.04,568.0,0.8,0.0,5580.25,-,-
2025-03-13,2025-03,11,-1,11.5,1.0,4915,0.2,427.0,0.75,0.0,5594.75,-,-
2025-03-13,2025-03,11,1,8.25,0.8,5703,0.07,691.0,0.83,0.0,5583.25,-,VWAP
2025-03-13,2025-03,11,-1,15.75,14.6,14760,0.0,937.0,0.84,0.0,5591.5,VWAP,-
2025-03-13,2025-03,12,1,26.75,15.8,10814,0.06,404.0,0.84,0.0,5575.75,-,-
2025-03-13,2025-03,12,-1,16.25,2.0,7224,-0.01,445.0,0.81,0.0,5602.5,-,-
2025-03-13,2025-03,12,1,12.0,1.9,3171,0.14,264.0,0.91,0.0,5586.25,-,"dP,pdC"
2025-03-13,2025-03,12,-1,10.25,5.1,7821,0.02,763.0,0.85,0.0,5598.25,"dP,pdC",VWAP
2025-03-13,2025-03,12,1,8.75,2.7,3735,0.19,427.0,0.82,0.0,5588.0,VWAP,"dP,pdC"
2025-03-13,2025-03,12,-1,11.75,6.7,8632,0.09,735.0,0.8,0.0,5596.75,"dP,pdC",-
2025-03-14,2025-03,22,-1,1.0,0.0,207,-0.16,207.0,0.71,0.0,5540.0,"VWAP,VW2s,VW-2s,VW3s,VW-3s,ONH,ONL","pdC,VWAP,VW2s,VW-2s,VW3s,VW-3s,ONH,ONL"
2025-03-14,2025-03,22,1,12.5,14.2,5264,0.03,421.0,0.8,0.0,5539.0,"pdC,VWAP,VW2s,VW-2s,VW3s,VW-3s,ONH,ONL","dP,VW2s,ONH"
2025-03-14,2025-03,22,-1,8.25,12.3,3317,0.18,402.0,0.78,0.0,5551.5,"dP,VW2s,ONH",-
2025-03-14,2025-03,22,1,14.75,47.1,7872,0.06,534.0,0.83,0.0,5543.25,-,"VW2s,ONH"
2025-03-14,2025-03,23,-1,10.5,48.4,7428,0.05,707.0,0.85,0.0,5558.0,"VW2s,ONH",-
2025-03-14,2025-03,0,1,19.25,41.9,28122,0.1,1461.0,0.76,0.0,5547.5,-,"VW2s,ONH"
2025-03-14,2025-03,0,-1,8.0,48.0,16478,-0.01,2060.0,0.81,0.0,5566.75,"VW2s,ONH",VWAP
2025-03-14,2025-03,1,1,13.75,223.6,21545,0.06,1567.0,0.85,0.0,5558.75,VWAP,"VW2s,ONH"
2025-03-14,2025-03,5,-1,16.0,78.8,7575,0.04,473.0,0.86,0.0,5572.5,"VW2s,ONH",-
2025-03-14,2025-03,6,1,8.5,14.3,1459,0.1,172.0,0.86,0.0,5556.5,-,-
2025-03-14,2025-03,6,-1,11.75,45.4,6433,0.08,547.0,0.88,0.0,5565.0,-,-
2025-03-14,2025-03,7,1,10.75,12.4,1692,0.22,157.0,0.87,0.0,5553.25,-,-
2025-03-14,2025-03,7,-1,11.0,13.8,2518,0.08,229.0,0.89,0.0,5564.0,-,-
2025-03-14,2025-03,8,1,18.75,27.5,8660,0.08,462.0,0.9,0.0,5553.0,-,"VW2s,ONH"
2025-03-14,2025-03,8,-1,8.5,8.6,2937,0.06,346.0,0.88,0.0,5571.75,"VW2s,ONH",-
2025-03-14,2025-03,8,1,10.5,48.0,8245,0.08,785.0,0.89,0.0,5563.25,-,"VW2s,ONH"
2025-03-14,2025-03,9,-1,15.25,71.7,25685,-0.01,1684.0,0.84,0.0,5573.75,"VW2s,ONH",-
2025-03-14,2025-03,10,1,20.5,18.2,12696,0.14,619.0,0.85,0.0,5558.5,-,ONH
2025-03-14,2025-03,10,-1,14.25,25.6,9125,0.07,640.0,0.88,0.0,5579.0,ONH,VWAP
2025-03-14,2025-03,11,1,23.25,72.6,29351,0.07,1262.0,0.83,0.0,5564.75,VWAP,ONH
2025-03-17,2025-03,22,-1,1.75,0.1,264,-0.03,151.0,0.78,0.0,5625.25,"VWAP,VW2s,VW-2s,VW3s,VW-3s,ONH,ONL","VWAP,VW-2s,VW-3s,ONH,ONL"
2025-03-17,2025-03,22,1,8.25,0.8,675,0.29,82.0,0.81,0.0,5623.5,"VWAP,VW-2s,VW-3s,ONH,ONL","VW2s,ONH"
2025-03-17,2025-03,22,-1,29.25,70.7,18096,0.04,619.0,0.86,0.0,5631.75,"VW2s,ONH",ONL
2025-03-17,2025-03,23,1,15.25,158.2,27617,0.04,1811.0,0.82,0.0,5602.5,ONL,wP
2025-03-17,2025-03,1,-1,18.75,333.3,20545,0.02,1096.0,0.87,0.0,5617.75,wP,ONL
2025-03-17,2025-03,7,1,35.5,237.3,45787,0.07,1290.0,0.87,0.0,5599.0,ONL,"VW3s,ONH"
2025-03-17,2025-03,11,-1,17.5,69.7,27542,-0.0,1574.0,0.85,0.0,5634.5,"VW3s,ONH","wP,VWAP"
2025-03-17,2025-03,12,1,32.0,12.3,15950,0.15,498.0,0.83,0.0,5617.0,"wP,VWAP","pdH,ONH"
2025-03-18,2025-03,22,1,6.25,46.6,10894,-0.02,1743.0,0.76,0.0,5679.5,"pdC,VWAP,VW2s,VW-2s,VW3s,VW-3s,ONH,ONL","VW2s,VW3s,ONH"
2025-03-18,2025-03,22,-1,30.25,356.8,37545,0.03,1241.0,0.82,0.0,5685.75,"VW2s,VW3s,ONH","VW-3s,ONL"
2025-03-18,2025-03,4,1,27.75,236.5,10459,0.1,377.0,0.92,0.0,5655.5,"VW-3s,ONL",-
2025-03-18,2025-03,8,-1,9.25,7.2,1015,0.09,110.0,0.91,0.0,5683.25,-,"dP,mS2,VWAP"
2025-03-18,2025-03,8,1,9.0,31.9,2407,0.09,267.0,0.92,0.0,5674.0,"dP,mS2,VWAP",-
2025-03-18,2025-03,9,-1,29.5,57.5,25123,-0.0,852.0,0.82,0.0,5683.0,-,"VW-3s,ONL"
2025-03-18,2025-03,10,1,12.5,11.6,3923,-0.08,314.0,0.9,0.0,5653.5,"VW-3s,ONL",-
2025-03-18,2025-03,10,-1,9.5,5.6,2486,0.08,262.0,0.83,0.0,5666.0,-,VW-2s
2025-03-18,2025-03,10,1,15.25,39.6,5591,0.01,367.0,0.92,0.0,5656.5,VW-2s,"dP,VWAP"
2025-03-18,2025-03,11,-1,14.75,28.3,3540,0.04,240.0,0.92,0.0,5671.75,"dP,VWAP",VW-2s
2025-03-18,2025-03,11,1,14.75,16.0,1496,0.17,101.0,0.94,0.0,5657.0,VW-2s,"dP,VWAP"
2025-03-18,2025-03,11,-1,11.0,13.0,1311,0.07,119.0,0.93,0.0,5671.75,"dP,VWAP",-
2025-03-18,2025-03,12,1,10.0,21.3,1748,0.09,175.0,0.93,0.0,5660.75,-,VWAP
2025-03-19,2025-03,22,1,0.5,0.0,5,0.4,10.0,0.74,0.0,5619.0,"pdC,VWAP,VW2s,VW-2s,VW3s,VW-3s,ONH,ONL","pdC,VWAP,VW2s,VW-2s,VW3s,VW-3s,ONH,ONL"
2025-03-19,2025-03,22,-1,10.0,29.8,7800,-0.02,780.0,0.73,0.0,5619.5,"pdC,VWAP,VW2s,VW-2s,VW3s,VW-3s,ONH,ONL","VW-2s,ONL"
2025-03-19,2025-03,22,1,28.5,142.2,22867,-0.03,802.0,0.79,0.0,5609.5,"VW-2s,ONL","VW2s,ONH"
2025-03-19,2025-03,0,-1,15.75,262.1,16330,0.0,1037.0,0.84,0.0,5638.0,"VW2s,ONH",-
2025-03-19,2025-03,5,1,8.0,21.1,677,0.14,85.0,0.83,0.0,5622.25,-,-
2025-03-19,2025-03,5,-1,16.75,99.1,2586,0.29,154.0,0.85,0.0,5630.25,-,-
2025-03-19,2025-03,7,1,9.25,14.6,463,-0.0,50.0,0.95,0.0,5613.5,-,-
2025-03-19,2025-03,7,-1,16.25,15.4,963,0.2,59.0,0.93,0.0,5622.75,-,ONL
2025-03-19,2025-03,7,1,21.5,52.0,3621,0.12,168.0,0.94,0.0,5606.5,ONL,dP
2025-03-19,2025-03,8,-1,10.75,40.6,6505,-0.05,605.0,0.85,0.0,5628.0,dP,"wP,pdC"
2025-03-19,2025-03,9,1,20.25,147.8,15533,-0.07,767.0,0.86,0.0,5617.25,"wP,pdC",ONH
2025-03-19,2025-03,11,-1,10.0,11.8,1297,0.23,130.0,0.89,0.0,5637.5,ONH,dP
2025-03-19,2025-03,11,1,8.25,2.5,922,0.23,112.0,0.89,0.0,5627.5,dP,-
2025-03-20,2025-03,22,1,79.25,318.1,21516,0.05,271.0,0.84,0.0,5680.5,"VWAP,VW2s,VW-2s,VW3s,VW-3s,ONH,ONL",ONH
2025-03-20,2025-03,3,-1,11.0,269.2,18687,0.01,1699.0,0.82,0.0,5759.75,ONH,VWAP
2025-03-20,2025-03,7,1,9.0,43.1,10486,0.07,1165.0,0.84,0.0,5748.75,VWAP,ONH
2025-03-20,2025-03,8,-1,75.0,110.8,64245,0.08,857.0,0.81,0.0,5757.75,ONH,-
2025-03-20,2025-03,10,1,13.5,6.2,8530,0.08,632.0,0.87,0.0,5682.75,-,-
2025-03-20,2025-03,10,-1,10.5,4.4,6075,-0.01,579.0,0.89,0.0,5696.25,-,-
2025-03-20,2025-03,10,1,10.0,3.0,2680,0.16,268.0,0.87,0.0,5685.75,-,-
2025-03-20,2025-03,10,-1,12.25,8.4,8063,0.03,658.0,0.88,0.0,5695.75,-,-
2025-03-20,2025-03,10,1,26.25,37.8,20569,0.06,784.0,0.86,0.0,5683.5,-,-
2025-03-20,2025-03,11,-1,14.0,11.3,5467,0.13,390.0,0.85,0.0,5709.75,-,-
2025-03-20,2025-03,11,1,16.25,19.9,8481,0.16,522.0,0.83,0.0,5695.75,-,-
2025-03-21,2025-03,22,1,3.5,39.1,2859,0.13,817.0,0.74,0.0,5716.25,"pdC,VWAP,VW2s,VW-2s,VW3s,VW-3s,ONH,ONL","VW2s,VW3s,ONH"
2025-03-21,2025-03,22,-1,13.25,51.5,5012,0.04,378.0,0.76,0.0,5719.75,"VW2s,VW3s,ONH",ONL
2025-03-21,2025-03,23,1,17.25,129.3,12803,0.02,742.0,0.79,0.0,5706.5,ONL,"dP,wR1,VW2s,ONH"
2025-03-21,2025-03,1,-1,24.0,250.1,21134,0.01,881.0,0.81,0.0,5723.75,"dP,wR1,VW2s,ONH","VW-3s,ONL"
2025-03-21,2025-03,5,1,17.25,70.5,7657,0.13,444.0,0.79,0.0,5699.75,"VW-3s,ONL",pdC
2025-03-21,2025-03,7,-1,19.5,44.0,7041,0.09,361.0,0.8,0.0,5717.0,pdC,ONL
2025-03-21,2025-03,7,1,13.75,23.3,7180,0.11,522.0,0.82,0.0,5697.5,ONL,VWAP
2025-03-21,2025-03,8,-1,27.0,36.4,16654,0.1,617.0,0.84,0.0,5711.25,VWAP,"pdL,ONL"
2025-03-21,2025-03,8,1,20.5,91.1,25157,0.02,1227.0,0.85,0.0,5684.25,"pdL,ONL",VWAP
2025-03-21,2025-03,10,-1,15.5,24.0,6683,0.0,431.0,0.82,0.0,5704.75,VWAP,-
2025-03-21,2025-03,10,1,12.5,63.1,12637,0.05,1011.0,0.85,0.0,5689.25,-,VWAP
2025-03-21,2025-03,11,-1,9.5,12.4,3123,0.1,329.0,0.81,0.0,5701.75,VWAP,-
2025-03-21,2025-03,11,1,10.75,19.7,6274,0.05,584.0,0.83,0.0,5692.25,-,VWAP
2025-03-21,2025-03,12,-1,35.5,29.5,25646,0.12,722.0,0.79,0.0,5703.0,VWAP,ONL
2025-03-21,2025-03,12,1,8.5,5.6,9616,0.12,1131.0,0.77,0.0,5667.5,ONL,mS2
2025-03-24,2025-03,22,-1,2.25,0.0,1024,-0.1,455.0,0.67,0.0,5743.25,"dR1,VWAP,VW2s,VW-2s,VW3s,VW-3s,ONH,ONL","VWAP,VW-2s,VW-3s,ONL"
2025-03-24,2025-03,22,1,13.25,2.6,5572,0.11,421.0,0.69,0.0,5741.0,"VWAP,VW-2s,VW-3s,ONL","VW2s,ONH"
2025-03-24,2025-03,22,-1,13.25,60.9,19630,-0.02,1482.0,0.73,0.0,5754.25,"VW2s,ONH","VW-2s,ONL"
2025-03-24,2025-03,23,1,39.5,611.5,93771,0.09,2374.0,0.77,0.0,5741.0,"VW-2s,ONL","VW2s,ONH"
2025-03-24,2025-03,9,-1,12.0,20.6,9890,0.09,824.0,0.76,0.0,5780.5,"VW2s,ONH",dR2
2025-03-25,2025-03,22,1,0.75,0.6,266,0.45,355.0,0.68,0.0,5814.25,"pdC,VWAP,VW2s,VW-2s,VW3s,VW-3s,ONH,ONL","pdC,VWAP,VW2s,VW-2s,VW3s,VW-3s,ONH,ONL"
2025-03-25,2025-03,22,-1,8.25,136.3,11444,0.01,1387.0,0.71,0.0,5815.0,"pdC,VWAP,VW2s,VW-2s,VW3s,VW-3s,ONH,ONL","dP,VW-2s,VW-3s,ONL"
2025-03-25,2025-03,0,1,9.25,56.4,12770,0.11,1381.0,0.69,0.0,5806.75,"dP,VW-2s,VW-3s,ONL","VW2s,VW3s,ONH"
2025-03-25,2025-03,1,-1,11.5,316.8,20699,0.01,1800.0,0.74,0.0,5816.0,"VW2s,VW3s,ONH","dP,VW-2s,VW-3s,ONL"
2025-03-25,2025-03,6,1,9.25,38.2,3539,0.16,383.0,0.71,0.0,5804.5,"dP,VW-2s,VW-3s,ONL","pdC,VW2s"
2025-03-25,2025-03,7,-1,11.5,71.1,15646,-0.01,1361.0,0.81,0.0,5813.75,"pdC,VW2s","VW-2s,VW-3s,ONL"
2025-03-25,2025-03,8,1,31.75,257.5,81276,0.1,2560.0,0.76,0.0,5802.25,"VW-2s,VW-3s,ONL","dR1,ONH"
2025-03-26,2025-03,22,1,4.25,162.8,12922,0.04,3040.0,0.73,0.0,5832.25,"pdC,VWAP,VW2s,VW-2s,VW3s,VW-3s,ONH,ONL","pdH,VW2s,VW3s,ONH"
2025-03-26,2025-03,0,-1,19.25,352.2,25746,0.05,1337.0,0.74,0.0,5836.5,"pdH,VW2s,VW3s,ONH","dS1,mS1,ONL"
2025-03-26,2025-03,6,1,11.25,62.6,6037,0.09,537.0,0.75,0.0,5817.25,"dS1,mS1,ONL",VWAP
2025-03-26,2025-03,7,-1,14.75,142.6,30492,0.06,2067.0,0.82,0.0,5828.5,VWAP,"dS1,VW-2s,ONL"
2025-03-26,2025-03,10,1,17.0,111.9,26684,0.05,1570.0,0.76,0.0,5813.75,"dS1,VW-2s,ONL",pdC
2025-03-26,2025-03,11,-1,8.5,40.2,12409,0.04,1460.0,0.76,0.0,5830.75,pdC,VWAP
2025-03-27,2025-03,22,1,21.75,7.4,8823,0.02,406.0,0.79,0.0,5730.75,"VWAP,VW2s,VW-2s,VW3s,VW-3s,ONH,ONL","VW2s,ONH"
2025-03-27,2025-03,22,-1,20.0,20.6,8569,0.12,428.0,0.73,0.0,5752.5,"VW2s,ONH","VW-2s,ONL"
2025-03-27,2025-03,22,1,39.25,434.5,55217,0.04,1407.0,0.78,0.0,5732.5,"VW-2s,ONL","VW2s,ONH"
2025-03-27,2025-03,5,-1,8.5,17.7,3016,0.23,355.0,0.74,0.0,5771.75,"VW2s,ONH",-
2025-03-27,2025-03,6,1,9.5,23.4,4897,0.02,515.0,0.78,0.0,5763.25,-,"VW2s,ONH"
2025-03-27,2025-03,6,-1,29.75,106.8,27015,0.1,908.0,0.83,0.0,5772.75,"VW2s,ONH",pdL
2025-03-27,2025-03,8,1,26.75,114.8,31062,-0.01,1161.0,0.87,0.0,5743.0,pdL,-
2025-03-27,2025-03,10,-1,18.5,54.9,10712,0.07,579.0,0.85,0.0,5769.75,-,-
2025-03-27,2025-03,11,1,9.0,7.8,2394,0.13,266.0,0.86,0.0,5751.25,-,-
2025-03-27,2025-03,11,-1,15.5,20.7,6122,0.16,395.0,0.85,0.0,5760.25,-,pdL
2025-03-27,2025-03,11,1,14.25,29.8,10773,0.07,756.0,0.81,0.0,5744.75,pdL,-
2025-03-27,2025-03,11,-1,9.5,29.3,9959,0.08,1048.0,0.83,0.0,5759.0,-,-
2025-03-27,2025-03,12,1,11.5,8.3,7980,0.11,694.0,0.8,0.0,5749.5,-,-
2025-03-28,2025-03,22,1,3.25,3.2,801,0.16,246.0,0.8,0.0,5741.25,"pdC,VWAP,VW2s,VW-2s,VW3s,VW-3s,ONH,ONL","VW2s,VW3s,ONH"
2025-03-28,2025-03,22,-1,16.0,121.3,9314,0.04,582.0,0.76,0.0,5744.5,"VW2s,VW3s,ONH","VW-2s,ONL"
2025-03-28,2025-03,0,1,19.25,378.3,35579,-0.01,1848.0,0.79,0.0,5728.5,"VW-2s,ONL","dP,VW2s,ONH"
2025-03-28,2025-03,6,-1,35.75,93.2,24677,0.07,690.0,0.81,0.0,5747.75,"dP,VW2s,ONH","VW-3s,ONL"
2025-03-28,2025-03,7,1,11.25,14.1,8866,0.13,788.0,0.86,0.0,5712.0,"VW-3s,ONL",-
2025-03-28,2025-03,8,-1,10.25,25.1,7710,0.07,752.0,0.89,0.0,5723.25,-,"dS1,VW-2s,ONL"
2025-03-28,2025-03,8,1,17.25,62.9,19180,0.03,1112.0,0.82,0.0,5713.0,"dS1,VW-2s,ONL",VWAP
2025-03-28,2025-03,9,-1,8.5,15.2,4233,0.1,498.0,0.82,0.0,5730.25,VWAP,pdL
2025-03-28,2025-03,9,1,17.75,49.5,11764,0.02,663.0,0.84,0.0,5721.75,pdL,pdC
2025-03-28,2025-03,10,-1,13.75,54.0,12581,0.07,915.0,0.83,0.0,5739.5,pdC,-
2025-03-28,2025-03,11,1,9.5,27.0,6352,0.07,669.0,0.86,0.0,5725.75,-,-
2025-04-01,2025-04,0,1,0.25,0.1,132,-0.35,528.0,0.94,0.0,5635.0,"VWAP,VW2s,VW-2s,VW3s,VW-3s,ONH,ONL","VWAP,VW2s,VW-2s,VW3s,VW-3s,ONH,ONL"
2025-04-01,2025-04,0,-1,15.5,68.9,16693,0.02,1077.0,0.82,0.0,5635.25,"VWAP,VW2s,VW-2s,VW3s,VW-3s,ONH,ONL","VW-2s,ONL"
2025-04-01,2025-04,1,1,22.0,111.9,17435,0.03,792.0,0.81,0.0,5619.75,"VW-2s,ONL","VW2s,ONH"
2025-04-01,2025-04,3,-1,13.75,64.9,7771,0.11,565.0,0.77,0.0,5641.75,"VW2s,ONH",-
2025-04-01,2025-04,4,1,14.0,75.5,8253,0.01,590.0,0.79,0.0,5628.0,-,"VW2s,ONH"
2025-04-01,2025-04,5,-1,10.25,42.5,4918,0.05,480.0,0.81,0.0,5642.0,"VW2s,ONH",VWAP
2025-04-01,2025-04,6,1,29.5,64.4,16920,0.06,574.0,0.84,0.0,5631.75,VWAP,"VW3s,ONH"
2025-04-01,2025-04,7,-1,24.25,52.5,17772,0.1,733.0,0.86,0.0,5661.25,"VW3s,ONH",VWAP
2025-04-01,2025-04,8,1,26.25,109.2,31428,0.1,1197.0,0.81,0.0,5637.0,VWAP,"VW2s,ONH"
2025-04-01,2025-04,9,-1,40.0,43.9,28907,0.11,723.0,0.82,0.0,5663.25,"VW2s,ONH",-
2025-04-01,2025-04,10,1,17.5,16.4,9946,0.14,568.0,0.82,0.0,5623.25,-,VWAP
2025-04-01,2025-04,10,-1,22.75,47.7,22820,0.07,1003.0,0.84,0.0,5640.75,VWAP,"VW-2s,ONL"
2025-04-01,2025-04,11,1,17.25,38.7,19778,0.07,1147.0,0.85,0.0,5618.0,"VW-2s,ONL",-
2025-04-01,2025-04,12,-1,12.25,6.1,4255,0.14,347.0,0.83,0.0,5635.25,-,-
2025-04-02,2025-04,22,1,22.75,11.2,5836,0.3,257.0,0.68,0.0,5671.75,"pdC,VWAP,VW2s,VW-2s,VW3s,VW-3s,ONH,ONL","pdH,VW2s,ONH"
2025-04-02,2025-04,22,-1,11.0,5.3,2133,0.08,194.0,0.83,0.0,5694.5,"pdH,VW2s,ONH",VWAP
2025-04-02,2025-04,22,1,8.25,9.2,2576,0.15,312.0,0.7,0.0,5683.5,VWAP,-
2025-04-02,2025-04,22,-1,29.0,120.2,20341,0.09,701.0,0.79,0.0,5691.75,-,ONL
2025-04-02,2025-04,0,1,9.25,87.5,10211,-0.01,1104.0,0.85,0.0,5662.75,ONL,pdC
2025-04-02,2025-04,1,-1,11.0,247.5,19585,0.1,1780.0,0.78,0.0,5672.0,pdC,ONL
2025-04-02,2025-04,6,1,10.5,19.1,3057,0.15,291.0,0.8,0.0,5661.0,ONL,"pdC,VWAP"
2025-04-02,2025-04,6,-1,19.25,107.2,26388,0.11,1371.0,0.85,0.0,5671.5,"pdC,VWAP","VW-2s,ONL"
2025-04-02,2025-04,8,1,13.75,35.5,7963,0.01,579.0,0.87,0.0,5652.25,"VW-2s,ONL",-
2025-04-02,2025-04,8,-1,25.0,80.3,18568,0.13,743.0,0.83,0.0,5666.0,-,ONL
2025-04-02,2025-04,10,1,12.75,15.0,7316,0.12,574.0,0.85,0.0,5641.0,ONL,dP
2025-04-02,2025-04,10,-1,31.5,111.9,49112,0.0,1559.0,0.83,0.0,5653.75,dP,ONL
2025-04-02,2025-04,12,1,9.25,5.1,6224,0.11,673.0,0.8,0.0,5622.25,ONL,-
2025-04-02,2025-04,12,-1,19.0,14.8,18252,-0.03,961.0,0.81,0.0,5631.5,-,ONL
2025-04-03,2025-04,22,-1,13.25,0.2,3078,0.19,232.0,0.8,0.0,5538.25,"VWAP,VW2s,VW-2s,VW3s,VW-3s,ONH,ONL","wS1,VW-2s,ONL"
2025-04-03,2025-04,22,1,23.0,0.3,2030,0.13,88.0,0.83,0.0,5525.0,"wS1,VW-2s,ONL",ONH
2025-04-03,2025-04,22,-1,30.0,0.3,1758,0.44,59.0,0.79,0.0,5548.0,ONH,"VW-2s,ONL"
2025-04-03,2025-04,22,1,24.25,0.9,2963,-0.12,122.0,0.85,0.0,5518.0,"VW-2s,ONL",-
2025-04-03,2025-04,22,-1,15.5,0.4,1610,0.12,104.0,0.83,0.0,5542.25,-,-
2025-04-03,2025-04,22,1,9.0,0.4,944,0.03,105.0,0.87,0.0,5526.75,-,-
2025-04-03,2025-04,22,-1,9.0,0.2,462,0.13,51.0,0.83,0.0,5535.75,-,-
2025-04-03,2025-04,22,1,15.0,1.0,1533,0.14,102.0,0.83,0.0,5526.75,-,-
2025-04-03,2025-04,22,-1,29.75,4.4,7469,0.13,251.0,0.83,0.0,5541.75,-,ONL
2025-04-03,2025-04,22,1,13.0,0.8,1606,0.2,124.0,0.81,0.0,5512.0,ONL,wS1
2025-04-03,2025-04,22,-1,16.5,2.2,2586,0.11,157.0,0.8,0.0,5525.0,wS1,"dS1,ONL"
2025-04-03,2025-04,22,1,11.0,2.9,3163,0.16,288.0,0.83,0.0,5508.5,"dS1,ONL",-
2025-04-03,2025-04,22,-1,36.5,7.4,12512,0.15,343.0,0.81,0.0,5519.5,-,ONL
2025-04-03,2025-04,22,1,28.5,4.0,7432,0.08,261.0,0.83,0.0,5483.0,ONL,-
2025-04-03,2025-04,22,-1,13.0,2.0,1846,0.19,142.0,0.85,0.0,5511.5,-,-
2025-04-03,2025-04,22,1,32.0,9.8,10696,0.12,334.0,0.83,0.0,5498.5,-,-
2025-04-03,2025-04,22,-1,20.0,7.0,6663,0.09,333.0,0.81,0.0,5530.5,-,dS1
2025-04-03,2025-04,22,1,25.0,8.9,6118,0.04,245.0,0.84,0.0,5510.5,dS1,-
2025-04-03,2025-04,22,-1,33.5,11.9,8914,0.16,266.0,0.82,0.0,5535.5,-,-
2025-04-03,2025-04,23,1,22.5,9.6,5432,0.07,241.0,0.84,0.0,5502.0,-,wS1
2025-04-03,2025-04,23,-1,15.0,6.1,2623,0.02,175.0,0.86,0.0,5524.5,wS1,dS1
2025-04-03,2025-04,23,1,9.5,3.8,1674,0.11,176.0,0.85,0.0,5509.5,dS1,-
2025-04-03,2025-04,23,-1,9.5,3.8,1391,0.18,146.0,0.86,0.0,5519.0,-,dS1
2025-04-03,2025-04,23,1,9.75,2.3,979,0.13,100.0,0.86,0.0,5509.5,dS1,-
2025-04-03,2025-04,23,-1,17.5,15.8,4534,0.21,259.0,0.86,0.0,5519.25,-,-
2025-04-03,2025-04,23,1,11.25,3.3,1746,0.14,155.0,0.86,0.0,5501.75,-,-
2025-04-03,2025-04,23,-1,9.0,4.5,2072,0.06,230.0,0.88,0.0,5513.0,-,-
2025-04-03,2025-04,23,1,21.0,12.7,6670,0.13,318.0,0.83,0.0,5504.0,-,wS1
2025-04-03,2025-04,0,-1,8.75,4.2,2256,-0.03,258.0,0.85,0.0,5525.0,wS1,VWAP
2025-04-03,2025-04,0,1,30.25,14.4,9411,0.07,311.0,0.85,0.0,5516.25,VWAP,ONH
2025-04-03,2025-04,0,-1,12.0,3.2,2204,-0.0,184.0,0.88,0.0,5546.5,ONH,-
2025-04-03,2025-04,0,1,20.25,9.9,7175,0.13,354.0,0.86,0.0,5534.5,-,ONH
2025-04-03,2025-04,0,-1,16.25,8.2,4438,0.13,273.0,0.87,0.0,5554.75,ONH,-
2025-04-03,2025-04,0,1,9.25,2.5,1795,0.13,194.0,0.81,0.0,5538.5,-,-
2025-04-03,2025-04,0,-1,19.0,9.3,5950,0.04,313.0,0.83,0.0,5547.75,-,-
2025-04-03,2025-04,0,1,19.75,15.6,6905,0.03,350.0,0.85,0.0,5528.75,-,-
2025-04-03,2025-04,1,-1,9.75,2.5,1271,0.15,130.0,0.82,0.0,5548.5,-,-
2025-04-03,2025-04,1,1,15.25,7.7,3077,0.11,202.0,0.84,0.0,5538.75,-,"VW2s,ONH"
2025-04-03,2025-04,1,-1,13.25,9.8,4217,0.12,318.0,0.83,0.0,5554.0,"VW2s,ONH",-
2025-04-03,2025-04,1,1,23.25,16.9,6814,0.1,293.0,0.84,0.0,5540.75,-,ONH
2025-04-03,2025-04,1,-1,14.5,8.4,3502,0.09,242.0,0.8,0.0,5564.0,ONH,-
2025-04-03,2025-04,1,1,10.5,3.2,1365,0.01,130.0,0.86,0.0,5549.5,-,VW2s
2025-04-03,2025-04,2,-1,10.25,5.4,2123,0.08,207.0,0.82,0.0,5560.0,VW2s,-
2025-04-03,2025-04,2,1,9.0,2.1,1207,0.09,134.0,0.83,0.0,5549.75,-,VW2s
2025-04-03,2025-04,2,-1,13.5,8.7,3092,0.05,229.0,0.83,0.0,5558.75,VW2s,-
2025-04-03,2025-04,2,1,14.75,8.6,2772,0.08,188.0,0.85,0.0,5545.25,-,VW2s
2025-04-03,2025-04,2,-1,10.25,15.3,3176,0.11,310.0,0.84,0.0,5560.0,VW2s,-
2025-04-03,2025-04,2,1,14.25,17.4,4747,0.01,333.0,0.84,0.0,5549.75,-,"VW2s,ONH"
2025-04-03,2025-04,3,-1,15.75,14.7,3405,0.08,216.0,0.84,0.0,5564.0,"VW2s,ONH",-
2025-04-03,2025-04,3,1,10.0,17.5,3022,0.06,302.0,0.85,0.0,5548.25,-,-
2025-04-03,2025-04,3,-1,12.25,11.3,2036,0.03,166.0,0.84,0.0,5558.25,-,-
2025-04-03,2025-04,3,1,18.25,28.2,6286,0.11,344.0,0.84,0.0,5546.0,-,"pdL,ONH"
2025-04-03,2025-04,4,-1,13.5,18.5,4628,-0.04,343.0,0.81,0.0,5564.25,"pdL,ONH",-
2025-04-03,2025-04,4,1,11.0,36.1,5665,0.08,515.0,0.84,0.0,5550.75,-,-
2025-04-03,2025-04,5,-1,22.75,30.1,8341,0.0,367.0,0.83,0.0,5561.75,-,-
2025-04-03,2025-04,5,1,12.75,9.3,2307,0.12,181.0,0.83,0.0,5539.0,-,-
2025-04-03,2025-04,5,-1,19.75,14.4,4639,0.12,235.0,0.82,0.0,5551.75,-,VWAP
2025-04-03,2025-04,6,1,16.25,22.9,9548,0.11,588.0,0.84,0.0,5532.0,VWAP,-
2025-04-03,2025-04,6,-1,8.5,4.1,1468,0.13,173.0,0.85,0.0,5548.25,-,-
2025-04-03,2025-04,6,1,8.0,12.4,4569,-0.03,571.0,0.87,0.0,5539.75,-,-
2025-04-03,2025-04,6,-1,11.5,7.5,2716,0.16,236.0,0.83,0.0,5547.75,-,-
2025-04-03,2025-04,6,1,10.0,2.5,1775,0.05,178.0,0.83,0.0,5536.25,-,-
2025-04-03,2025-04,6,-1,22.0,10.8,6792,0.11,309.0,0.82,0.0,5546.25,-,wS1
2025-04-03,2025-04,7,1,19.75,7.2,5772,0.05,292.0,0.87,0.0,5524.25,wS1,-
2025-04-03,2025-04,7,-1,19.0,12.6,6448,0.1,339.0,0.86,0.0,5544.0,-,wS1
2025-04-03,2025-04,7,1,22.75,6.3,4559,0.0,200.0,0.86,0.0,5525.0,wS1,-
2025-04-03,2025-04,7,-1,21.5,13.2,6518,0.07,303.0,0.85,0.0,5547.75,-,-
2025-04-03,2025-04,7,1,12.75,8.7,3324,-0.02,261.0,0.87,0.0,5526.25,-,-
2025-04-03,2025-04,7,-1,8.25,4.0,2101,0.07,255.0,0.82,0.0,5539.0,-,-
2025-04-03,2025-04,7,1,14.0,6.2,2037,0.09,146.0,0.83,0.0,5530.75,-,-
2025-04-03,2025-04,7,-1,8.25,1.3,900,0.1,109.0,0.83,0.0,5544.75,-,-
2025-04-03,2025-04,8,1,10.25,5.0,2312,0.16,226.0,0.84,0.0,5536.5,-,-
2025-04-03,2025-04,8,-1,8.0,1.7,753,0.22,94.0,0.9,0.0,5546.75,-,-
2025-04-03,2025-04,8,1,17.25,32.1,13282,0.04,770.0,0.84,0.0,5538.75,-,-
2025-04-03,2025-04,8,-1,12.5,10.2,3868,0.1,309.0,0.81,0.0,5556.0,-,-
2025-04-03,2025-04,8,1,12.75,12.6,4706,0.02,369.0,0.84,0.0,5543.5,-,-
2025-04-03,2025-04,9,-1,24.0,27.1,9909,0.04,413.0,0.84,0.0,5556.25,-,-
2025-04-03,2025-04,9,1,9.25,10.8,2562,0.04,277.0,0.85,0.0,5532.25,-,-
2025-04-03,2025-04,9,-1,21.0,26.6,10523,0.06,501.0,0.83,0.0,5541.5,-,-
2025-04-03,2025-04,10,1,9.25,5.5,2461,0.03,266.0,0.86,0.0,5520.5,-,-
2025-04-03,2025-04,10,-1,15.25,3.8,3705,0.13,243.0,0.83,0.0,5529.75,-,-
2025-04-03,2025-04,10,1,8.0,1.9,1026,0.18,128.0,0.83,0.0,5514.5,-,wS1
2025-04-03,2025-04,10,-1,10.75,5.1,2119,0.07,197.0,0.84,0.0,5522.5,wS1,-
2025-04-03,2025-04,10,1,10.5,0.8,781,0.37,74.0,0.8,0.0,5511.75,-,wS1
2025-04-03,2025-04,10,-1,8.75,4.1,2063,-0.01,236.0,0.87,0.0,5522.25,wS1,-
2025-04-03,2025-04,10,1,8.0,4.6,2260,0.09,282.0,0.84,0.0,5513.5,-,-
2025-04-03,2025-04,10,-1,11.25,9.7,4108,0.13,365.0,0.81,0.0,5521.5,-,dS1
2025-04-03,2025-04,10,1,12.5,3.7,2440,0.06,195.0,0.82,0.0,5510.25,dS1,wS1
2025-04-03,2025-04,10,-1,18.5,6.8,7051,0.16,381.0,0.77,0.0,5522.75,wS1,-
2025-04-03,2025-04,10,1,24.5,22.2,16669,0.13,680.0,0.8,0.0,5504.25,-,-
2025-04-03,2025-04,11,-1,20.5,18.5,12275,0.03,599.0,0.8,0.0,5528.75,-,dS1
2025-04-03,2025-04,11,1,16.5,23.6,14202,0.07,861.0,0.82,0.0,5508.25,dS1,wS1
2025-04-03,2025-04,11,-1,13.0,3.8,4238,0.2,326.0,0.77,0.0,5524.75,wS1,-
2025-04-03,2025-04,12,1,26.0,13.1,11262,0.08,433.0,0.91,0.0,5511.75,-,-
2025-04-03,2025-04,12,-1,40.5,34.8,33350,0.1,823.0,0.84,0.0,5537.75,-,VW-2s
2025-04-03,2025-04,12,1,12.0,4.8,8318,0.07,693.0,0.89,0.0,5497.25,VW-2s,dS1
2025-04-04,2025-04,22,-1,2.25,0.1,345,-0.07,153.0,0.81,0.0,5424.25,"VWAP,VW2s,VW-2s,VW3s,VW-3s,ONH,ONL","pdC,VWAP,VW-2s,VW-3s,ONL"
2025-04-04,2025-04,22,1,10.0,4.2,2645,0.18,264.0,0.69,0.0,5422.0,"pdC,VWAP,VW-2s,VW-3s,ONL","VW2s,ONH"
2025-04-04,2025-04,22,-1,24.25,22.8,9194,0.04,379.0,0.79,0.0,5432.0,"VW2s,ONH","mS1,VW-2s,ONL"
2025-04-04,2025-04,22,1,15.25,25.4,5098,0.09,334.0,0.81,0.0,5407.75,"mS1,VW-2s,ONL",pdC
2025-04-04,2025-04,22,-1,10.5,29.7,4902,0.09,467.0,0.85,0.0,5423.0,pdC,-
2025-04-04,2025-04,23,1,22.25,42.7,9965,0.13,448.0,0.84,0.0,5412.5,-,ONH
2025-04-04,2025-04,0,-1,18.0,42.8,9191,0.04,511.0,0.86,0.0,5434.75,ONH,pdL
2025-04-04,2025-04,0,1,12.5,35.2,7051,0.04,564.0,0.84,0.0,5416.75,pdL,-
2025-04-04,2025-04,1,-1,16.25,33.2,7242,0.06,446.0,0.81,0.0,5429.25,-,VW-2s
2025-04-04,2025-04,1,1,12.25,19.7,5620,0.1,459.0,0.78,0.0,5413.0,VW-2s,-
2025-04-04,2025-04,2,-1,34.25,95.7,27528,0.07,804.0,0.79,0.0,5425.25,-,ONL
2025-04-04,2025-04,3,1,13.25,20.6,4672,0.16,353.0,0.83,0.0,5391.0,ONL,-
2025-04-04,2025-04,4,-1,23.5,52.8,12535,0.07,533.0,0.83,0.0,5404.25,-,ONL
2025-04-04,2025-04,5,1,47.75,57.4,22854,0.11,479.0,0.82,0.0,5380.75,ONL,-
2025-04-04,2025-04,6,-1,12.5,20.6,6305,0.07,504.0,0.84,0.0,5428.5,-,pdL
2025-04-04,2025-04,6,1,8.5,5.8,1431,0.04,168.0,0.83,0.0,5416.0,pdL,-
2025-04-04,2025-04,6,-1,21.75,37.7,19599,0.03,901.0,0.82,0.0,5424.5,-,-
2025-04-04,2025-04,7,1,11.5,7.8,5085,0.05,442.0,0.88,0.0,5402.75,-,"pdL,VWAP"
2025-04-04,2025-04,7,-1,9.5,3.1,1922,0.16,202.0,0.86,0.0,5414.25,"pdL,VWAP",-
2025-04-04,2025-04,7,1,10.0,10.5,6287,-0.06,629.0,0.89,0.0,5404.75,-,pdL
2025-04-04,2025-04,7,-1,12.5,5.4,3810,0.14,305.0,0.86,0.0,5414.75,pdL,-
2025-04-04,2025-04,7,1,8.75,4.0,2312,-0.06,264.0,0.89,0.0,5402.25,-,VWAP
2025-04-04,2025-04,7,-1,11.5,6.6,3923,0.14,341.0,0.86,0.0,5411.0,VWAP,-
2025-04-04,2025-04,7,1,9.25,7.2,4424,-0.03,478.0,0.88,0.0,5399.5,-,mS1
2025-04-04,2025-04,7,-1,13.5,10.2,8409,0.02,623.0,0.84,0.0,5408.75,mS1,-
2025-04-04,2025-04,8,1,8.0,2.7,2489,0.08,311.0,0.88,0.0,5395.25,-,-
2025-04-04,2025-04,8,-1,12.25,3.6,2949,0.1,241.0,0.86,0.0,5403.25,-,-
2025-04-04,2025-04,8,1,17.25,20.9,14019,0.04,813.0,0.89,0.0,5391.0,-,"mS1,VWAP"
2025-04-04,2025-04,8,-1,21.5,14.7,10473,0.07,487.0,0.87,0.0,5408.25,"mS1,VWAP",VW-2s
2025-04-04,2025-04,8,1,13.75,11.4,7818,0.07,569.0,0.88,0.0,5386.75,VW-2s,-
2025-04-04,2025-04,8,-1,16.75,11.5,7010,0.08,419.0,0.88,0.0,5400.5,-,VW-2s
2025-04-04,2025-04,9,1,9.5,4.3,2209,0.09,233.0,0.89,0.0,5383.75,VW-2s,-
2025-04-04,2025-04,9,-1,8.25,2.5,1178,0.12,143.0,0.88,0.0,5393.25,-,VW-2s
2025-04-04,2025-04,9,1,10.75,9.8,4400,0.04,409.0,0.87,0.0,5385.0,VW-2s,-
2025-04-04,2025-04,9,-1,16.5,9.8,9864,0.13,598.0,0.82,0.0,5395.75,-,"dS1,VW-2s,ONL"
2025-04-04,2025-04,9,1,16.5,10.0,8688,-0.08,527.0,0.87,0.0,5379.25,"dS1,VW-2s,ONL",-
2025-04-04,2025-04,9,-1,11.5,15.4,9283,0.03,807.0,0.86,0.0,5395.75,-,-
2025-04-04,2025-04,9,1,11.0,6.5,6058,0.02,551.0,0.87,0.0,5384.25,-,-
2025-04-04,2025-04,10,-1,9.0,0.7,739,0.3,82.0,0.82,0.0,5395.25,-,-
2025-04-04,2025-04,10,1,8.0,0.3,1194,-0.04,149.0,0.84,0.0,5386.25,-,-
2025-04-04,2025-04,10,-1,19.5,1.2,14248,0.13,731.0,0.75,0.0,5394.25,-,"VW-2s,ONL"
2025-04-04,2025-04,10,1,11.25,0.7,5613,0.06,499.0,0.78,0.0,5374.75,"VW-2s,ONL",-
2025-04-04,2025-04,10,-1,32.25,3.9,17315,0.05,537.0,0.79,0.0,5386.0,-,"VW-3s,ONL"
2025-04-04,2025-04,10,1,13.0,0.9,4122,-0.01,317.0,0.84,0.0,5353.75,"VW-3s,ONL",VW-2s
2025-04-04,2025-04,10,-1,28.0,7.0,21935,0.06,783.0,0.81,0.0,5366.75,VW-2s,"VW-3s,ONL"
2025-04-04,2025-04,10,1,11.75,0.4,1651,0.25,141.0,0.83,0.0,5338.75,"VW-3s,ONL",-
2025-04-04,2025-04,10,-1,24.0,1.6,6141,0.15,256.0,0.82,0.0,5350.5,-,ONL
2025-04-04,2025-04,10,1,9.25,0.2,1650,0.19,178.0,0.84,0.0,5326.5,ONL,-
2025-04-04,2025-04,10,-1,37.0,2.6,19512,0.1,527.0,0.79,0.0,5335.75,-,ONL
2025-04-04,2025-04,10,1,28.0,1.4,10604,0.05,379.0,0.82,0.0,5298.75,ONL,VW-2s
2025-04-04,2025-04,10,-1,23.75,2.9,13904,0.14,585.0,0.81,0.0,5326.75,VW-2s,-
2025-04-04,2025-04,10,1,8.25,0.5,1598,0.11,194.0,0.86,0.0,5303.0,-,-
2025-04-04,2025-04,10,-1,22.0,1.1,5036,0.15,229.0,0.82,0.0,5311.25,-,"wS3,ONL"
2025-04-04,2025-04,10,1,30.0,1.9,8942,0.14,298.0,0.84,0.0,5289.25,"wS3,ONL",-
2025-04-04,2025-04,10,-1,16.0,1.1,4289,0.17,268.0,0.82,0.0,5319.25,-,-
2025-04-04,2025-04,10,1,12.25,0.3,1711,0.18,140.0,0.81,0.0,5303.25,-,-
2025-04-04,2025-04,10,-1,13.0,1.3,3440,0.03,265.0,0.85,0.0,5315.5,-,-
2025-04-04,2025-04,10,1,14.0,1.3,3859,0.12,276.0,0.83,0.0,5302.5,-,-
2025-04-04,2025-04,10,-1,8.25,0.9,1907,0.01,231.0,0.85,0.0,5316.5,-,-
2025-04-04,2025-04,10,1,11.0,0.9,1523,0.25,138.0,0.86,0.0,5308.25,-,-
2025-04-04,2025-04,10,-1,11.5,0.5,923,0.24,80.0,0.85,0.0,5319.25,-,-
2025-04-04,2025-04,10,1,9.75,0.4,1101,0.16,113.0,0.81,0.0,5307.75,-,-
2025-04-04,2025-04,10,-1,30.0,5.8,11997,0.04,400.0,0.85,0.0,5317.5,-,"wS3,ONL"
2025-04-04,2025-04,10,1,8.5,0.3,880,0.15,104.0,0.82,0.0,5287.5,"wS3,ONL",-
2025-04-04,2025-04,10,-1,13.25,1.2,2659,0.08,201.0,0.82,0.0,5296.0,-,ONL
2025-04-04,2025-04,10,1,12.25,0.7,1932,0.07,158.0,0.83,0.0,5282.75,ONL,VW-2s
2025-04-04,2025-04,10,-1,9.25,1.8,3532,0.09,382.0,0.82,0.0,5295.0,VW-2s,-
2025-04-04,2025-04,10,1,11.0,1.3,2362,0.12,215.0,0.85,0.0,5285.75,-,-
2025-04-04,2025-04,10,-1,33.75,2.9,14635,0.17,434.0,0.75,0.0,5296.75,-,ONL
2025-04-04,2025-04,10,1,10.5,0.2,1059,0.17,101.0,0.83,0.0,5263.0,ONL,-
2025-04-04,2025-04,10,-1,10.5,0.9,3255,-0.04,310.0,0.82,0.0,5273.5,-,ONL
2025-04-04,2025-04,10,1,8.0,1.0,2694,0.1,337.0,0.83,0.0,5263.0,ONL,-
2025-04-04,2025-04,10,-1,9.25,1.0,3138,0.06,339.0,0.8,0.0,5271.0,-,ONL
2025-04-04,2025-04,10,1,18.0,0.9,3320,0.12,184.0,0.83,0.0,5261.75,ONL,-
2025-04-04,2025-04,10,-1,13.25,2.4,5639,0.06,426.0,0.83,0.0,5279.75,-,-
2025-04-04,2025-04,10,1,21.5,2.2,6680,0.03,311.0,0.83,0.0,5266.5,-,wS3
2025-04-04,2025-04,11,-1,8.0,0.8,2131,0.16,266.0,0.81,0.0,5288.0,wS3,-
2025-04-04,2025-04,11,1,11.25,3.5,8311,-0.0,739.0,0.83,0.0,5280.0,-,-
2025-04-04,2025-04,11,-1,23.75,4.2,9696,0.02,408.0,0.83,0.0,5291.25,-,-
2025-04-04,2025-04,11,1,12.0,1.1,2962,0.08,247.0,0.83,0.0,5267.5,-,-
2025-04-04,2025-04,11,-1,12.25,3.8,6293,0.01,514.0,0.86,0.0,5279.5,-,-
2025-04-04,2025-04,11,1,12.75,3.9,7482,0.05,587.0,0.85,0.0,5267.25,-,-
2025-04-04,2025-04,11,-1,68.5,12.5,37413,0.11,546.0,0.78,0.0,5280.0,-,ONL
2025-04-04,2025-04,11,1,23.75,0.7,3864,0.1,163.0,0.83,0.0,5211.5,ONL,VW-2s
2025-04-04,2025-04,11,-1,16.0,1.4,5371,-0.0,336.0,0.82,0.0,5235.25,VW-2s,-
2025-04-04,2025-04,11,1,9.5,0.2,1027,0.22,108.0,0.78,0.0,5219.25,-,-
2025-04-04,2025-04,11,-1,9.25,0.3,1326,0.04,143.0,0.85,0.0,5228.75,-,-
2025-04-04,2025-04,11,1,33.25,2.9,9323,0.14,280.0,0.82,0.0,5219.5,-,dS3
2025-04-04,2025-04,11,-1,8.75,0.8,2571,0.11,294.0,0.82,0.0,5252.75,dS3,-
2025-04-04,2025-04,11,1,17.25,1.8,4815,-0.02,279.0,0.84,0.0,5244.0,-,-
2025-04-04,2025-04,11,-1,24.5,4.3,10199,0.07,416.0,0.82,0.0,5261.25,-,-
2025-04-04,2025-04,11,1,11.25,0.6,1302,0.17,116.0,0.85,0.0,5236.75,-,-
2025-04-04,2025-04,11,-1,16.5,1.1,2587,0.04,157.0,0.85,0.0,5248.0,-,-
2025-04-04,2025-04,11,1,18.75,4.4,9619,0.07,513.0,0.82,0.0,5231.5,-,dS3
2025-04-04,2025-04,11,-1,12.0,0.6,1225,0.26,102.0,0.77,0.0,5250.25,dS3,-
2025-04-04,2025-04,11,1,49.0,9.9,22650,0.02,462.0,0.83,0.0,5238.25,-,wS3
2025-04-04,2025-04,11,-1,10.5,0.4,2313,0.14,220.0,0.77,0.0,5287.25,wS3,-
2025-04-04,2025-04,12,1,9.75,2.1,4517,-0.0,463.0,0.87,0.0,5276.75,-,-
2025-04-04,2025-04,12,-1,14.75,2.1,4457,0.05,302.0,0.84,0.0,5286.5,-,-
2025-04-04,2025-04,12,1,8.5,1.1,2020,0.04,238.0,0.82,0.0,5271.75,-,-
2025-04-04,2025-04,12,-1,14.5,1.2,4119,0.2,284.0,0.72,0.0,5280.25,-,-
2025-04-04,2025-04,12,1,8.0,0.6,1305,0.1,163.0,0.86,0.0,5265.75,-,-
2025-04-04,2025-04,12,-1,17.5,2.4,4989,0.09,285.0,0.83,0.0,5273.75,-,-
2025-04-04,2025-04,12,1,13.5,2.0,3968,-0.03,294.0,0.87,0.0,5256.25,-,-
2025-04-04,2025-04,12,-1,8.25,1.1,2166,0.29,263.0,0.8,0.0,5269.75,-,-
2025-04-04,2025-04,12,1,32.0,2.6,6265,0.12,196.0,0.8,0.0,5261.5,-,-
2025-04-04,2025-04,12,-1,15.5,0.8,2383,0.2,154.0,0.79,0.0,5293.5,-,-
2025-04-04,2025-04,12,1,12.25,0.5,1808,0.11,148.0,0.78,0.0,5278.0,-,wS3
2025-04-04,2025-04,12,-1,20.5,4.0,6898,0.22,336.0,0.82,0.0,5290.25,wS3,-
2025-04-04,2025-04,12,1,17.0,0.9,3237,0.1,190.0,0.79,0.0,5269.75,-,-
2025-04-04,2025-04,12,-1,18.75,2.1,3070,0.1,164.0,0.83,0.0,5286.75,-,-
2025-04-04,2025-04,12,1,9.5,0.5,716,0.28,75.0,0.79,0.0,5268.0,-,-
2025-04-04,2025-04,12,-1,8.5,0.7,559,0.13,66.0,0.86,0.0,5277.5,-,-
2025-04-04,2025-04,12,1,14.0,2.2,3744,-0.03,267.0,0.84,0.0,5269.0,-,-
2025-04-04,2025-04,12,-1,9.0,0.2,810,0.59,90.0,0.55,0.0,5283.0,-,-
2025-04-04,2025-04,12,1,38.0,2.9,5079,0.17,134.0,0.75,0.0,5274.0,-,-
2025-04-04,2025-04,12,-1,25.0,0.1,904,-0.05,36.0,0.82,0.0,5312.0,-,-
2025-04-04,2025-04,12,1,18.25,0.2,1851,0.05,101.0,0.8,0.0,5287.0,-,-
2025-04-04,2025-04,12,-1,25.25,0.7,4708,0.2,186.0,0.73,0.0,5305.25,-,-
2025-04-04,2025-04,12,1,30.75,4.0,14093,0.01,458.0,0.77,0.0,5280.0,-,-
2025-04-04,2025-04,12,-1,47.75,3.9,14318,0.05,300.0,0.78,0.0,5310.75,-,-
2025-04-04,2025-04,12,1,12.75,0.4,1829,0.32,143.0,0.76,0.0,5263.0,-,-
2025-04-04,2025-04,12,-1,11.0,0.6,1135,0.08,103.0,0.82,0.0,5275.75,-,-
2025-04-04,2025-04,12,1,13.25,1.0,1872,-0.0,141.0,0.84,0.0,5264.75,-,-
2025-04-04,2025-04,12,-1,8.75,0.4,536,0.29,61.0,0.81,0.0,5278.0,-,-
2025-04-04,2025-04,12,1,20.25,1.0,2549,0.09,126.0,0.8,0.0,5269.25,-,wS3
2025-04-04,2025-04,12,-1,9.25,1.2,1692,0.07,183.0,0.82,0.0,5289.5,wS3,-
2025-04-04,2025-04,12,1,18.5,1.3,3049,0.13,165.0,0.78,0.0,5280.25,-,-
2025-04-04,2025-04,12,-1,11.25,0.1,1053,0.38,94.0,0.75,0.0,5298.75,-,wS3
2025-04-04,2025-04,12,1,14.0,0.3,1644,0.01,117.0,0.81,0.0,5287.5,wS3,-
2025-04-04,2025-04,12,-1,13.25,0.9,3546,0.16,268.0,0.75,0.0,5301.5,-,wS3
2025-04-04,2025-04,12,1,11.5,0.2,1020,0.45,89.0,0.69,0.0,5288.25,wS3,-
2025-04-04,2025-04,12,-1,9.25,0.7,1583,0.01,171.0,0.81,0.0,5299.75,-,wS3
2025-04-04,2025-04,12,1,8.25,1.0,1713,-0.04,208.0,0.84,0.0,5290.5,wS3,-
2025-04-04,2025-04,12,-1,11.25,0.7,1300,0.17,116.0,0.81,0.0,5298.75,-,wS3
2025-04-04,2025-04,12,1,16.75,0.9,1901,0.14,113.0,0.8,0.0,5287.5,wS3,-
2025-04-04,2025-04,12,-1,18.75,0.7,2785,0.12,149.0,0.81,0.0,5304.25,-,-
2025-04-04,2025-04,12,1,26.0,3.6,11540,-0.11,444.0,0.81,0.0,5285.5,-,-
2025-04-04,2025-04,12,-1,15.5,1.3,2612,0.07,169.0,0.81,0.0,5311.5,-,-
2025-04-04,2025-04,12,1,9.0,1.5,2270,0.09,252.0,0.83,0.0,5296.0,-,-
2025-04-04,2025-04,12,-1,11.0,2.2,2757,0.15,251.0,0.85,0.0,5305.0,-,-
2025-04-07,2025-04,22,1,0.0,0.1,4036,-0.06,16144.0,0.66,0.0,4977.0,"VWAP,VW2s,VW-2s,VW3s,VW-3s,ONH,ONL","VWAP,VW2s,VW-2s,VW3s,VW-3s,ONH,ONL"
2025-04-07,2025-04,22,-1,46.25,0.6,5348,0.25,116.0,0.52,0.0,4977.0,"VWAP,VW2s,VW-2s,VW3s,VW-3s,ONH,ONL",ONL
2025-04-07,2025-04,22,1,16.25,0.1,1954,0.24,120.0,0.57,0.0,4930.75,ONL,-
2025-04-07,2025-04,22,-1,50.75,0.5,6318,0.39,124.0,0.48,0.0,4947.0,-,ONL
2025-04-07,2025-04,22,1,24.5,0.3,2387,0.04,97.0,0.77,0.0,4896.25,ONL,mS3
2025-04-07,2025-04,22,-1,10.0,0.1,627,-0.11,63.0,0.76,0.0,4920.75,mS3,-
2025-04-07,2025-04,22,1,32.75,0.2,1458,0.31,45.0,0.69,0.0,4910.75,-,-
2025-04-07,2025-04,22,-1,59.0,0.5,2079,0.16,35.0,0.75,0.0,4943.5,-,ONL
2025-04-07,2025-04,22,1,20.5,0.1,688,0.09,34.0,0.78,0.0,4884.5,ONL,-
2025-04-07,2025-04,22,-1,73.0,0.4,1940,0.27,27.0,0.77,0.0,4905.0,-,ONL
2025-04-07,2025-04,22,1,56.0,0.5,1894,0.34,34.0,0.7,0.0,4832.0,ONL,-
2025-04-07,2025-04,22,-1,11.5,0.2,1090,0.0,95.0,0.83,0.0,4888.0,-,-
2025-04-07,2025-04,22,1,39.25,0.4,1224,0.29,31.0,0.82,0.0,4876.5,-,dS2
2025-04-07,2025-04,22,-1,49.75,0.5,1799,0.37,36.0,0.74,0.0,4915.75,dS2,-
2025-04-07,2025-04,22,1,26.5,0.1,309,0.28,12.0,0.85,0.0,4866.0,-,-
2025-04-07,2025-04,22,-1,28.75,0.3,739,0.18,26.0,0.87,0.0,4892.5,-,-
2025-04-07,2025-04,22,1,25.75,0.1,296,0.35,11.0,0.84,0.0,4863.75,-,-
2025-04-07,2025-04,22,-1,32.5,0.2,431,0.12,13.0,0.87,0.0,4889.5,-,wS1
2025-04-07,2025-04,22,1,16.0,0.2,524,-0.05,33.0,0.84,0.0,4857.0,wS1,-
2025-04-07,2025-04,22,-1,20.75,0.1,295,0.26,14.0,0.81,0.0,4873.0,-,VW-2s
2025-04-07,2025-04,22,1,10.25,0.0,132,-0.14,13.0,0.96,0.0,4852.25,VW-2s,-
2025-04-07,2025-04,22,-1,22.25,0.2,1350,0.06,61.0,0.72,0.0,4862.5,-,-
2025-04-07,2025-04,22,1,24.75,0.1,1181,0.37,48.0,0.66,0.0,4840.25,-,-
2025-04-07,2025-04,22,-1,24.5,0.1,460,0.37,19.0,0.82,0.0,4865.0,-,-
2025-04-07,2025-04,22,1,21.0,0.2,747,0.01,36.0,0.82,0.0,4840.5,-,-
2025-04-07,2025-04,22,-1,21.0,0.2,699,0.27,33.0,0.75,0.0,4861.5,-,-
2025-04-07,2025-04,22,1,20.25,0.1,446,0.3,22.0,0.8,0.0,4840.5,-,-
2025-04-07,2025-04,22,-1,9.5,0.0,115,-0.01,12.0,0.85,0.0,4860.75,-,-
2025-04-07,2025-04,22,1,23.75,0.2,456,0.04,19.0,0.84,0.0,4851.25,-,-
2025-04-07,2025-04,22,-1,16.0,0.1,225,0.32,14.0,0.81,0.0,4875.0,-,-
2025-04-07,2025-04,22,1,9.25,0.0,141,0.26,15.0,0.83,0.0,4859.0,-,-
2025-04-07,2025-04,22,-1,11.5,0.1,220,0.21,19.0,0.86,0.0,4868.25,-,wS1
2025-04-07,2025-04,22,1,39.5,1.2,3753,0.04,95.0,0.77,0.0,4856.75,wS1,-
2025-04-07,2025-04,22,-1,19.25,0.6,1571,0.26,82.0,0.74,0.0,4896.25,-,-
2025-04-07,2025-04,22,1,33.0,1.2,2725,0.29,83.0,0.7,0.0,4877.0,-,-
2025-04-07,2025-04,22,-1,9.75,0.1,275,0.24,28.0,0.74,0.0,4910.0,-,-
2025-04-07,2025-04,22,1,30.75,1.0,2447,0.3,80.0,0.69,0.0,4900.25,-,-
2025-04-07,2025-04,22,-1,26.5,0.7,2080,0.11,78.0,0.77,0.0,4931.0,-,VWAP
2025-04-07,2025-04,22,1,22.5,0.8,1402,0.35,62.0,0.72,0.0,4904.5,VWAP,-
2025-04-07,2025-04,22,-1,15.0,0.5,925,-0.04,62.0,0.82,0.0,4927.0,-,-
2025-04-07,2025-04,22,1,22.75,0.1,865,0.6,38.0,0.63,0.0,4912.0,-,-
2025-04-07,2025-04,22,-1,38.0,1.2,2666,0.17,70.0,0.8,0.0,4934.75,-,-
2025-04-07,2025-04,22,1,8.5,0.1,327,0.16,38.0,0.77,0.0,4896.75,-,-
2025-04-07,2025-04,22,-1,13.25,0.7,1186,-0.22,90.0,0.8,0.0,4905.25,-,-
2025-04-07,2025-04,22,1,17.5,1.2,2187,0.31,125.0,0.66,0.0,4892.0,-,-
2025-04-07,2025-04,22,-1,16.5,0.5,718,0.14,44.0,0.77,0.0,4909.5,-,-
2025-04-07,2025-04,22,1,21.75,0.7,1705,0.29,78.0,0.71,0.0,4893.0,-,dS2
2025-04-07,2025-04,22,-1,34.5,1.7,2679,0.1,78.0,0.77,0.0,4914.75,dS2,-
2025-04-07,2025-04,22,1,21.75,1.2,1755,0.19,81.0,0.74,0.0,4880.25,-,-
2025-04-07,2025-04,22,-1,15.5,0.8,1321,-0.05,85.0,0.79,0.0,4902.0,-,-
2025-04-07,2025-04,22,1,14.75,2.0,1850,0.24,125.0,0.76,0.0,4886.5,-,-
2025-04-07,2025-04,22,-1,10.5,0.6,459,0.1,44.0,0.78,0.0,4901.25,-,-
2025-04-07,2025-04,22,1,30.0,2.3,5295,0.12,176.0,0.73,0.0,4890.75,-,mS3
2025-04-07,2025-04,22,-1,9.25,0.1,196,0.18,21.0,0.83,0.0,4920.75,mS3,-
2025-04-07,2025-04,22,1,15.75,1.9,2779,0.05,176.0,0.79,0.0,4911.5,-,-
2025-04-07,2025-04,22,-1,43.75,2.4,4791,0.21,110.0,0.74,0.0,4927.25,-,-
2025-04-07,2025-04,22,1,28.25,2.2,2816,0.11,100.0,0.79,0.0,4883.5,-,-
2025-04-07,2025-04,22,-1,13.5,1.1,1513,0.18,112.0,0.75,0.0,4911.75,-,-
2025-04-07,2025-04,22,1,11.5,0.4,490,0.18,43.0,0.84,0.0,4898.25,-,-
2025-04-07,2025-04,22,-1,13.75,2.4,2364,-0.07,172.0,0.8,0.0,4909.75,-,-
2025-04-07,2025-04,22,1,18.0,4.0,3953,0.25,220.0,0.73,0.0,4896.0,-,-
2025-04-07,2025-04,22,-1,13.75,0.5,480,0.05,35.0,0.84,0.0,4914.0,-,-
2025-04-07,2025-04,22,1,13.0,1.8,1279,0.11,98.0,0.8,0.0,4900.25,-,-
2025-04-07,2025-04,22,-1,29.25,3.6,3645,0.16,125.0,0.79,0.0,4913.25,-,-
2025-04-07,2025-04,22,1,11.25,0.4,863,0.08,77.0,0.79,0.0,4884.0,-,-
2025-04-07,2025-04,22,-1,12.75,0.9,958,0.3,75.0,0.77,0.0,4895.25,-,-
2025-04-07,2025-04,22,1,10.5,0.1,183,0.34,17.0,0.82,0.0,4882.5,-,-
2025-04-07,2025-04,22,-1,18.0,3.9,2718,0.06,151.0,0.8,0.0,4893.0,-,-
2025-04-07,2025-04,22,1,12.0,4.2,3642,0.13,304.0,0.77,0.0,4875.0,-,-
2025-04-07,2025-04,22,-1,10.5,0.5,281,-0.03,27.0,0.86,0.0,4887.0,-,-
2025-04-07,2025-04,22,1,21.0,4.1,2874,0.21,137.0,0.78,0.0,4876.5,-,-
2025-04-07,2025-04,23,-1,15.5,3.2,2371,0.06,153.0,0.8,0.0,4897.5,-,-
2025-04-07,2025-04,23,1,14.25,1.6,1322,0.11,93.0,0.77,0.0,4882.0,-,-
2025-04-07,2025-04,23,-1,34.25,3.6,5438,0.06,159.0,0.75,0.0,4896.25,-,-
2025-04-07,2025-04,23,1,13.75,0.4,1676,0.41,122.0,0.65,0.0,4862.0,-,-
2025-04-07,2025-04,23,-1,22.75,0.2,1122,0.43,49.0,0.69,0.0,4875.75,-,-
2025-04-07,2025-04,23,1,17.0,0.2,633,0.15,37.0,0.82,0.0,4853.0,-,-
2025-04-07,2025-04,23,-1,15.0,0.7,1222,-0.08,81.0,0.82,0.0,4870.0,-,wS1
2025-04-07,2025-04,23,1,19.75,0.5,1045,0.28,53.0,0.79,0.0,4855.0,wS1,-
2025-04-07,2025-04,23,-1,14.5,1.5,1713,0.08,118.0,0.81,0.0,4874.75,-,-
2025-04-07,2025-04,23,1,23.0,2.4,2629,0.21,114.0,0.74,0.0,4860.25,-,-
2025-04-07,2025-04,23,-1,17.25,2.2,2070,0.3,120.0,0.76,0.0,4883.25,-,-
2025-04-07,2025-04,23,1,11.25,2.9,1329,0.15,118.0,0.78,0.0,4866.0,-,-
2025-04-07,2025-04,23,-1,9.75,1.4,797,0.03,82.0,0.79,0.0,4877.25,-,-
2025-04-07,2025-04,23,1,31.75,6.5,5162,0.09,163.0,0.75,0.0,4867.5,-,VWAP
2025-04-07,2025-04,23,-1,12.25,5.1,4123,0.06,337.0,0.79,0.0,4899.25,VWAP,-
2025-04-07,2025-04,23,1,33.75,2.6,3517,0.2,104.0,0.77,0.0,4887.0,-,mS3
2025-04-07,2025-04,23,-1,15.75,2.8,2632,0.1,167.0,0.8,0.0,4920.75,mS3,-
2025-04-07,2025-04,23,1,25.0,4.1,4460,0.18,178.0,0.75,0.0,4905.0,-,-
2025-04-07,2025-04,23,-1,19.0,2.9,1795,0.2,94.0,0.78,0.0,4930.0,-,-
2025-04-07,2025-04,23,1,12.0,3.5,2586,0.09,216.0,0.78,0.0,4911.0,-,mS3
2025-04-07,2025-04,23,-1,17.0,3.3,2021,0.11,119.0,0.78,0.0,4923.0,mS3,-
2025-04-07,2025-04,23,1,8.75,0.7,529,0.02,60.0,0.81,0.0,4906.0,-,dS2
2025-04-07,2025-04,23,-1,23.0,4.6,2824,0.09,123.0,0.76,0.0,4914.75,dS2,-
2025-04-07,2025-04,23,1,38.0,5.5,6611,0.13,174.0,0.76,0.0,4891.75,-,-
2025-04-07,2025-04,0,-1,56.0,2.1,4298,0.24,77.0,0.78,0.0,4929.75,-,-
2025-04-07,2025-04,0,1,38.0,1.3,2577,0.15,68.0,0.84,0.0,4873.75,-,-
2025-04-07,2025-04,0,-1,16.0,0.8,788,0.2,49.0,0.84,0.0,4911.75,-,-
2025-04-07,2025-04,0,1,12.75,0.9,972,0.1,76.0,0.82,0.0,4895.75,-,-
2025-04-07,2025-04,0,-1,14.5,2.1,1890,0.06,130.0,0.82,0.0,4908.5,-,-
2025-04-07,2025-04,0,1,8.0,1.0,1302,0.15,163.0,0.78,0.0,4894.0,-,VWAP
2025-04-07,2025-04,0,-1,16.0,2.2,2626,0.15,164.0,0.8,0.0,4902.0,VWAP,-
2025-04-07,2025-04,0,1,26.0,5.8,5230,0.17,201.0,0.78,0.0,4886.0,-,-
2025-04-07,2025-04,0,-1,8.25,0.4,406,0.0,49.0,0.82,0.0,4912.0,-,-
2025-04-07,2025-04,0,1,13.5,0.7,934,0.29,69.0,0.79,0.0,4903.75,-,dS2
2025-04-07,2025-04,0,-1,12.25,0.9,853,0.19,70.0,0.81,0.0,4917.25,dS2,-
2025-04-07,2025-04,0,1,8.25,1.9,1868,0.27,226.0,0.76,0.0,4905.0,-,-
2025-04-07,2025-04,0,-1,10.25,1.1,992,0.22,97.0,0.8,0.0,4913.25,-,-
2025-04-07,2025-04,0,1,27.0,8.8,7037,0.04,261.0,0.83,0.0,4903.0,-,-
2025-04-07,2025-04,0,-1,11.0,4.1,3826,-0.03,348.0,0.83,0.0,4930.0,-,-
2025-04-07,2025-04,0,1,15.5,2.3,3102,0.38,200.0,0.72,0.0,4919.0,-,-
2025-04-07,2025-04,0,-1,12.5,1.6,1693,0.11,135.0,0.83,0.0,4934.5,-,mS3
2025-04-07,2025-04,0,1,8.75,1.2,694,0.21,79.0,0.86,0.0,4922.0,mS3,-
2025-04-07,2025-04,0,-1,20.0,6.1,5328,0.01,266.0,0.84,0.0,4930.75,-,-
2025-04-07,2025-04,0,1,40.5,13.4,10903,0.1,269.0,0.83,0.0,4910.75,-,VW2s
2025-04-07,2025-04,1,-1,25.25,4.2,4140,0.09,164.0,0.85,0.0,4951.25,VW2s,-
2025-04-07,2025-04,1,1,35.25,8.5,6669,0.15,189.0,0.83,0.0,4926.0,-,-
2025-04-07,2025-04,1,-1,16.25,1.3,1938,0.31,119.0,0.79,0.0,4961.25,-,-
2025-04-07,2025-04,1,1,28.75,6.0,5119,0.12,178.0,0.81,0.0,4945.0,-,-
2025-04-07,2025-04,1,-1,10.5,0.5,653,0.23,62.0,0.79,0.0,4973.75,-,-
2025-04-07,2025-04,1,1,15.25,2.2,1578,0.23,103.0,0.8,0.0,4963.25,-,ONH
2025-04-07,2025-04,1,-1,8.0,1.1,1162,0.05,145.0,0.84,0.0,4978.5,ONH,-
2025-04-07,2025-04,1,1,12.5,1.4,1257,0.25,101.0,0.78,0.0,4970.5,-,ONH
2025-04-07,2025-04,1,-1,16.5,2.8,2370,0.08,144.0,0.8,0.0,4983.0,ONH,-
2025-04-07,2025-04,1,1,9.75,0.8,749,0.2,77.0,0.76,0.0,4966.5,-,-
2025-04-07,2025-04,1,-1,15.75,1.1,1129,0.1,72.0,0.85,0.0,4976.25,-,-
2025-04-07,2025-04,1,1,9.0,1.9,1512,0.15,168.0,0.8,0.0,4960.5,-,-
2025-04-07,2025-04,1,-1,26.0,3.6,3525,0.02,136.0,0.82,0.0,4969.5,-,-
2025-04-07,2025-04,1,1,18.0,3.7,2278,0.08,127.0,0.84,0.0,4943.5,-,-
2025-04-07,2025-04,1,-1,18.5,1.8,1210,0.16,65.0,0.85,0.0,4961.5,-,-
2025-04-07,2025-04,1,1,16.25,1.1,894,0.15,55.0,0.83,0.0,4943.0,-,-
2025-04-07,2025-04,1,-1,12.25,1.2,736,0.21,60.0,0.85,0.0,4959.25,-,-
2025-04-07,2025-04,1,1,46.5,9.2,9400,0.07,202.0,0.82,0.0,4947.0,-,ONH
2025-04-07,2025-04,1,-1,10.0,1.9,1942,0.12,194.0,0.79,0.0,4993.5,ONH,-
2025-04-07,2025-04,1,1,12.0,2.8,1702,0.15,142.0,0.81,0.0,4983.5,-,ONH
2025-04-07,2025-04,1,-1,11.5,1.3,1196,0.22,104.0,0.77,0.0,4995.5,ONH,-
2025-04-07,2025-04,2,1,8.0,0.6,419,0.12,52.0,0.84,0.0,4984.0,-,-
2025-04-07,2025-04,2,-1,16.5,1.7,1838,0.04,111.0,0.79,0.0,4992.0,-,-
2025-04-07,2025-04,2,1,16.0,3.1,2126,0.15,133.0,0.81,0.0,4975.5,-,-
2025-04-07,2025-04,2,-1,14.75,2.5,1213,0.09,82.0,0.89,0.0,4991.5,-,-
2025-04-07,2025-04,2,1,8.75,1.3,634,0.16,72.0,0.83,0.0,4976.75,-,-
2025-04-07,2025-04,2,-1,11.75,1.6,834,0.26,71.0,0.82,0.0,4985.5,-,-
2025-04-07,2025-04,2,1,11.5,5.2,2352,0.13,205.0,0.82,0.0,4973.75,-,VW2s
2025-04-07,2025-04,2,-1,11.25,0.7,437,0.29,39.0,0.82,0.0,4985.25,VW2s,-
2025-04-07,2025-04,2,1,12.25,3.3,1342,0.17,110.0,0.85,0.0,4974.0,-,VW2s
2025-04-07,2025-04,2,-1,23.5,4.5,2654,0.17,113.0,0.82,0.0,4986.25,VW2s,-
2025-04-07,2025-04,2,1,13.0,2.4,1791,0.03,138.0,0.8,0.0,4962.75,-,-
2025-04-07,2025-04,2,-1,8.75,3.4,1269,-0.02,145.0,0.86,0.0,4975.75,-,-
2025-04-07,2025-04,2,1,15.0,2.2,1062,0.24,71.0,0.82,0.0,4967.0,-,-
2025-04-07,2025-04,2,-1,28.25,7.3,4280,0.04,152.0,0.83,0.0,4982.0,-,-
2025-04-07,2025-04,2,1,15.75,2.7,2124,0.27,135.0,0.77,0.0,4953.75,-,-
2025-04-07,2025-04,2,-1,12.5,2.6,1221,0.1,98.0,0.84,0.0,4969.5,-,-
2025-04-07,2025-04,2,1,20.5,6.1,2229,0.26,109.0,0.83,0.0,4957.0,-,-
2025-04-07,2025-04,2,-1,31.25,23.3,8928,0.07,286.0,0.82,0.0,4977.5,-,-
2025-04-07,2025-04,3,1,10.75,2.4,962,0.2,89.0,0.8,0.0,4946.25,-,-
2025-04-07,2025-04,3,-1,19.25,7.6,3589,0.08,186.0,0.85,0.0,4957.0,-,-
2025-04-07,2025-04,3,1,15.75,3.8,1574,0.21,100.0,0.85,0.0,4937.75,-,-
2025-04-07,2025-04,3,-1,31.0,8.0,5199,0.03,168.0,0.87,0.0,4953.5,-,"mS3,VWAP"
2025-04-07,2025-04,3,1,16.5,5.5,3824,0.04,232.0,0.84,0.0,4922.5,"mS3,VWAP",-
2025-04-07,2025-04,3,-1,13.75,7.3,3766,-0.05,274.0,0.88,0.0,4939.0,-,-
2025-04-07,2025-04,3,1,17.75,3.8,1946,0.11,110.0,0.85,0.0,4925.25,-,-
2025-04-07,2025-04,3,-1,12.5,5.8,2552,-0.07,204.0,0.88,0.0,4943.0,-,-
2025-04-07,2025-04,3,1,20.5,8.7,3615,0.19,176.0,0.85,0.0,4930.5,-,-
2025-04-07,2025-04,4,-1,24.25,13.9,4995,-0.04,206.0,0.88,0.0,4951.0,-,-
2025-04-07,2025-04,4,1,10.5,1.1,778,0.24,74.0,0.87,0.0,4926.75,-,-
2025-04-07,2025-04,4,-1,24.75,10.9,5051,0.09,204.0,0.87,0.0,4937.25,-,-
2025-04-07,2025-04,4,1,9.25,1.5,631,0.21,68.0,0.86,0.0,4912.5,-,"mS3,VWAP"
2025-04-07,2025-04,4,-1,17.0,9.2,4097,0.26,241.0,0.79,0.0,4921.75,"mS3,VWAP",-
2025-04-07,2025-04,4,1,31.0,16.6,9834,0.07,317.0,0.8,0.0,4904.75,-,-
2025-04-07,2025-04,5,-1,15.0,2.5,1264,0.25,84.0,0.82,0.0,4935.75,-,"mS3,VWAP"
2025-04-07,2025-04,5,1,10.25,1.2,500,0.1,49.0,0.86,0.0,4920.75,"mS3,VWAP",-
2025-04-07,2025-04,5,-1,8.25,1.5,502,0.22,61.0,0.83,0.0,4931.0,-,"mS3,VWAP"
2025-04-07,2025-04,5,1,26.25,6.0,3916,0.07,149.0,0.81,0.0,4922.75,"mS3,VWAP",-
2025-04-07,2025-04,5,-1,9.25,1.6,610,0.3,66.0,0.83,0.0,4949.0,-,-
2025-04-07,2025-04,5,1,9.5,2.4,847,0.11,89.0,0.85,0.0,4939.75,-,-
2025-04-07,2025-04,5,-1,15.5,2.2,1323,0.33,85.0,0.79,0.0,4949.25,-,-
2025-04-07,2025-04,5,1,34.0,2.5,3082,0.13,91.0,0.8,0.0,4933.75,-,-
2025-04-07,2025-04,5,-1,21.0,4.2,3526,0.08,168.0,0.82,0.0,4967.75,-,-
2025-04-07,2025-04,5,1,8.5,1.9,1056,0.16,124.0,0.86,0.0,4946.75,-,-
2025-04-07,2025-04,5,-1,19.75,2.0,1174,0.22,59.0,0.87,0.0,4955.25,-,-
2025-04-07,2025-04,5,1,8.0,1.4,1160,0.31,145.0,0.8,0.0,4935.5,-,-
2025-04-07,2025-04,5,-1,15.25,4.7,2174,0.06,143.0,0.87,0.0,4943.5,-,-
2025-04-07,2025-04,5,1,12.25,2.2,1073,0.28,88.0,0.86,0.0,4928.25,-,-
2025-04-07,2025-04,5,-1,17.0,5.0,2905,-0.04,171.0,0.85,0.0,4940.5,-,VWAP
2025-04-07,2025-04,5,1,12.75,3.9,1431,0.03,112.0,0.88,0.0,4923.5,VWAP,-
2025-04-07,2025-04,5,-1,23.75,9.8,4292,0.03,181.0,0.88,0.0,4936.25,-,-
2025-04-07,2025-04,5,1,29.25,8.1,5251,-0.02,180.0,0.85,0.0,4912.5,-,-
2025-04-07,2025-04,6,-1,12.5,2.4,1328,0.17,106.0,0.84,0.0,4941.75,-,-
2025-04-07,2025-04,6,1,17.75,1.4,985,0.03,55.0,0.85,0.0,4929.25,-,-
2025-04-07,2025-04,6,-1,42.25,15.8,9186,0.03,217.0,0.84,0.0,4947.0,-,-
2025-04-07,2025-04,6,1,13.0,1.4,1143,0.18,88.0,0.83,0.0,4904.75,-,dS2
2025-04-07,2025-04,6,-1,9.25,0.5,537,0.03,58.0,0.83,0.0,4917.75,dS2,-
2025-04-07,2025-04,6,1,8.0,0.3,533,0.14,67.0,0.81,0.0,4908.5,-,dS2
2025-04-07,2025-04,6,-1,30.75,11.1,11723,0.14,381.0,0.77,0.0,4916.5,dS2,-
2025-04-07,2025-04,6,1,9.75,2.2,2397,0.14,246.0,0.82,0.0,4885.75,-,-
2025-04-07,2025-04,6,-1,26.25,5.5,5785,0.18,220.0,0.77,0.0,4895.5,-,-
2025-04-07,2025-04,6,1,9.75,0.9,1462,0.1,150.0,0.79,0.0,4869.25,-,-
2025-04-07,2025-04,6,-1,23.75,7.7,9762,0.06,411.0,0.75,0.0,4879.0,-,"wS1,VW-2s"
2025-04-07,2025-04,6,1,20.5,4.8,6364,0.0,310.0,0.77,0.0,4855.25,"wS1,VW-2s",-
2025-04-07,2025-04,6,-1,17.25,2.6,3659,0.04,212.0,0.84,0.0,4875.75,-,-
2025-04-07,2025-04,7,1,10.25,1.4,2104,-0.02,205.0,0.87,0.0,4858.5,-,-
2025-04-07,2025-04,7,-1,26.0,2.8,6059,0.29,233.0,0.77,0.0,4868.75,-,-
2025-04-07,2025-04,7,1,21.75,2.4,5246,0.09,241.0,0.84,0.0,4842.75,-,-
2025-04-07,2025-04,7,-1,9.0,2.3,3343,0.12,371.0,0.84,0.0,4864.5,-,wS1
2025-04-07,2025-04,7,1,10.25,0.3,612,0.15,60.0,0.83,0.0,4855.5,wS1,-
2025-04-07,2025-04,7,-1,8.5,0.5,935,0.18,110.0,0.81,0.0,4865.75,-,wS1
2025-04-07,2025-04,7,1,14.75,2.0,2947,0.07,200.0,0.85,0.0,4857.25,wS1,-
2025-04-07,2025-04,7,-1,9.75,0.9,1264,0.14,130.0,0.85,0.0,4872.0,-,-
2025-04-07,2025-04,7,1,28.5,2.2,3040,0.05,107.0,0.85,0.0,4862.25,-,-
2025-04-07,2025-04,7,-1,15.0,1.6,2387,0.18,159.0,0.82,0.0,4890.75,-,-
2025-04-07,2025-04,7,1,15.75,2.3,2479,0.06,157.0,0.86,0.0,4875.75,-,-
2025-04-07,2025-04,7,-1,22.25,3.1,4210,0.1,189.0,0.83,0.0,4891.5,-,-
2025-04-07,2025-04,7,1,17.25,0.5,896,0.11,52.0,0.85,0.0,4869.25,-,-
2025-04-07,2025-04,7,-1,31.25,5.6,7782,0.02,249.0,0.86,0.0,4886.5,-,wS1
2025-04-07,2025-04,7,1,8.0,0.6,1142,0.12,143.0,0.82,0.0,4855.25,wS1,-
2025-04-07,2025-04,7,-1,11.5,1.7,2467,0.1,215.0,0.83,0.0,4863.25,-,-
2025-04-07,2025-04,7,1,18.5,5.2,7650,0.03,414.0,0.85,0.0,4851.75,-,-
2025-04-07,2025-04,7,-1,15.5,1.8,2202,0.15,142.0,0.81,0.0,4870.25,-,wS1
2025-04-07,2025-04,7,1,24.0,2.4,2898,0.08,121.0,0.84,0.0,4854.75,wS1,-
2025-04-07,2025-04,7,-1,10.5,1.1,992,0.13,94.0,0.88,0.0,4878.75,-,-
2025-04-07,2025-04,7,1,11.5,1.7,1988,-0.01,173.0,0.87,0.0,4868.25,-,-
2025-04-07,2025-04,7,-1,17.0,2.6,3007,-0.04,177.0,0.85,0.0,4879.75,-,-
2025-04-07,2025-04,7,1,9.0,1.2,1242,0.16,138.0,0.85,0.0,4862.75,-,-
2025-04-07,2025-04,7,-1,14.0,2.6,3024,0.08,216.0,0.86,0.0,4871.75,-,wS1
2025-04-07,2025-04,7,1,10.75,1.9,2316,0.02,215.0,0.86,0.0,4857.75,wS1,-
2025-04-07,2025-04,7,-1,9.25,2.1,2053,-0.06,222.0,0.87,0.0,4868.5,-,-
2025-04-07,2025-04,7,1,22.5,4.0,3358,0.08,149.0,0.86,0.0,4859.25,-,-
2025-04-07,2025-04,7,-1,9.0,0.7,701,0.23,78.0,0.84,0.0,4881.75,-,-
2025-04-07,2025-04,7,1,19.25,2.2,2825,0.05,147.0,0.87,0.0,4872.75,-,-
2025-04-07,2025-04,8,-1,14.0,0.4,1058,0.06,76.0,0.85,0.0,4892.0,-,-
2025-04-07,2025-04,8,1,47.0,1.6,3541,0.16,75.0,0.84,0.0,4878.0,-,-
2025-04-07,2025-04,8,-1,10.5,0.2,591,0.17,56.0,0.84,0.0,4925.0,-,dS2
2025-04-07,2025-04,8,1,9.75,0.2,325,0.24,33.0,0.88,0.0,4914.5,dS2,-
2025-04-07,2025-04,8,-1,10.0,0.7,1735,0.07,174.0,0.85,0.0,4924.25,-,dS2
2025-04-07,2025-04,8,1,22.25,2.0,5216,0.16,234.0,0.8,0.0,4914.25,dS2,-
2025-04-07,2025-04,8,-1,20.5,0.7,2139,0.16,104.0,0.81,0.0,4936.5,-,dS2
2025-04-07,2025-04,8,1,15.25,1.4,2478,-0.02,162.0,0.85,0.0,4916.0,dS2,-
2025-04-07,2025-04,8,-1,12.25,1.1,1347,0.14,110.0,0.88,0.0,4931.25,-,-
2025-04-07,2025-04,8,1,14.75,1.2,1858,0.13,126.0,0.85,0.0,4919.0,-,-
2025-04-07,2025-04,8,-1,27.5,2.0,4207,0.14,153.0,0.82,0.0,4933.75,-,-
2025-04-07,2025-04,8,1,37.0,5.9,9132,0.04,247.0,0.85,0.0,4906.25,-,-
2025-04-07,2025-04,8,-1,10.75,0.5,681,0.27,63.0,0.82,0.0,4943.25,-,-
2025-04-07,2025-04,8,1,18.5,1.2,1963,0.23,106.0,0.82,0.0,4932.5,-,-
2025-04-07,2025-04,8,-1,21.5,3.4,5154,0.04,240.0,0.84,0.0,4951.0,-,-
2025-04-07,2025-04,8,1,18.25,2.9,3710,0.09,203.0,0.86,0.0,4929.5,-,-
2025-04-07,2025-04,8,-1,19.75,1.3,1918,0.06,97.0,0.85,0.0,4947.75,-,-
2025-04-07,2025-04,8,1,16.75,2.1,2968,0.06,177.0,0.86,0.0,4928.0,-,-
2025-04-07,2025-04,8,-1,22.75,3.3,5527,0.1,243.0,0.81,0.0,4944.75,-,mS3
2025-04-07,2025-04,8,1,33.75,3.7,5801,0.08,172.0,0.83,0.0,4922.0,mS3,-
2025-04-07,2025-04,8,-1,9.5,0.5,777,0.2,82.0,0.82,0.0,4955.75,-,-
2025-04-07,2025-04,8,1,9.5,1.8,3570,0.08,376.0,0.76,0.0,4946.25,-,-
2025-04-07,2025-04,8,-1,10.0,1.3,2720,-0.02,272.0,0.75,0.0,4955.75,-,-
2025-04-07,2025-04,8,1,8.5,0.9,991,0.06,117.0,0.83,0.0,4945.75,-,-
2025-04-07,2025-04,8,-1,9.75,4.4,4131,-0.02,424.0,0.85,0.0,4954.25,-,-
2025-04-07,2025-04,8,1,8.75,0.3,202,0.12,23.0,0.91,0.0,4944.5,-,-
2025-04-07,2025-04,8,-1,13.25,0.6,778,0.3,59.0,0.82,0.0,4953.25,-,-
2025-04-07,2025-04,8,1,9.0,1.2,1461,0.04,162.0,0.83,0.0,4940.0,-,-
2025-04-07,2025-04,8,-1,12.0,1.3,1058,0.04,88.0,0.85,0.0,4949.0,-,-
2025-04-07,2025-04,8,1,8.75,1.2,668,0.21,76.0,0.88,0.0,4937.0,-,-
2025-04-07,2025-04,8,-1,11.5,1.4,1314,0.01,114.0,0.84,0.0,4945.75,-,-
2025-04-07,2025-04,8,1,16.25,1.9,1634,0.23,101.0,0.84,0.0,4934.25,-,-
2025-04-07,2025-04,8,-1,27.5,7.8,6285,-0.0,229.0,0.84,0.0,4950.5,-,mS3
2025-04-07,2025-04,9,1,13.0,3.5,2998,0.07,231.0,0.86,0.0,4923.0,mS3,-
2025-04-07,2025-04,9,-1,23.5,3.7,3325,0.03,141.0,0.85,0.0,4936.0,-,-
2025-04-07,2025-04,9,1,14.75,5.1,3843,0.04,261.0,0.84,0.0,4912.5,-,-
2025-04-07,2025-04,9,-1,32.25,11.6,9825,0.06,305.0,0.81,0.0,4927.25,-,-
2025-04-07,2025-04,9,1,24.5,2.7,3381,0.09,138.0,0.8,0.0,4895.0,-,mS3
2025-04-07,2025-04,9,-1,9.0,0.6,1071,0.2,119.0,0.81,0.0,4919.5,mS3,-
2025-04-07,2025-04,9,1,14.75,3.5,3287,0.07,223.0,0.83,0.0,4910.5,-,-
2025-04-07,2025-04,9,-1,9.0,0.5,514,0.1,57.0,0.85,0.0,4925.25,-,"dS2,VWAP"
2025-04-07,2025-04,9,1,22.75,4.8,4681,0.11,206.0,0.82,0.0,4916.25,"dS2,VWAP",-
2025-04-07,2025-04,9,-1,8.75,1.4,1476,0.23,169.0,0.82,0.0,4939.0,-,-
2025-04-07,2025-04,9,1,15.75,7.7,5222,0.0,332.0,0.84,0.0,4930.25,-,-
2025-04-07,2025-04,9,-1,8.75,1.3,852,0.17,97.0,0.85,0.0,4946.0,-,-
2025-04-07,2025-04,9,1,18.5,2.1,3805,0.31,206.0,0.75,0.0,4937.25,-,-
2025-04-07,2025-04,9,-1,28.75,12.7,13734,0.04,478.0,0.8,0.0,4955.75,-,-
2025-04-07,2025-04,10,1,43.0,1.1,6639,0.32,154.0,0.69,0.0,4927.0,-,-
2025-04-07,2025-04,10,-1,8.5,0.1,809,0.11,95.0,0.77,0.0,4970.0,-,-
2025-04-07,2025-04,10,1,10.25,1.1,2954,0.02,288.0,0.79,0.0,4961.5,-,-
2025-04-07,2025-04,10,-1,11.25,0.9,1882,0.09,167.0,0.81,0.0,4971.75,-,-
2025-04-07,2025-04,10,1,27.5,7.7,17016,0.14,619.0,0.7,0.0,4960.5,-,VW2s
2025-04-07,2025-04,10,-1,13.0,1.0,1752,0.12,135.0,0.79,0.0,4988.0,VW2s,-
2025-04-07,2025-04,10,1,10.25,1.5,1484,0.01,145.0,0.83,0.0,4975.0,-,-
2025-04-07,2025-04,10,-1,9.25,0.4,806,0.1,87.0,0.78,0.0,4985.25,-,-
2025-04-07,2025-04,10,1,19.25,4.0,5513,0.16,286.0,0.74,0.0,4976.0,-,ONH
2025-04-07,2025-04,10,-1,8.0,1.0,1159,0.08,145.0,0.79,0.0,4995.25,ONH,-
2025-04-07,2025-04,10,1,15.25,3.4,5841,0.18,383.0,0.7,0.0,4987.25,-,ONH
2025-04-07,2025-04,10,-1,29.0,4.2,8352,0.05,288.0,0.77,0.0,5002.5,ONH,-
2025-04-07,2025-04,10,1,12.5,1.7,1202,0.12,96.0,0.86,0.0,4973.5,-,-
2025-04-07,2025-04,10,-1,11.5,1.1,1138,0.1,99.0,0.84,0.0,4986.0,-,-
2025-04-07,2025-04,10,1,59.75,9.0,14303,0.12,239.0,0.76,0.0,4974.5,-,ONH
2025-04-07,2025-04,10,-1,22.25,1.1,3341,0.21,150.0,0.74,0.0,5034.25,ONH,-
2025-04-07,2025-04,10,1,27.25,3.4,6641,-0.0,244.0,0.79,0.0,5012.0,-,ONH
2025-04-07,2025-04,10,-1,12.25,0.7,1847,0.1,151.0,0.79,0.0,5039.25,ONH,-
2025-04-07,2025-04,10,1,10.75,0.6,1088,-0.03,101.0,0.81,0.0,5027.0,-,ONH
2025-04-07,2025-04,10,-1,20.75,2.2,3045,0.21,147.0,0.81,0.0,5037.75,ONH,-
2025-04-07,2025-04,10,1,8.5,0.9,1147,0.07,135.0,0.83,0.0,5017.0,-,-
2025-04-07,2025-04,10,-1,14.0,0.7,1569,0.29,112.0,0.75,0.0,5025.5,-,-
2025-04-07,2025-04,10,1,14.0,0.5,1483,0.14,106.0,0.8,0.0,5011.5,-,-
2025-04-07,2025-04,10,-1,8.5,0.3,478,0.23,56.0,0.82,0.0,5025.5,-,-
2025-04-07,2025-04,10,1,8.25,0.2,472,0.2,57.0,0.81,0.0,5017.0,-,-
2025-04-07,2025-04,10,-1,35.75,5.2,9910,0.13,277.0,0.77,0.0,5025.25,-,-
2025-04-07,2025-04,10,1,19.25,0.7,2348,0.02,122.0,0.77,0.0,4989.5,-,VW2s
2025-04-07,2025-04,10,-1,22.5,1.5,4119,0.14,183.0,0.73,0.0,5008.75,VW2s,-
2025-04-07,2025-04,10,1,15.75,1.6,2462,0.12,156.0,0.8,0.0,4986.25,-,-
2025-04-07,2025-04,10,-1,12.0,1.7,2867,0.06,239.0,0.83,0.0,5002.0,-,-
2025-04-07,2025-04,11,1,31.0,6.2,9722,0.04,314.0,0.82,0.0,4990.0,-,-
2025-04-07,2025-04,11,-1,8.5,0.7,711,0.23,84.0,0.84,0.0,5021.0,-,-
2025-04-07,2025-04,11,1,18.75,1.6,2738,0.15,146.0,0.8,0.0,5012.5,-,-
2025-04-07,2025-04,11,-1,12.25,1.4,2178,0.18,178.0,0.82,0.0,5031.25,-,-
2025-04-07,2025-04,11,1,17.0,1.7,2875,0.04,169.0,0.8,0.0,5019.0,-,-
2025-04-07,2025-04,11,-1,28.75,3.9,4652,0.18,162.0,0.81,0.0,5036.0,-,dS1
2025-04-07,2025-04,11,1,15.5,3.3,4361,0.1,281.0,0.82,0.0,5007.25,dS1,-
2025-04-07,2025-04,11,-1,9.75,1.1,1710,0.04,175.0,0.83,0.0,5022.75,-,-
2025-04-07,2025-04,11,1,10.5,0.6,689,0.07,66.0,0.84,0.0,5013.0,-,-
2025-04-07,2025-04,11,-1,24.75,4.0,4898,0.1,198.0,0.82,0.0,5023.5,-,-
2025-04-07,2025-04,11,1,25.0,3.0,4249,0.11,170.0,0.83,0.0,4998.75,-,VW2s
2025-04-07,2025-04,11,-1,50.25,9.8,18788,0.03,374.0,0.79,0.0,5023.75,VW2s,-
2025-04-07,2025-04,11,1,23.25,1.8,3237,0.27,139.0,0.79,0.0,4973.5,-,-
2025-04-07,2025-04,11,-1,16.25,5.5,5802,0.03,357.0,0.84,0.0,4996.75,-,-
2025-04-07,2025-04,11,1,13.25,1.1,1401,0.15,106.0,0.81,0.0,4980.5,-,-
2025-04-07,2025-04,11,-1,22.25,6.9,6988,-0.04,314.0,0.85,0.0,4993.75,-,-
2025-04-07,2025-04,11,1,22.0,3.5,3045,0.17,138.0,0.83,0.0,4971.5,-,-
2025-04-07,2025-04,11,-1,9.75,2.2,1318,0.18,135.0,0.83,0.0,4993.5,-,-
2025-04-07,2025-04,11,1,23.75,1.5,3126,0.1,132.0,0.8,0.0,4983.75,-,dS1
2025-04-07,2025-04,12,-1,32.5,5.6,6519,0.07,201.0,0.85,0.0,5007.5,dS1,-
2025-04-07,2025-04,12,1,9.25,0.5,1088,0.16,118.0,0.78,0.0,4975.0,-,-
2025-04-07,2025-04,12,-1,16.5,2.0,2492,0.07,151.0,0.83,0.0,4984.25,-,-
2025-04-07,2025-04,12,1,12.0,0.3,927,0.11,77.0,0.8,0.0,4967.75,-,-
2025-04-07,2025-04,12,-1,18.5,3.6,4462,0.03,241.0,0.83,0.0,4979.75,-,-
2025-04-07,2025-04,12,1,15.5,2.5,4957,0.01,320.0,0.83,0.0,4961.25,-,-
2025-04-07,2025-04,12,-1,18.75,3.9,4737,0.05,253.0,0.84,0.0,4976.75,-,-
2025-04-07,2025-04,12,1,25.75,7.2,10709,0.04,416.0,0.82,0.0,4958.0,-,-
2025-04-07,2025-04,12,-1,12.0,0.9,2858,0.03,238.0,0.77,0.0,4983.75,-,-
2025-04-07,2025-04,12,1,25.25,0.7,3309,0.3,131.0,0.72,0.0,4971.75,-,-
2025-04-07,2025-04,12,-1,9.75,0.2,1303,0.03,134.0,0.8,0.0,4997.0,-,-
2025-04-07,2025-04,12,1,32.0,0.7,4089,0.1,128.0,0.75,0.0,4987.25,-,-
2025-04-07,2025-04,12,-1,15.25,0.3,1887,0.08,124.0,0.8,0.0,5019.25,-,-
2025-04-07,2025-04,12,1,23.0,0.9,4269,0.14,186.0,0.74,0.0,5004.0,-,-
2025-04-07,2025-04,12,-1,12.25,0.2,717,0.19,59.0,0.81,0.0,5027.0,-,-
2025-04-07,2025-04,12,1,12.5,0.3,1656,0.16,132.0,0.73,0.0,5014.75,-,-
2025-04-07,2025-04,12,-1,29.0,0.8,3420,0.17,118.0,0.77,0.0,5027.25,-,-
2025-04-07,2025-04,12,1,24.0,1.5,3267,0.13,136.0,0.82,0.0,4998.25,-,-
2025-04-07,2025-04,12,-1,11.75,0.2,716,-0.1,61.0,0.87,0.0,5022.25,-,-
2025-04-07,2025-04,12,1,9.0,0.6,925,0.11,103.0,0.85,0.0,5010.5,-,-
2025-04-07,2025-04,12,-1,17.0,1.0,2088,0.06,123.0,0.82,0.0,5019.5,-,-
2025-04-07,2025-04,12,1,8.0,0.1,319,0.37,40.0,0.77,0.0,5002.5,-,-
2025-04-07,2025-04,12,-1,10.0,0.5,986,0.28,99.0,0.78,0.0,5010.5,-,-
2025-04-07,2025-04,12,1,9.75,1.0,2938,-0.04,301.0,0.79,0.0,5000.5,-,-
2025-04-07,2025-04,12,-1,20.5,2.1,3197,0.07,156.0,0.82,0.0,5010.25,-,-
2025-04-07,2025-04,12,1,8.75,0.2,514,0.19,59.0,0.81,0.0,4989.75,-,-
2025-04-07,2025-04,12,-1,22.5,3.9,7930,0.04,352.0,0.82,0.0,4998.5,-,-
2025-04-07,2025-04,12,1,19.5,1.2,2853,0.09,146.0,0.84,0.0,4976.0,-,-
2025-04-07,2025-04,12,-1,36.25,1.8,5133,0.16,142.0,0.78,0.0,4995.5,-,-
2025-04-07,2025-04,12,1,10.5,0.2,808,0.1,77.0,0.82,0.0,4959.25,-,-
2025-04-07,2025-04,12,-1,14.25,1.6,4630,0.17,325.0,0.72,0.0,4969.75,-,-
2025-04-07,2025-04,12,1,60.0,1.5,5188,0.16,86.0,0.77,0.0,4955.5,-,-
2025-04-07,2025-04,12,-1,30.0,0.7,5964,0.1,199.0,0.76,0.0,5015.5,-,-
2025-04-07,2025-04,12,1,18.0,0.3,1994,0.02,111.0,0.78,0.0,4985.5,-,-
2025-04-07,2025-04,12,-1,8.0,0.1,412,0.34,52.0,0.76,0.0,5003.5,-,-
2025-04-07,2025-04,12,1,14.0,0.9,3014,0.1,215.0,0.77,0.0,4995.5,-,-
2025-04-07,2025-04,12,-1,14.5,0.6,1796,0.1,124.0,0.79,0.0,5009.5,-,-
2025-04-07,2025-04,12,1,14.5,0.7,1139,0.1,79.0,0.81,0.0,4995.0,-,-
2025-04-07,2025-04,12,-1,10.0,0.4,744,-0.16,74.0,0.84,0.0,5009.5,-,-
2025-04-07,2025-04,12,1,16.0,0.9,2401,0.14,150.0,0.75,0.0,4999.5,-,-
2025-04-07,2025-04,12,-1,9.75,0.5,1013,0.03,104.0,0.84,0.0,5015.5,-,dS1
2025-04-07,2025-04,12,1,18.5,1.9,4241,0.09,229.0,0.8,0.0,5005.75,dS1,-
2025-04-07,2025-04,12,-1,16.0,0.8,2324,0.04,145.0,0.79,0.0,5024.25,-,dS1
2025-04-07,2025-04,12,1,14.25,1.2,1680,0.09,118.0,0.83,0.0,5008.25,dS1,-
2025-04-08,2025-04,22,1,4.25,1.8,1213,0.26,285.0,0.68,0.0,5125.25,"VWAP,VW2s,VW-2s,VW3s,VW-3s,ONH,ONL","VW2s,ONH"
2025-04-08,2025-04,22,-1,10.5,1.3,623,0.41,59.0,0.8,0.0,5129.5,"VW2s,ONH","pdC,VW-2s,VW-3s,ONL"
2025-04-08,2025-04,22,1,19.25,28.4,6338,0.14,329.0,0.76,0.0,5119.0,"pdC,VW-2s,VW-3s,ONL","VW2s,ONH"
2025-04-08,2025-04,22,-1,8.25,5.1,1158,0.12,140.0,0.82,0.0,5138.25,"VW2s,ONH",VWAP
2025-04-08,2025-04,22,1,25.5,38.4,9112,0.21,357.0,0.72,0.0,5130.0,VWAP,"VW2s,ONH"
2025-04-08,2025-04,23,-1,13.75,28.1,7185,-0.1,523.0,0.82,0.0,5155.5,"VW2s,ONH",VWAP
2025-04-08,2025-04,23,1,12.0,7.3,2072,0.18,173.0,0.83,0.0,5141.75,VWAP,ONH
2025-04-08,2025-04,23,-1,10.75,5.3,1660,0.21,154.0,0.81,0.0,5153.75,ONH,VWAP
2025-04-08,2025-04,23,1,9.5,2.6,502,0.3,53.0,0.82,0.0,5143.0,VWAP,-
2025-04-08,2025-04,23,-1,14.5,3.3,2210,0.06,152.0,0.86,0.0,5152.5,-,-
2025-04-08,2025-04,0,1,35.5,14.8,8262,0.12,233.0,0.79,0.0,5138.0,-,ONH
2025-04-08,2025-04,0,-1,12.0,1.7,942,0.06,78.0,0.86,0.0,5173.5,ONH,-
2025-04-08,2025-04,0,1,9.0,3.1,1183,0.26,131.0,0.85,0.0,5161.5,-,-
2025-04-08,2025-04,0,-1,11.25,10.0,2753,0.08,245.0,0.88,0.0,5170.5,-,-
2025-04-08,2025-04,0,1,11.75,10.9,3047,0.15,259.0,0.85,0.0,5159.25,-,-
2025-04-08,2025-04,0,-1,11.25,4.0,1319,0.1,117.0,0.85,0.0,5171.0,-,-
2025-04-08,2025-04,0,1,8.0,1.9,714,0.13,89.0,0.85,0.0,5159.75,-,-
2025-04-08,2025-04,0,-1,9.25,4.3,1091,0.06,118.0,0.88,0.0,5167.75,-,-
2025-04-08,2025-04,0,1,10.5,3.0,992,0.07,94.0,0.86,0.0,5158.5,-,-
2025-04-08,2025-04,0,-1,42.25,5.8,7036,0.04,167.0,0.82,0.0,5169.0,-,-
2025-04-08,2025-04,1,1,8.5,0.3,506,0.13,60.0,0.85,0.0,5126.75,-,-
2025-04-08,2025-04,1,-1,8.0,0.7,1104,-0.11,138.0,0.86,0.0,5135.25,-,-
2025-04-08,2025-04,1,1,14.5,2.1,1604,0.12,111.0,0.86,0.0,5127.25,-,-
2025-04-08,2025-04,1,-1,9.75,0.8,583,0.23,60.0,0.87,0.0,5141.75,-,-
2025-04-08,2025-04,1,1,25.75,7.4,4148,0.08,161.0,0.86,0.0,5132.0,-,-
2025-04-08,2025-04,1,-1,21.0,5.8,2940,0.1,140.0,0.86,0.0,5157.75,-,-
2025-04-08,2025-04,1,1,18.0,10.7,4568,-0.0,254.0,0.88,0.0,5136.75,-,-
2025-04-08,2025-04,1,-1,9.5,2.1,819,0.03,86.0,0.88,0.0,5154.75,-,-
2025-04-08,2025-04,1,1,41.5,25.2,15253,0.07,368.0,0.77,0.0,5145.25,-,ONH
2025-04-08,2025-04,1,-1,14.0,12.3,4679,0.12,334.0,0.74,0.0,5186.75,ONH,-
2025-04-08,2025-04,2,1,11.25,25.6,6676,0.07,593.0,0.74,0.0,5172.75,-,-
2025-04-08,2025-04,2,-1,21.75,79.0,17000,0.02,782.0,0.77,0.0,5184.0,-,-
2025-04-08,2025-04,3,1,11.0,8.8,1716,0.0,156.0,0.83,0.0,5162.25,-,-
2025-04-08,2025-04,4,-1,23.0,43.6,6963,0.05,303.0,0.8,0.0,5173.25,-,-
2025-04-08,2025-04,4,1,16.5,14.9,3690,0.2,224.0,0.71,0.0,5150.25,-,-
2025-04-08,2025-04,5,-1,25.0,17.9,3586,0.08,143.0,0.8,0.0,5166.75,-,-
2025-04-08,2025-04,5,1,25.25,21.9,4973,0.01,197.0,0.83,0.0,5141.75,-,-
2025-04-08,2025-04,5,-1,15.5,11.7,2132,0.16,138.0,0.79,0.0,5167.0,-,-
2025-04-08,2025-04,5,1,13.75,7.3,1043,0.11,76.0,0.84,0.0,5151.5,-,-
2025-04-08,2025-04,5,-1,10.25,1.2,282,0.18,28.0,0.85,0.0,5165.25,-,-
2025-04-08,2025-04,6,1,13.0,8.3,2299,-0.04,177.0,0.87,0.0,5155.0,-,-
2025-04-08,2025-04,6,-1,16.25,11.5,2679,0.03,165.0,0.86,0.0,5168.0,-,-
2025-04-08,2025-04,6,1,24.75,30.4,12371,0.01,500.0,0.79,0.0,5151.75,-,-
2025-04-08,2025-04,6,-1,12.25,5.7,1979,0.21,162.0,0.78,0.0,5176.5,-,-
2025-04-08,2025-04,6,1,8.75,3.2,1716,0.02,196.0,0.81,0.0,5164.25,-,-
2025-04-08,2025-04,6,-1,10.75,0.7,835,0.14,78.0,0.87,0.0,5173.0,-,-
2025-04-08,2025-04,7,1,13.0,3.9,4121,0.02,317.0,0.87,0.0,5162.25,-,-
2025-04-08,2025-04,7,-1,13.0,4.9,5112,0.06,393.0,0.82,0.0,5175.25,-,-
2025-04-08,2025-04,7,1,29.0,19.3,13954,0.07,481.0,0.83,0.0,5162.25,-,"VW2s,ONH"
2025-04-08,2025-04,7,-1,14.75,3.7,3902,-0.06,265.0,0.82,0.0,5191.25,"VW2s,ONH",-
2025-04-08,2025-04,7,1,9.25,1.5,1336,0.16,144.0,0.8,0.0,5176.5,-,-
2025-04-08,2025-04,7,-1,10.25,10.2,5287,0.04,516.0,0.86,0.0,5185.75,-,-
2025-04-08,2025-04,7,1,8.0,2.7,1196,0.03,150.0,0.86,0.0,5175.5,-,-
2025-04-08,2025-04,7,-1,13.0,2.3,1100,0.17,85.0,0.84,0.0,5183.5,-,-
2025-04-08,2025-04,7,1,18.25,11.1,5107,0.01,280.0,0.84,0.0,5170.5,-,-
2025-04-08,2025-04,8,-1,26.25,16.0,11061,0.19,421.0,0.77,0.0,5188.75,-,VWAP
2025-04-08,2025-04,8,1,10.0,4.9,2100,0.04,210.0,0.86,0.0,5162.5,VWAP,-
2025-04-08,2025-04,8,-1,20.25,5.0,2767,0.11,137.0,0.84,0.0,5172.5,-,-
2025-04-08,2025-04,8,1,26.25,21.9,9415,0.16,359.0,0.83,0.0,5152.25,-,-
2025-04-08,2025-04,8,-1,10.0,5.5,2021,0.03,202.0,0.81,0.0,5178.5,-,-
2025-04-08,2025-04,8,1,13.75,3.6,2680,0.54,195.0,0.69,0.0,5168.5,-,-
2025-04-08,2025-04,8,-1,8.0,7.3,2050,-0.01,256.0,0.87,0.0,5182.25,-,-
2025-04-08,2025-04,9,1,8.75,10.7,2860,0.1,327.0,0.83,0.0,5174.25,-,-
2025-04-08,2025-04,9,-1,17.0,12.0,4107,0.09,242.0,0.84,0.0,5183.0,-,VWAP
2025-04-08,2025-04,9,1,14.75,16.1,5913,0.06,401.0,0.82,0.0,5166.0,VWAP,-
2025-04-08,2025-04,9,-1,29.0,18.1,8169,0.02,282.0,0.83,0.0,5180.75,-,-
2025-04-08,2025-04,10,1,15.25,8.3,2687,0.11,176.0,0.85,0.0,5151.75,-,-
2025-04-08,2025-04,10,-1,11.75,5.8,2204,0.09,188.0,0.83,0.0,5167.0,-,-
2025-04-08,2025-04,10,1,24.0,28.3,8796,0.11,366.0,0.83,0.0,5155.25,-,-
2025-04-08,2025-04,10,-1,13.25,9.3,5576,-0.08,421.0,0.8,0.0,5179.25,-,VWAP
2025-04-08,2025-04,10,1,14.5,18.7,12761,0.15,880.0,0.78,0.0,5166.0,VWAP,-
2025-04-08,2025-04,11,-1,14.25,2.4,4949,0.06,347.0,0.78,0.0,5180.5,-,VWAP
2025-04-08,2025-04,11,1,8.0,0.3,595,0.33,74.0,0.78,0.0,5166.25,VWAP,-
2025-04-08,2025-04,11,-1,9.75,1.0,1926,0.11,198.0,0.82,0.0,5174.25,-,VWAP
2025-04-08,2025-04,11,1,24.5,3.5,4837,0.15,197.0,0.77,0.0,5164.5,VWAP,-
2025-04-08,2025-04,11,-1,14.75,0.8,2434,0.09,165.0,0.8,0.0,5189.0,-,-
2025-04-08,2025-04,11,1,12.0,3.2,2942,0.13,245.0,0.82,0.0,5174.25,-,-
2025-04-08,2025-04,11,-1,8.25,3.8,3010,0.04,365.0,0.8,0.0,5186.25,-,-
2025-04-08,2025-04,11,1,41.75,11.1,13376,0.13,320.0,0.75,0.0,5178.0,-,ONH
2025-04-08,2025-04,11,-1,14.0,3.4,8176,0.09,584.0,0.72,0.0,5219.75,ONH,-
2025-04-08,2025-04,11,1,12.25,2.5,3141,0.05,256.0,0.7,0.0,5205.75,-,ONH
2025-04-08,2025-04,11,-1,9.5,4.7,4497,0.04,473.0,0.75,0.0,5218.0,ONH,-
2025-04-08,2025-04,11,1,31.5,12.0,14178,0.16,450.0,0.75,0.0,5208.5,-,ONH
2025-04-08,2025-04,12,-1,18.25,4.0,6446,0.05,353.0,0.81,0.0,5240.0,ONH,-
2025-04-08,2025-04,12,1,25.75,6.8,8534,0.09,331.0,0.8,0.0,5221.75,-,ONH
2025-04-08,2025-04,12,-1,18.75,5.5,6484,0.07,346.0,0.83,0.0,5247.5,ONH,-
2025-04-08,2025-04,12,1,8.75,3.3,2162,0.07,247.0,0.86,0.0,5228.75,-,-
2025-04-08,2025-04,12,-1,17.25,6.9,7680,0.03,445.0,0.84,0.0,5237.5,-,-
2025-04-08,2025-04,12,1,20.75,2.1,3487,0.01,168.0,0.8,0.0,5220.25,-,-
2025-04-08,2025-04,12,-1,29.25,15.1,16778,-0.01,574.0,0.81,0.0,5241.0,-,-
2025-04-08,2025-04,12,1,14.0,3.5,3198,0.1,228.0,0.82,0.0,5211.75,-,-
2025-04-08,2025-04,12,-1,12.0,1.8,1915,0.15,160.0,0.78,0.0,5225.75,-,mS2
2025-04-08,2025-04,12,1,10.75,4.8,3213,0.04,299.0,0.84,0.0,5213.75,mS2,-
2025-04-08,2025-04,12,-1,8.5,2.5,1704,0.12,200.0,0.84,0.0,5224.5,-,mS2
2025-04-09,2025-04,22,1,1.75,0.5,609,-0.15,348.0,0.86,0.0,5010.75,"pdC,VWAP,VW2s,VW-2s,VW3s,VW-3s,ONH,ONL","pdC,VW2s,VW3s,ONH"
2025-04-09,2025-04,22,-1,43.0,3.8,3059,0.17,71.0,0.85,0.0,5012.5,"pdC,VW2s,VW3s,ONH","VW-2s,ONL"
2025-04-09,2025-04,22,1,11.0,0.7,431,0.3,39.0,0.86,0.0,4969.5,"VW-2s,ONL",-
2025-04-09,2025-04,22,-1,8.0,0.3,328,0.23,41.0,0.87,0.0,4980.5,-,-
2025-04-09,2025-04,22,1,14.75,1.2,611,0.25,41.0,0.84,0.0,4972.5,-,-
2025-04-09,2025-04,22,-1,14.0,1.0,819,0.27,58.0,0.85,0.0,4987.25,-,-
2025-04-09,2025-04,22,1,9.5,3.8,1620,0.05,171.0,0.84,0.0,4973.25,-,-
2025-04-09,2025-04,22,-1,17.5,7.6,3110,0.13,178.0,0.84,0.0,4982.75,-,ONL
2025-04-09,2025-04,22,1,9.25,1.3,672,0.07,73.0,0.87,0.0,4965.25,ONL,-
2025-04-09,2025-04,22,-1,24.5,3.4,2749,0.09,112.0,0.82,0.0,4974.5,-,"VW-2s,ONL"
2025-04-09,2025-04,22,1,22.75,7.1,3773,0.06,166.0,0.89,0.0,4950.0,"VW-2s,ONL",VWAP
2025-04-09,2025-04,22,-1,20.25,7.3,3203,0.08,158.0,0.84,0.0,4972.75,VWAP,-
2025-04-09,2025-04,22,1,11.75,1.9,782,0.15,67.0,0.88,0.0,4952.5,-,-
2025-04-09,2025-04,22,-1,9.75,2.2,1035,0.08,106.0,0.83,0.0,4964.25,-,-
2025-04-09,2025-04,22,1,24.0,9.2,3194,0.16,133.0,0.85,0.0,4954.5,-,-
2025-04-09,2025-04,22,-1,11.0,2.8,974,0.2,89.0,0.76,0.0,4978.5,-,-
2025-04-09,2025-04,22,1,9.0,4.1,997,0.13,111.0,0.84,0.0,4967.5,-,-
2025-04-09,2025-04,22,-1,41.0,19.9,7809,0.04,190.0,0.83,0.0,4976.5,-,ONL
2025-04-09,2025-04,23,1,12.0,1.8,1499,0.1,125.0,0.84,0.0,4935.5,ONL,-
2025-04-09,2025-04,23,-1,16.75,3.1,1845,0.2,110.0,0.81,0.0,4947.5,-,ONL
2025-04-09,2025-04,23,1,11.5,3.2,1459,0.17,127.0,0.87,0.0,4930.75,ONL,pdL
2025-04-09,2025-04,23,-1,13.25,3.1,2037,0.29,154.0,0.73,0.0,4942.25,pdL,"VW-2s,ONL"
2025-04-09,2025-04,23,1,14.75,11.8,5943,0.04,403.0,0.83,0.0,4929.0,"VW-2s,ONL",-
2025-04-09,2025-04,23,-1,16.5,4.1,1871,0.16,113.0,0.81,0.0,4943.75,-,ONL
2025-04-09,2025-04,23,1,24.25,3.2,2512,0.24,104.0,0.84,0.0,4927.25,ONL,-
2025-04-09,2025-04,23,-1,11.5,4.5,1979,0.04,172.0,0.84,0.0,4951.5,-,pdL
2025-04-09,2025-04,23,1,17.25,8.0,3972,0.22,230.0,0.84,0.0,4940.0,pdL,VWAP
2025-04-09,2025-04,0,-1,19.0,2.2,1777,0.17,94.0,0.81,0.0,4957.25,VWAP,-
2025-04-09,2025-04,0,1,8.0,0.9,503,0.31,63.0,0.88,0.0,4938.25,-,-
2025-04-09,2025-04,0,-1,21.25,11.2,7202,0.17,339.0,0.81,0.0,4946.25,-,ONL
2025-04-09,2025-04,0,1,12.25,5.4,3219,-0.13,263.0,0.85,0.0,4925.0,ONL,-
2025-04-09,2025-04,0,-1,12.25,2.6,1892,0.09,154.0,0.8,0.0,4937.25,-,ONL
2025-04-09,2025-04,0,1,9.0,11.1,5635,-0.06,626.0,0.83,0.0,4925.0,ONL,-
2025-04-09,2025-04,0,-1,13.75,1.5,921,0.31,67.0,0.78,0.0,4934.0,-,"mS3,ONL"
2025-04-09,2025-04,0,1,21.5,8.9,5050,0.04,235.0,0.82,0.0,4920.25,"mS3,ONL",pdL
2025-04-09,2025-04,0,-1,15.75,9.5,4423,0.0,281.0,0.81,0.0,4941.75,pdL,-
2025-04-09,2025-04,0,1,26.5,21.2,9548,0.15,360.0,0.79,0.0,4926.0,-,-
2025-04-09,2025-04,1,-1,36.25,11.8,9247,0.2,255.0,0.77,0.0,4952.5,-,ONL
2025-04-09,2025-04,1,1,13.25,1.2,924,0.29,70.0,0.8,0.0,4916.25,ONL,-
2025-04-09,2025-04,1,-1,8.0,2.1,800,0.27,100.0,0.83,0.0,4929.5,-,mS3
2025-04-09,2025-04,1,1,66.5,19.5,9254,0.1,139.0,0.79,0.0,4921.5,mS3,-
2025-04-09,2025-04,1,-1,23.0,2.2,2088,0.14,91.0,0.84,0.0,4988.0,-,-
2025-04-09,2025-04,1,1,9.75,0.4,236,0.08,24.0,0.86,0.0,4965.0,-,-
2025-04-09,2025-04,1,-1,11.0,0.9,310,0.26,28.0,0.87,0.0,4974.75,-,-
2025-04-09,2025-04,1,1,8.75,1.2,446,0.23,51.0,0.8,0.0,4963.75,-,-
2025-04-09,2025-04,1,-1,14.25,2.4,1093,0.13,77.0,0.87,0.0,4972.5,-,-
2025-04-09,2025-04,1,1,38.5,3.0,2797,0.12,73.0,0.83,0.0,4958.25,-,-
2025-04-09,2025-04,2,-1,22.75,5.4,4325,0.08,190.0,0.86,0.0,4996.75,-,-
2025-04-09,2025-04,2,1,20.25,11.6,4291,0.14,212.0,0.85,0.0,4974.0,-,-
2025-04-09,2025-04,2,-1,15.25,3.7,1283,0.13,84.0,0.87,0.0,4994.25,-,-
2025-04-09,2025-04,2,1,8.0,5.6,1396,0.15,174.0,0.87,0.0,4979.0,-,-
2025-04-09,2025-04,2,-1,10.5,2.0,720,0.03,69.0,0.89,0.0,4987.0,-,-
2025-04-09,2025-04,2,1,23.0,8.7,3769,0.16,164.0,0.83,0.0,4976.5,-,-
2025-04-09,2025-04,2,-1,42.5,22.4,7230,0.09,170.0,0.82,0.0,4999.5,-,-
2025-04-09,2025-04,2,1,12.0,2.0,1234,0.18,103.0,0.8,0.0,4957.0,-,-
2025-04-09,2025-04,3,-1,9.75,3.4,938,0.14,96.0,0.85,0.0,4969.0,-,-
2025-04-09,2025-04,3,1,12.25,5.5,1399,0.16,114.0,0.84,0.0,4959.25,-,-
2025-04-09,2025-04,3,-1,12.0,3.2,1332,0.01,111.0,0.84,0.0,4971.5,-,-
2025-04-09,2025-04,3,1,8.25,3.9,835,0.13,101.0,0.87,0.0,4959.5,-,-
2025-04-09,2025-04,3,-1,23.25,12.7,3809,0.08,164.0,0.84,0.0,4967.75,-,-
2025-04-09,2025-04,3,1,12.25,2.1,639,0.26,52.0,0.83,0.0,4944.5,-,-
2025-04-09,2025-04,3,-1,21.75,5.3,2060,0.07,95.0,0.81,0.0,4956.75,-,-
2025-04-09,2025-04,3,1,8.5,3.7,1169,0.08,138.0,0.86,0.0,4935.0,-,-
2025-04-09,2025-04,3,-1,14.0,3.1,1209,0.1,86.0,0.8,0.0,4943.5,-,-
2025-04-09,2025-04,3,1,11.5,3.1,1274,0.36,111.0,0.79,0.0,4929.5,-,pdL
2025-04-09,2025-04,3,-1,25.25,13.4,4698,0.2,186.0,0.8,0.0,4941.0,pdL,ONL
2025-04-09,2025-04,4,1,31.0,1.4,2447,0.19,79.0,0.82,0.0,4915.75,ONL,-
2025-04-09,2025-04,4,-1,22.5,1.6,1802,0.1,80.0,0.82,0.0,4946.75,-,-
2025-04-09,2025-04,4,1,9.5,1.4,1015,0.09,107.0,0.81,0.0,4924.25,-,-
2025-04-09,2025-04,4,-1,22.75,4.7,3126,0.16,137.0,0.78,0.0,4933.75,-,ONL
2025-04-09,2025-04,4,1,21.75,6.4,3217,0.19,148.0,0.81,0.0,4911.0,ONL,-
2025-04-09,2025-04,4,-1,41.25,10.6,5680,0.19,138.0,0.78,0.0,4932.75,-,ONL
2025-04-09,2025-04,4,1,8.0,0.8,502,0.06,63.0,0.84,0.0,4891.5,ONL,-
2025-04-09,2025-04,4,-1,14.25,4.0,2161,-0.0,152.0,0.86,0.0,4899.5,-,ONL
2025-04-09,2025-04,4,1,26.5,5.2,3512,0.14,133.0,0.84,0.0,4885.25,ONL,-
2025-04-09,2025-04,4,-1,15.0,6.7,3005,0.06,200.0,0.85,0.0,4911.75,-,VW-2s
2025-04-09,2025-04,4,1,28.0,5.4,2584,0.18,92.0,0.8,0.0,4896.75,VW-2s,-
2025-04-09,2025-04,4,-1,33.75,12.7,4552,0.03,135.0,0.82,0.0,4924.75,-,-
2025-04-09,2025-04,5,1,12.25,1.6,737,0.25,60.0,0.88,0.0,4891.0,-,-
2025-04-09,2025-04,5,-1,13.75,3.7,1264,0.12,92.0,0.85,0.0,4903.25,-,-
2025-04-09,2025-04,5,1,23.75,5.2,2325,0.19,98.0,0.84,0.0,4889.5,-,-
2025-04-09,2025-04,5,-1,10.5,1.6,544,0.22,52.0,0.84,0.0,4913.25,-,-
2025-04-09,2025-04,5,1,12.25,2.5,912,0.09,74.0,0.85,0.0,4902.75,-,-
2025-04-09,2025-04,5,-1,17.0,1.1,625,0.1,37.0,0.82,0.0,4915.0,-,-
2025-04-09,2025-04,5,1,17.75,5.2,1784,0.21,101.0,0.84,0.0,4898.0,-,-
2025-04-09,2025-04,5,-1,8.5,4.2,816,0.11,96.0,0.88,0.0,4915.75,-,-
2025-04-09,2025-04,5,1,9.25,1.0,363,0.09,39.0,0.87,0.0,4907.25,-,-
2025-04-09,2025-04,5,-1,42.5,11.2,5899,0.08,139.0,0.84,0.0,4916.5,-,ONL
2025-04-09,2025-04,5,1,15.0,2.0,1472,0.13,98.0,0.81,0.0,4874.0,ONL,VW-2s
2025-04-09,2025-04,5,-1,10.0,1.1,455,0.14,46.0,0.81,0.0,4889.0,VW-2s,-
2025-04-09,2025-04,5,1,13.25,3.1,1269,0.15,96.0,0.82,0.0,4879.0,-,-
2025-04-09,2025-04,5,-1,9.25,1.6,441,0.17,48.0,0.83,0.0,4892.25,-,-
2025-04-09,2025-04,5,1,21.5,4.1,1163,0.36,54.0,0.81,0.0,4883.0,-,-
2025-04-09,2025-04,5,-1,8.5,4.6,1329,0.05,156.0,0.83,0.0,4904.5,-,-
2025-04-09,2025-04,5,1,36.25,6.3,3127,0.12,86.0,0.81,0.0,4896.0,-,-
2025-04-09,2025-04,6,-1,13.0,3.3,1977,0.27,152.0,0.79,0.0,4932.25,-,mS3
2025-04-09,2025-04,6,1,49.0,9.8,7009,0.08,143.0,0.79,0.0,4919.25,mS3,-
2025-04-09,2025-04,6,-1,17.75,0.7,1113,0.23,63.0,0.82,0.0,4968.25,-,-
2025-04-09,2025-04,6,1,11.75,0.8,1289,0.27,110.0,0.77,0.0,4950.5,-,-
2025-04-09,2025-04,6,-1,37.5,13.3,11855,0.04,316.0,0.8,0.0,4962.25,-,-
2025-04-09,2025-04,6,1,15.75,3.2,3038,0.06,193.0,0.82,0.0,4924.75,-,"pdL,VWAP"
2025-04-09,2025-04,6,-1,8.75,0.8,447,0.23,51.0,0.83,0.0,4940.5,"pdL,VWAP",-
2025-04-09,2025-04,6,1,11.75,1.5,1064,0.14,91.0,0.84,0.0,4931.75,-,-
2025-04-09,2025-04,6,-1,11.5,0.6,472,0.11,41.0,0.84,0.0,4943.5,-,-
2025-04-09,2025-04,6,1,11.5,2.2,1554,0.08,135.0,0.81,0.0,4932.0,-,-
2025-04-09,2025-04,6,-1,10.0,1.0,458,0.03,46.0,0.89,0.0,4943.5,-,-
2025-04-09,2025-04,6,1,19.0,8.3,3746,0.14,197.0,0.83,0.0,4933.5,-,-
2025-04-09,2025-04,6,-1,15.25,2.3,1441,0.15,94.0,0.81,0.0,4952.5,-,-
2025-04-09,2025-04,6,1,20.5,6.1,3036,0.04,148.0,0.85,0.0,4937.25,-,-
2025-04-09,2025-04,6,-1,14.5,3.2,1928,-0.01,133.0,0.86,0.0,4957.75,-,-
2025-04-09,2025-04,6,1,114.25,3.8,8078,0.24,71.0,0.81,0.0,4943.25,-,ONH
2025-04-09,2025-04,7,-1,66.0,0.6,2436,0.15,37.0,0.71,0.0,5057.5,ONH,-
2025-04-09,2025-04,7,1,49.25,0.5,1637,0.31,33.0,0.74,0.0,4991.5,-,-
2025-04-09,2025-04,7,-1,24.75,0.1,966,0.3,39.0,0.75,0.0,5040.75,-,-
2025-04-09,2025-04,7,1,14.0,0.3,1270,0.08,91.0,0.7,0.0,5016.0,-,VW3s
2025-04-09,2025-04,7,-1,25.75,1.0,1914,0.22,74.0,0.79,0.0,5030.0,VW3s,-
2025-04-09,2025-04,7,1,13.5,0.7,1374,-0.04,102.0,0.84,0.0,5004.25,-,-
2025-04-09,2025-04,7,-1,21.75,0.8,1295,0.36,60.0,0.76,0.0,5017.75,-,-
2025-04-09,2025-04,7,1,13.75,0.2,474,0.06,34.0,0.85,0.0,4996.0,-,-
2025-04-09,2025-04,7,-1,26.75,0.9,1981,0.11,74.0,0.8,0.0,5009.75,-,-
2025-04-09,2025-04,7,1,14.75,0.8,969,-0.03,66.0,0.86,0.0,4983.0,-,-
2025-04-09,2025-04,7,-1,12.75,0.1,233,-0.11,18.0,0.86,0.0,4997.75,-,-
2025-04-09,2025-04,7,1,8.0,0.1,275,0.11,34.0,0.81,0.0,4985.0,-,-
2025-04-09,2025-04,7,-1,9.0,0.3,349,0.28,39.0,0.82,0.0,4993.0,-,-
2025-04-09,2025-04,7,1,13.25,0.4,254,0.13,19.0,0.89,0.0,4984.0,-,-
2025-04-09,2025-04,7,-1,9.25,0.7,429,0.1,46.0,0.82,0.0,4997.25,-,-
2025-04-09,2025-04,7,1,29.75,2.6,3457,0.12,116.0,0.82,0.0,4988.0,-,-
2025-04-09,2025-04,7,-1,11.25,0.9,1773,0.1,158.0,0.79,0.0,5017.75,-,VW2s
2025-04-09,2025-04,7,1,27.75,1.1,2176,0.28,78.0,0.73,0.0,5006.5,VW2s,-
2025-04-09,2025-04,7,-1,21.75,0.8,2429,0.02,112.0,0.82,0.0,5034.25,-,"pdC,VW2s"
2025-04-09,2025-04,7,1,10.5,0.6,937,-0.01,89.0,0.84,0.0,5012.5,"pdC,VW2s",-
2025-04-09,2025-04,7,-1,8.75,0.1,171,0.39,20.0,0.83,0.0,5023.0,-,"pdC,VW2s"
2025-04-09,2025-04,7,1,9.0,0.2,287,0.16,32.0,0.84,0.0,5014.25,"pdC,VW2s",-
2025-04-09,2025-04,7,-1,10.0,1.9,2242,0.0,224.0,0.84,0.0,5023.25,-,"pdC,VW2s"
2025-04-09,2025-04,7,1,8.75,0.2,383,0.09,44.0,0.84,0.0,5013.25,"pdC,VW2s",-
2025-04-09,2025-04,7,-1,28.25,2.6,3236,0.16,115.0,0.84,0.0,5022.0,-,-
2025-04-09,2025-04,7,1,23.25,4.1,3849,0.1,166.0,0.84,0.0,4993.75,-,VW2s
2025-04-09,2025-04,7,-1,9.0,1.1,710,0.16,79.0,0.87,0.0,5017.0,VW2s,-
2025-04-09,2025-04,7,1,10.5,2.6,1834,0.0,175.0,0.88,0.0,5008.0,-,VW2s
2025-04-09,2025-04,7,-1,15.5,1.5,1260,0.05,81.0,0.84,0.0,5018.5,VW2s,-
2025-04-09,2025-04,7,1,47.5,11.3,11642,0.07,245.0,0.79,0.0,5003.0,-,-
2025-04-09,2025-04,7,-1,18.5,1.3,1668,0.19,90.0,0.81,0.0,5050.5,-,-
2025-04-09,2025-04,7,1,19.0,2.0,2213,0.09,116.0,0.83,0.0,5032.0,-,-
2025-04-09,2025-04,7,-1,11.75,1.9,2221,0.17,189.0,0.83,0.0,5051.0,-,-
2025-04-09,2025-04,7,1,9.5,0.2,256,0.05,27.0,0.88,0.0,5039.25,-,-
2025-04-09,2025-04,7,-1,11.25,0.8,755,0.21,67.0,0.81,0.0,5048.75,-,-
2025-04-09,2025-04,7,1,9.0,1.4,1286,0.0,143.0,0.86,0.0,5037.5,-,-
2025-04-09,2025-04,7,-1,19.5,3.3,3567,0.12,183.0,0.81,0.0,5046.5,-,-
2025-04-09,2025-04,7,1,8.5,1.1,1679,0.04,198.0,0.77,0.0,5027.0,-,VW2s
2025-04-09,2025-04,7,-1,10.5,0.5,706,0.24,67.0,0.75,0.0,5035.5,VW2s,-
2025-04-09,2025-04,7,1,15.75,3.1,2517,0.07,160.0,0.82,0.0,5025.0,-,-
2025-04-09,2025-04,7,-1,10.75,1.9,815,0.15,76.0,0.83,0.0,5040.75,-,-
2025-04-09,2025-04,7,1,20.0,3.0,2480,0.15,124.0,0.82,0.0,5030.0,-,-
2025-04-09,2025-04,8,-1,46.5,5.7,5800,0.07,125.0,0.83,0.0,5050.0,-,-
2025-04-09,2025-04,8,1,13.25,4.2,2495,0.17,188.0,0.86,0.0,5003.5,-,-
2025-04-09,2025-04,8,-1,20.0,1.9,1506,0.15,75.0,0.9,0.0,5016.75,-,-
2025-04-09,2025-04,8,1,16.5,3.0,2229,0.23,135.0,0.8,0.0,4996.75,-,pdC
2025-04-09,2025-04,8,-1,8.0,0.4,196,0.13,24.0,0.93,0.0,5013.25,pdC,-
2025-04-09,2025-04,8,1,12.5,3.0,1212,-0.01,97.0,0.87,0.0,5005.25,-,-
2025-04-09,2025-04,8,-1,11.0,1.0,394,0.05,36.0,0.91,0.0,5017.75,-,-
2025-04-09,2025-04,8,1,16.5,4.0,1489,0.11,90.0,0.87,0.0,5006.75,-,-
2025-04-09,2025-04,8,-1,51.5,8.2,6349,0.14,123.0,0.8,0.0,5023.25,-,-
2025-04-09,2025-04,8,1,32.0,4.3,4586,0.13,143.0,0.82,0.0,4971.75,-,-
2025-04-09,2025-04,8,-1,8.0,1.9,1489,0.16,186.0,0.82,0.0,5003.75,-,-
2025-04-09,2025-04,8,1,20.5,1.9,1578,0.14,77.0,0.82,0.0,4995.75,-,-
2025-04-09,2025-04,8,-1,15.75,1.8,1081,0.12,69.0,0.85,0.0,5016.25,-,-
2025-04-09,2025-04,8,1,19.0,5.5,3400,0.06,179.0,0.82,0.0,5000.5,-,-
2025-04-09,2025-04,8,-1,13.0,1.5,1153,0.13,89.0,0.82,0.0,5019.5,-,-
2025-04-09,2025-04,8,1,20.0,4.0,2579,0.09,129.0,0.83,0.0,5006.5,-,-
2025-04-09,2025-04,8,-1,8.25,1.6,1080,0.06,131.0,0.84,0.0,5026.5,-,-
2025-04-09,2025-04,8,1,15.25,2.8,1410,0.09,92.0,0.81,0.0,5018.25,-,-
2025-04-09,2025-04,8,-1,12.5,2.9,1805,0.14,144.0,0.82,0.0,5033.5,-,-
2025-04-09,2025-04,9,1,10.25,1.2,790,0.12,77.0,0.86,0.0,5021.0,-,-
2025-04-09,2025-04,9,-1,15.25,2.5,1537,0.12,101.0,0.81,0.0,5031.25,-,-
2025-04-09,2025-04,9,1,25.5,6.5,3767,0.25,148.0,0.77,0.0,5016.0,-,-
2025-04-09,2025-04,9,-1,16.5,9.8,4543,0.04,275.0,0.84,0.0,5041.5,-,-
2025-04-09,2025-04,9,1,8.25,0.4,539,0.25,65.0,0.78,0.0,5025.0,-,-
2025-04-09,2025-04,9,-1,18.0,4.9,2161,0.02,120.0,0.85,0.0,5033.25,-,-
2025-04-09,2025-04,9,1,13.25,0.8,360,0.34,27.0,0.85,0.0,5015.25,-,-
2025-04-09,2025-04,9,-1,8.75,1.2,646,0.02,74.0,0.83,0.0,5028.5,-,-
2025-04-09,2025-04,9,1,11.0,1.2,1146,0.25,104.0,0.74,0.0,5019.75,-,-
2025-04-09,2025-04,9,-1,15.75,4.8,2142,0.09,136.0,0.81,0.0,5030.75,-,-
2025-04-09,2025-04,9,1,9.5,2.1,899,0.1,95.0,0.8,0.0,5015.0,-,-
2025-04-09,2025-04,9,-1,29.5,13.4,5776,0.1,196.0,0.82,0.0,5024.5,-,-
2025-04-09,2025-04,9,1,14.75,5.8,2287,0.06,155.0,0.85,0.0,4995.0,-,-
2025-04-09,2025-04,9,-1,10.5,3.7,1747,-0.03,166.0,0.84,0.0,5009.75,-,-
2025-04-09,2025-04,10,1,12.75,1.2,1151,-0.03,90.0,0.82,0.0,4999.25,-,pdC
2025-04-09,2025-04,10,-1,15.5,0.9,544,0.24,35.0,0.84,0.0,5012.0,pdC,-
2025-04-09,2025-04,10,1,8.25,0.7,363,0.12,44.0,0.85,0.0,4996.5,-,-
2025-04-09,2025-04,10,-1,18.75,2.3,1836,0.13,98.0,0.79,0.0,5004.75,-,-
2025-04-09,2025-04,10,1,15.25,5.5,2539,0.08,166.0,0.82,0.0,4986.0,-,-
2025-04-09,2025-04,10,-1,9.5,1.9,609,0.27,64.0,0.85,0.0,5001.25,-,-
2025-04-09,2025-04,10,1,14.25,1.9,728,0.25,51.0,0.84,0.0,4991.75,-,-
2025-04-09,2025-04,10,-1,35.0,10.8,4744,0.05,136.0,0.84,0.0,5006.0,-,-
2025-04-09,2025-04,10,1,18.5,2.4,1164,0.12,63.0,0.86,0.0,4971.0,-,-
2025-04-09,2025-04,10,-1,20.5,5.8,2854,0.19,139.0,0.78,0.0,4989.5,-,VWAP
2025-04-09,2025-04,10,1,10.5,1.8,955,0.08,91.0,0.86,0.0,4969.0,VWAP,-
2025-04-09,2025-04,10,-1,8.0,0.8,432,0.08,54.0,0.81,0.0,4979.5,-,-
2025-04-09,2025-04,10,1,27.5,5.2,3979,0.13,145.0,0.81,0.0,4971.5,-,-
2025-04-09,2025-04,10,-1,15.0,2.6,1420,0.04,95.0,0.84,0.0,4999.0,-,-
2025-04-09,2025-04,10,1,13.5,2.0,909,0.13,67.0,0.82,0.0,4984.0,-,-
2025-04-09,2025-04,10,-1,8.0,0.6,225,0.38,28.0,0.84,0.0,4997.5,-,-
2025-04-09,2025-04,10,1,42.25,11.1,6506,0.06,154.0,0.82,0.0,4989.5,-,-
2025-04-09,2025-04,10,-1,55.75,2.3,4056,0.12,73.0,0.76,0.0,5031.75,-,-
2025-04-09,2025-04,11,1,8.0,0.1,818,-0.15,102.0,0.8,0.0,4976.0,-,-
2025-04-09,2025-04,11,-1,51.25,0.2,2240,0.28,44.0,0.75,0.0,4984.0,-,-
2025-04-09,2025-04,11,1,15.0,0.0,539,-0.11,36.0,0.84,0.0,4932.75,-,-
2025-04-09,2025-04,11,-1,11.0,0.0,326,-0.14,30.0,0.8,0.0,4947.75,-,-
2025-04-09,2025-04,11,1,27.0,0.1,647,0.27,24.0,0.82,0.0,4936.75,-,-
2025-04-09,2025-04,11,-1,30.25,0.3,1941,0.06,64.0,0.78,0.0,4963.75,-,-
2025-04-09,2025-04,11,1,14.25,0.1,375,0.12,26.0,0.79,0.0,4933.5,-,-
2025-04-09,2025-04,11,-1,9.0,0.1,585,0.32,65.0,0.67,0.0,4947.75,-,pdL
2025-04-09,2025-04,11,1,26.25,0.2,1145,0.0,44.0,0.82,0.0,4938.75,pdL,-
2025-04-09,2025-04,11,-1,21.5,0.6,1920,0.19,89.0,0.77,0.0,4965.0,-,-
2025-04-09,2025-04,11,1,14.25,0.3,972,0.11,68.0,0.82,0.0,4943.5,-,-
2025-04-09,2025-04,11,-1,34.0,0.8,3551,0.26,104.0,0.69,0.0,4957.75,-,-
2025-04-09,2025-04,11,1,16.75,0.2,1029,0.17,61.0,0.84,0.0,4923.75,-,pdL
2025-04-09,2025-04,11,-1,11.5,0.6,1468,-0.03,128.0,0.79,0.0,4940.5,pdL,-
2025-04-09,2025-04,11,1,20.75,0.3,1295,0.16,62.0,0.76,0.0,4929.0,-,-
2025-04-09,2025-04,11,-1,17.25,0.4,1352,0.24,78.0,0.68,0.0,4949.75,-,-
2025-04-09,2025-04,11,1,10.5,0.6,1219,0.19,116.0,0.77,0.0,4932.5,-,-
2025-04-09,2025-04,11,-1,13.0,1.3,2435,0.22,187.0,0.74,0.0,4943.0,-,-
2025-04-09,2025-04,11,1,25.75,0.8,1478,0.1,57.0,0.79,0.0,4930.0,-,-
2025-04-09,2025-04,11,-1,24.75,1.9,3188,0.1,129.0,0.77,0.0,4955.75,-,-
2025-04-09,2025-04,11,1,12.75,2.0,2111,0.11,166.0,0.81,0.0,4931.0,-,-
2025-04-09,2025-04,11,-1,9.25,0.4,679,-0.05,73.0,0.83,0.0,4943.75,-,-
2025-04-09,2025-04,11,1,19.0,1.1,1738,0.29,91.0,0.78,0.0,4934.5,-,-
2025-04-09,2025-04,11,-1,13.0,0.6,740,0.18,57.0,0.84,0.0,4953.5,-,pdL
2025-04-09,2025-04,11,1,10.0,0.6,532,0.12,53.0,0.84,0.0,4940.5,pdL,-
2025-04-09,2025-04,11,-1,9.75,0.5,378,0.27,39.0,0.85,0.0,4950.5,-,pdL
2025-04-09,2025-04,11,1,37.25,1.5,2267,0.24,61.0,0.8,0.0,4940.75,pdL,-
2025-04-09,2025-04,11,-1,32.75,2.6,2998,0.12,92.0,0.81,0.0,4978.0,-,-
2025-04-09,2025-04,11,1,26.5,1.4,3236,-0.09,122.0,0.81,0.0,4945.25,-,-
2025-04-09,2025-04,11,-1,28.5,4.2,3918,0.12,137.0,0.83,0.0,4971.75,-,-
2025-04-09,2025-04,11,1,19.5,2.2,2319,0.09,119.0,0.86,0.0,4943.25,-,-
2025-04-09,2025-04,11,-1,9.0,2.3,1329,0.11,148.0,0.86,0.0,4962.75,-,-
2025-04-09,2025-04,11,1,11.5,0.2,436,0.24,38.0,0.82,0.0,4953.75,-,-
2025-04-09,2025-04,11,-1,34.25,5.0,6474,0.16,189.0,0.77,0.0,4965.25,-,-
2025-04-09,2025-04,11,1,11.0,0.2,1163,-0.08,106.0,0.75,0.0,4931.0,-,pdL
2025-04-09,2025-04,11,-1,14.25,2.1,3568,0.11,250.0,0.78,0.0,4942.0,pdL,-
2025-04-09,2025-04,11,1,10.25,0.6,480,0.15,47.0,0.83,0.0,4927.75,-,-
2025-04-09,2025-04,11,-1,33.0,6.1,7424,0.11,225.0,0.78,0.0,4938.0,-,-
2025-04-09,2025-04,11,1,14.25,0.9,1143,0.09,80.0,0.82,0.0,4905.0,-,mS3
2025-04-09,2025-04,11,-1,16.25,0.7,1337,0.15,82.0,0.81,0.0,4919.25,mS3,-
2025-04-09,2025-04,11,1,76.0,4.1,6965,0.07,92.0,0.8,0.0,4903.0,-,-
2025-04-09,2025-04,11,-1,40.0,0.2,1495,0.06,37.0,0.81,0.0,4979.0,-,pdL
2025-04-09,2025-04,11,1,8.0,0.2,923,0.13,115.0,0.81,0.0,4939.0,pdL,-
2025-04-09,2025-04,11,-1,20.0,0.1,740,0.2,37.0,0.77,0.0,4947.0,-,-
2025-04-09,2025-04,11,1,24.5,0.3,1015,0.15,41.0,0.82,0.0,4927.0,-,-
2025-04-09,2025-04,11,-1,20.25,1.1,2765,0.15,137.0,0.81,0.0,4951.5,-,-
2025-04-09,2025-04,11,1,9.5,0.2,155,-0.08,16.0,0.95,0.0,4931.25,-,pdL
2025-04-09,2025-04,11,-1,11.75,0.5,560,0.44,48.0,0.76,0.0,4940.75,pdL,-
2025-04-09,2025-04,11,1,10.75,0.2,387,0.31,36.0,0.77,0.0,4929.0,-,pdL
2025-04-09,2025-04,11,-1,11.75,0.2,584,0.17,50.0,0.73,0.0,4939.75,pdL,-
2025-04-09,2025-04,11,1,11.0,0.6,575,-0.0,52.0,0.85,0.0,4928.0,-,pdL
2025-04-09,2025-04,11,-1,19.0,2.0,2042,0.08,107.0,0.8,0.0,4939.0,pdL,mS3
2025-04-09,2025-04,11,1,12.0,1.0,1675,0.11,140.0,0.78,0.0,4920.0,mS3,-
2025-04-09,2025-04,11,-1,10.75,2.5,1895,0.09,176.0,0.81,0.0,4932.0,-,mS3
2025-04-09,2025-04,11,1,8.75,0.6,332,0.41,38.0,0.79,0.0,4921.25,mS3,-
2025-04-09,2025-04,11,-1,10.0,1.0,631,0.31,63.0,0.79,0.0,4930.0,-,mS3
2025-04-09,2025-04,11,1,11.75,1.9,1415,-0.01,120.0,0.83,0.0,4920.0,mS3,-
2025-04-09,2025-04,12,-1,20.25,1.1,2678,0.13,132.0,0.77,0.0,4931.75,-,-
2025-04-09,2025-04,12,1,23.5,1.1,2732,0.25,116.0,0.76,0.0,4911.5,-,-
2025-04-09,2025-04,12,-1,8.25,0.3,643,0.18,78.0,0.8,0.0,4935.0,-,-
2025-04-09,2025-04,12,1,8.0,0.9,902,0.04,113.0,0.85,0.0,4926.75,-,-
2025-04-09,2025-04,12,-1,16.5,2.0,1786,0.08,108.0,0.84,0.0,4934.75,-,-
2025-04-09,2025-04,12,1,19.25,6.4,5480,0.03,285.0,0.82,0.0,4918.25,-,-
2025-04-09,2025-04,12,-1,10.25,1.4,1031,0.15,101.0,0.8,0.0,4937.5,-,-
2025-04-09,2025-04,12,1,11.5,0.5,530,0.34,46.0,0.83,0.0,4927.25,-,pdL
2025-04-09,2025-04,12,-1,11.75,1.3,1421,0.11,121.0,0.85,0.0,4938.75,pdL,-
2025-04-09,2025-04,12,1,9.5,2.4,2786,0.12,293.0,0.77,0.0,4927.0,-,-
2025-04-09,2025-04,12,-1,13.5,0.2,1034,0.03,77.0,0.8,0.0,4936.5,-,mS3
2025-04-09,2025-04,12,1,9.75,1.2,1086,0.03,111.0,0.86,0.0,4923.0,mS3,-
2025-04-09,2025-04,12,-1,22.0,5.7,4529,0.11,206.0,0.81,0.0,4932.75,-,-
2025-04-09,2025-04,12,1,20.0,5.1,5737,0.08,287.0,0.82,0.0,4910.75,-,-
2025-04-09,2025-04,12,-1,21.5,1.9,4913,0.06,229.0,0.74,0.0,4930.75,-,-
2025-04-09,2025-04,12,1,12.75,0.5,870,0.27,68.0,0.79,0.0,4909.25,-,mS3
2025-04-09,2025-04,12,-1,8.5,2.3,1610,0.1,189.0,0.82,0.0,4922.0,mS3,-
2025-04-09,2025-04,12,1,8.5,0.9,1267,-0.01,149.0,0.84,0.0,4913.5,-,mS3
2025-04-09,2025-04,12,-1,11.5,2.2,1474,0.22,128.0,0.8,0.0,4922.0,mS3,-
2025-04-09,2025-04,12,1,34.0,7.0,7696,-0.02,226.0,0.9,0.0,4910.5,-,-
2025-04-09,2025-04,12,-1,8.5,2.5,2569,0.11,302.0,0.81,0.0,4944.5,-,-
2025-04-09,2025-04,12,1,32.0,4.8,7886,0.1,246.0,0.77,0.0,4936.0,-,-
2025-04-09,2025-04,12,-1,9.0,0.6,1451,0.19,161.0,0.72,0.0,4968.0,-,VWAP
2025-04-09,2025-04,12,1,30.0,2.3,5319,0.04,177.0,0.77,0.0,4959.0,VWAP,-
2025-04-09,2025-04,12,-1,27.75,2.4,6022,0.22,217.0,0.75,0.0,4989.0,-,VWAP
2025-04-09,2025-04,12,1,10.25,0.4,578,0.19,56.0,0.79,0.0,4961.25,VWAP,-
2025-04-10,2025-04,22,1,7.0,0.5,1382,0.04,197.0,0.74,0.0,5503.25,"VWAP,VW2s,VW-2s,VW3s,VW-3s,ONH,ONL","VW2s,ONH"
2025-04-10,2025-04,22,-1,16.75,0.7,809,0.12,48.0,0.88,0.0,5510.25,"VW2s,ONH","VW-2s,ONL"
2025-04-10,2025-04,22,1,8.75,0.9,573,0.19,65.0,0.84,0.0,5493.5,"VW-2s,ONL",VWAP
2025-04-10,2025-04,22,-1,11.75,2.1,844,0.33,72.0,0.83,0.0,5502.25,VWAP,"VW-2s,ONL"
2025-04-10,2025-04,22,1,26.0,23.4,8514,0.09,327.0,0.81,0.0,5490.5,"VW-2s,ONL","VW2s,ONH"
2025-04-10,2025-04,22,-1,8.5,5.8,1716,0.14,202.0,0.8,0.0,5516.5,"VW2s,ONH",-
2025-04-10,2025-04,22,1,11.5,11.9,3117,0.17,271.0,0.82,0.0,5508.0,-,"pdH,ONH"
2025-04-10,2025-04,22,-1,8.5,1.1,521,0.32,61.0,0.78,0.0,5519.5,"pdH,ONH",-
2025-04-10,2025-04,22,1,17.5,14.8,5904,0.2,337.0,0.73,0.0,5511.0,-,"VW2s,ONH"
2025-04-10,2025-04,23,-1,17.0,12.4,3674,0.15,216.0,0.79,0.0,5528.5,"VW2s,ONH","pdC,VWAP"
2025-04-10,2025-04,23,1,8.25,5.6,1263,0.01,153.0,0.84,0.0,5511.5,"pdC,VWAP",pdH
2025-04-10,2025-04,23,-1,8.25,5.9,1447,0.07,175.0,0.71,0.0,5519.75,pdH,"pdC,VWAP"
2025-04-10,2025-04,23,1,8.0,8.8,1558,0.1,195.0,0.77,0.0,5511.5,"pdC,VWAP",pdH
2025-04-10,2025-04,23,-1,10.25,19.2,4610,0.19,450.0,0.79,0.0,5519.5,pdH,-
2025-04-10,2025-04,23,1,8.75,5.6,1895,0.02,217.0,0.81,0.0,5509.25,-,pdH
2025-04-10,2025-04,23,-1,10.5,1.6,1265,0.13,120.0,0.78,0.0,5518.0,pdH,-
2025-04-10,2025-04,0,1,10.25,3.2,1830,0.09,179.0,0.83,0.0,5507.5,-,-
2025-04-10,2025-04,0,-1,15.0,7.3,2875,0.18,192.0,0.81,0.0,5517.75,-,-
2025-04-10,2025-04,0,1,8.75,4.6,1602,0.09,183.0,0.86,0.0,5502.75,-,"pdC,VWAP"
2025-04-10,2025-04,0,-1,28.75,20.3,10480,0.19,365.0,0.82,0.0,5511.5,"pdC,VWAP","VW-3s,ONL"
2025-04-10,2025-04,0,1,9.5,4.5,1716,0.0,181.0,0.89,0.0,5482.75,"VW-3s,ONL",-
2025-04-10,2025-04,0,-1,16.5,3.2,1667,0.13,101.0,0.83,0.0,5492.25,-,"VW-3s,ONL"
2025-04-10,2025-04,0,1,12.5,2.0,1023,0.16,82.0,0.84,0.0,5475.75,"VW-3s,ONL",VW-2s
2025-04-10,2025-04,0,-1,8.25,4.4,1523,0.04,185.0,0.87,0.0,5488.25,VW-2s,-
2025-04-10,2025-04,0,1,26.5,13.1,5402,0.08,204.0,0.86,0.0,5480.0,-,VWAP
2025-04-10,2025-04,1,-1,32.5,13.2,5977,0.04,184.0,0.87,0.0,5506.5,VWAP,ONL
2025-04-10,2025-04,1,1,8.25,4.1,1655,0.03,201.0,0.88,0.0,5474.0,ONL,-
2025-04-10,2025-04,1,-1,18.0,9.8,4062,0.04,226.0,0.88,0.0,5482.25,-,ONL
2025-04-10,2025-04,1,1,9.5,3.5,2142,0.04,225.0,0.84,0.0,5464.25,ONL,VW-2s
2025-04-10,2025-04,1,-1,8.75,9.5,2977,0.08,340.0,0.85,0.0,5473.75,VW-2s,ONL
2025-04-10,2025-04,1,1,13.25,9.9,3672,0.02,277.0,0.83,0.0,5465.0,ONL,-
2025-04-10,2025-04,1,-1,11.25,14.2,3865,0.05,344.0,0.84,0.0,5478.25,-,-
2025-04-10,2025-04,2,1,15.75,13.6,3443,0.03,219.0,0.83,0.0,5467.0,-,-
2025-04-10,2025-04,2,-1,24.0,44.5,9744,0.01,406.0,0.83,0.0,5482.75,-,"VW-2s,ONL"
2025-04-10,2025-04,3,1,10.75,6.4,1912,0.16,178.0,0.81,0.0,5458.75,"VW-2s,ONL",-
2025-04-10,2025-04,3,-1,23.5,24.5,7127,0.08,303.0,0.84,0.0,5469.5,-,ONL
2025-04-10,2025-04,3,1,8.5,4.0,884,0.21,104.0,0.82,0.0,5446.0,ONL,-
2025-04-10,2025-04,3,-1,10.0,3.3,1246,0.1,125.0,0.86,0.0,5454.5,-,ONL
2025-04-10,2025-04,3,1,13.0,16.2,3262,0.09,251.0,0.85,0.0,5444.5,ONL,-
2025-04-10,2025-04,3,-1,16.5,12.6,3133,0.08,190.0,0.83,0.0,5457.5,-,ONL
2025-04-10,2025-04,4,1,14.5,8.0,1963,0.11,135.0,0.84,0.0,5441.0,ONL,-
2025-04-10,2025-04,4,-1,8.0,25.3,3598,-0.02,450.0,0.88,0.0,5455.5,-,-
2025-04-10,2025-04,4,1,9.5,2.0,707,0.23,74.0,0.82,0.0,5447.5,-,-
2025-04-10,2025-04,4,-1,14.5,27.9,4847,0.08,334.0,0.85,0.0,5457.0,-,ONL
2025-04-10,2025-04,5,1,34.25,46.1,12057,0.08,352.0,0.83,0.0,5442.5,ONL,-
2025-04-10,2025-04,6,-1,19.5,21.7,7518,0.01,386.0,0.87,0.0,5476.75,-,-
2025-04-10,2025-04,6,1,14.0,1.6,1442,0.11,103.0,0.84,0.0,5457.25,-,-
2025-04-10,2025-04,6,-1,10.0,3.7,2235,0.01,224.0,0.87,0.0,5471.25,-,-
2025-04-10,2025-04,6,1,11.75,5.8,3420,-0.05,291.0,0.89,0.0,5461.25,-,-
2025-04-10,2025-04,6,-1,22.25,14.7,6641,0.02,298.0,0.83,0.0,5473.0,-,-
2025-04-10,2025-04,6,1,27.75,15.6,9993,0.02,360.0,0.86,0.0,5450.75,-,VWAP
2025-04-10,2025-04,7,-1,8.5,4.6,3037,0.12,357.0,0.84,0.0,5478.5,VWAP,-
2025-04-10,2025-04,7,1,17.25,2.6,2820,0.1,163.0,0.82,0.0,5470.0,-,-
2025-04-10,2025-04,7,-1,74.0,25.7,22332,0.05,302.0,0.84,0.0,5487.25,-,ONL
2025-04-10,2025-04,7,1,8.75,0.8,1111,0.15,127.0,0.83,0.0,5413.25,ONL,-
2025-04-10,2025-04,7,-1,20.5,3.3,6419,0.0,313.0,0.82,0.0,5422.0,-,ONL
2025-04-10,2025-04,7,1,10.25,0.8,1507,0.24,147.0,0.76,0.0,5401.5,ONL,-
2025-04-10,2025-04,7,-1,20.5,1.9,5369,0.1,262.0,0.78,0.0,5411.75,-,ONL
2025-04-10,2025-04,7,1,33.0,7.2,6839,0.08,207.0,0.84,0.0,5391.25,ONL,-
2025-04-10,2025-04,7,-1,9.25,0.6,613,0.11,66.0,0.82,0.0,5424.25,-,-
2025-04-10,2025-04,7,1,11.75,3.0,2206,0.05,188.0,0.86,0.0,5415.0,-,-
2025-04-10,2025-04,7,-1,26.75,4.9,4698,0.04,176.0,0.84,0.0,5426.75,-,-
2025-04-10,2025-04,7,1,8.25,0.7,1115,0.16,135.0,0.86,0.0,5400.0,-,mS1
2025-04-10,2025-04,8,-1,11.5,2.7,3076,0.0,267.0,0.9,0.0,5408.25,mS1,-
2025-04-10,2025-04,8,1,18.25,4.2,3962,0.15,217.0,0.83,0.0,5396.75,-,-
2025-04-10,2025-04,8,-1,11.75,1.6,1615,0.17,137.0,0.82,0.0,5415.0,-,-
2025-04-10,2025-04,8,1,10.25,1.1,909,0.1,89.0,0.85,0.0,5403.25,-,-
2025-04-10,2025-04,8,-1,18.5,11.5,8501,0.03,460.0,0.85,0.0,5413.5,-,VW-2s
2025-04-10,2025-04,8,1,8.75,1.2,743,0.07,85.0,0.82,0.0,5395.0,VW-2s,-
2025-04-10,2025-04,8,-1,19.75,2.2,2278,0.17,115.0,0.82,0.0,5403.75,-,ONL
2025-04-10,2025-04,8,1,14.25,3.1,1761,0.11,124.0,0.85,0.0,5384.0,ONL,-
2025-04-10,2025-04,8,-1,38.25,5.4,5630,0.13,147.0,0.82,0.0,5398.25,-,ONL
2025-04-10,2025-04,8,1,25.5,2.9,2634,0.02,103.0,0.87,0.0,5360.0,ONL,VW-2s
2025-04-10,2025-04,8,-1,13.25,2.3,2270,0.22,171.0,0.82,0.0,5385.5,VW-2s,-
2025-04-10,2025-04,8,1,22.25,8.3,5401,0.07,243.0,0.83,0.0,5372.25,-,-
2025-04-10,2025-04,8,-1,8.25,1.6,727,0.13,88.0,0.84,0.0,5394.5,-,-
2025-04-10,2025-04,8,1,11.75,0.4,667,0.45,57.0,0.8,0.0,5386.25,-,-
2025-04-10,2025-04,8,-1,31.5,7.9,5359,0.08,170.0,0.83,0.0,5398.0,-,-
2025-04-10,2025-04,8,1,12.25,4.2,2791,0.08,228.0,0.83,0.0,5366.5,-,-
2025-04-10,2025-04,9,-1,16.75,1.9,1717,0.06,103.0,0.84,0.0,5378.75,-,ONL
2025-04-10,2025-04,9,1,11.0,0.4,443,0.44,40.0,0.82,0.0,5362.0,ONL,-
2025-04-10,2025-04,9,-1,12.25,5.6,3029,0.02,247.0,0.89,0.0,5373.0,-,ONL
2025-04-10,2025-04,9,1,19.25,6.3,4187,0.06,218.0,0.84,0.0,5360.75,ONL,-
2025-04-10,2025-04,9,-1,10.25,3.4,1672,0.08,163.0,0.84,0.0,5380.0,-,-
2025-04-10,2025-04,9,1,18.75,5.9,3478,0.08,185.0,0.83,0.0,5369.75,-,-
2025-04-10,2025-04,9,-1,17.25,5.2,4070,-0.02,236.0,0.84,0.0,5388.5,-,-
2025-04-10,2025-04,9,1,25.5,7.3,5435,0.08,213.0,0.79,0.0,5371.25,-,-
2025-04-10,2025-04,9,-1,24.5,11.2,6004,0.01,245.0,0.83,0.0,5396.75,-,-
2025-04-10,2025-04,9,1,21.25,6.7,3761,0.15,177.0,0.8,0.0,5372.25,-,-
2025-04-10,2025-04,9,-1,15.0,5.6,2916,0.03,194.0,0.84,0.0,5393.5,-,-
2025-04-10,2025-04,10,1,43.75,19.5,12821,0.06,293.0,0.83,0.0,5378.5,-,-
2025-04-10,2025-04,10,-1,20.75,6.3,2696,0.12,130.0,0.84,0.0,5422.25,-,-
2025-04-10,2025-04,10,1,21.25,5.6,2948,0.04,139.0,0.84,0.0,5401.5,-,-
2025-04-10,2025-04,10,-1,18.25,4.6,2615,0.05,143.0,0.84,0.0,5422.75,-,-
2025-04-10,2025-04,10,1,22.25,4.2,4013,0.24,180.0,0.78,0.0,5404.5,-,-
2025-04-10,2025-04,10,-1,35.25,19.2,10147,0.04,288.0,0.82,0.0,5426.75,-,-
2025-04-10,2025-04,10,1,14.5,0.9,1287,0.21,89.0,0.81,0.0,5391.5,-,-
2025-04-10,2025-04,11,-1,19.0,13.8,8774,0.05,462.0,0.83,0.0,5406.0,-,-
2025-04-10,2025-04,11,1,17.5,8.7,5530,0.11,316.0,0.82,0.0,5387.0,-,-
2025-04-10,2025-04,11,-1,16.0,7.9,5533,0.02,346.0,0.83,0.0,5404.5,-,-
2025-04-10,2025-04,11,1,24.75,7.2,6117,0.06,247.0,0.81,0.0,5388.5,-,-
2025-04-10,2025-04,11,-1,14.75,14.4,8595,0.06,583.0,0.82,0.0,5413.25,-,-
2025-04-10,2025-04,11,1,9.0,6.7,2648,0.12,294.0,0.87,0.0,5398.5,-,mS1
2025-04-10,2025-04,11,-1,25.0,9.2,7690,0.08,308.0,0.81,0.0,5407.5,mS1,-
2025-04-10,2025-04,12,1,18.0,9.7,8800,-0.01,489.0,0.87,0.0,5382.5,-,-
2025-04-10,2025-04,12,-1,23.25,6.6,9522,0.09,410.0,0.8,0.0,5400.5,-,-
2025-04-10,2025-04,12,1,12.75,2.1,3257,0.07,255.0,0.8,0.0,5377.25,-,-
2025-04-10,2025-04,12,-1,10.25,1.5,2431,0.09,237.0,0.72,0.0,5390.0,-,-
2025-04-10,2025-04,12,1,36.0,1.4,3061,0.01,85.0,0.7,0.0,5379.75,-,-
2025-04-10,2025-04,12,-1,31.75,0.1,1556,-0.02,49.0,0.7,0.0,5415.75,-,-
2025-04-10,2025-04,12,1,39.75,0.5,2936,0.14,74.0,0.73,0.0,5384.0,-,-
2025-04-10,2025-04,12,-1,18.5,0.3,2444,0.01,132.0,0.77,0.0,5423.75,-,-
2025-04-10,2025-04,12,1,9.0,0.1,699,-0.11,78.0,0.86,0.0,5405.25,-,-
2025-04-10,2025-04,12,-1,9.5,0.1,423,0.61,45.0,0.72,0.0,5414.25,-,-
2025-04-10,2025-04,12,1,17.5,0.8,4226,0.01,241.0,0.78,0.0,5404.75,-,-
2025-04-10,2025-04,12,-1,14.0,0.8,2376,0.21,170.0,0.77,0.0,5422.25,-,mS1
2025-04-10,2025-04,12,1,10.0,0.8,2635,0.02,264.0,0.79,0.0,5408.25,mS1,-
2025-04-10,2025-04,12,-1,15.25,1.1,2705,0.19,177.0,0.77,0.0,5418.25,-,-
2025-04-10,2025-04,12,1,9.0,0.5,934,0.08,104.0,0.87,0.0,5403.0,-,-
2025-04-10,2025-04,12,-1,26.25,1.1,3906,0.13,149.0,0.8,0.0,5412.0,-,-
2025-04-10,2025-04,12,1,8.0,0.4,1457,0.08,182.0,0.82,0.0,5385.75,-,-
2025-04-10,2025-04,12,-1,10.75,0.6,915,0.08,85.0,0.85,0.0,5393.75,-,-
2025-04-10,2025-04,12,1,8.75,0.2,502,0.31,57.0,0.84,0.0,5383.0,-,-
2025-04-10,2025-04,12,-1,11.75,0.6,1445,-0.02,123.0,0.84,0.0,5391.75,-,-
2025-04-10,2025-04,12,1,12.0,1.0,1792,0.16,149.0,0.85,0.0,5380.0,-,-
2025-04-10,2025-04,12,-1,24.75,1.9,4430,0.08,179.0,0.83,0.0,5392.0,-,-
2025-04-10,2025-04,12,1,18.75,1.9,4703,0.09,251.0,0.83,0.0,5367.25,-,-
2025-04-10,2025-04,12,-1,22.25,8.2,12412,0.01,558.0,0.85,0.0,5386.0,-,-
2025-04-11,2025-04,22,1,8.75,0.2,367,0.13,42.0,0.87,0.0,5303.5,"pdC,VWAP,VW2s,VW-2s,VW3s,VW-3s,ONH,ONL","VW2s,VW3s,ONH"
2025-04-11,2025-04,22,-1,14.25,2.0,465,0.12,33.0,0.88,0.0,5312.25,"VW2s,VW3s,ONH","VW-2s,VW-3s,ONL"
2025-04-11,2025-04,22,1,21.25,8.5,1768,0.19,83.0,0.85,0.0,5298.0,"VW-2s,VW-3s,ONL","VW2s,ONH"
2025-04-11,2025-04,22,-1,11.0,16.0,2296,0.06,209.0,0.82,0.0,5319.25,"VW2s,ONH",-
2025-04-11,2025-04,22,1,21.5,18.9,3819,0.01,178.0,0.86,0.0,5308.25,-,ONH
2025-04-11,2025-04,22,-1,26.75,16.2,3751,0.15,140.0,0.82,0.0,5329.75,ONH,"pdC,VW-2s"
2025-04-11,2025-04,23,1,12.0,5.2,1990,0.2,166.0,0.77,0.0,5303.0,"pdC,VW-2s","wP,VWAP"
2025-04-11,2025-04,23,-1,39.0,17.9,5269,0.14,135.0,0.8,0.0,5315.0,"wP,VWAP","VW-3s,ONL"
2025-04-11,2025-04,23,1,16.25,7.7,3554,0.09,219.0,0.83,0.0,5276.0,"VW-3s,ONL",-
2025-04-11,2025-04,23,-1,27.25,21.1,5957,0.06,219.0,0.81,0.0,5292.25,-,ONL
2025-04-11,2025-04,23,1,18.25,4.8,3791,0.2,208.0,0.75,0.0,5265.0,ONL,-
2025-04-11,2025-04,23,-1,34.75,5.8,4628,0.03,133.0,0.81,0.0,5283.25,-,ONL
2025-04-11,2025-04,0,1,12.75,0.2,398,0.3,31.0,0.78,0.0,5248.5,ONL,-
2025-04-11,2025-04,0,-1,14.75,3.4,1470,0.01,100.0,0.87,0.0,5261.25,-,"VW-2s,ONL"
2025-04-11,2025-04,0,1,10.75,0.6,338,0.09,31.0,0.88,0.0,5246.5,"VW-2s,ONL",-
2025-04-11,2025-04,0,-1,11.0,0.5,432,0.13,39.0,0.83,0.0,5257.25,-,"VW-2s,ONL"
2025-04-11,2025-04,0,1,18.0,4.6,1385,-0.02,77.0,0.87,0.0,5246.25,"VW-2s,ONL",-
2025-04-11,2025-04,0,-1,16.0,2.2,834,0.1,52.0,0.83,0.0,5264.25,-,ONL
2025-04-11,2025-04,0,1,8.5,1.2,357,0.23,42.0,0.85,0.0,5248.25,ONL,-
2025-04-11,2025-04,0,-1,25.5,2.6,1743,0.07,68.0,0.83,0.0,5256.75,-,ONL
2025-04-11,2025-04,0,1,19.25,3.9,2053,0.13,107.0,0.83,0.0,5231.25,ONL,-
2025-04-11,2025-04,0,-1,19.25,7.0,2588,0.1,134.0,0.85,0.0,5250.5,-,"VW-2s,ONL"
2025-04-11,2025-04,0,1,12.75,1.9,530,0.21,42.0,0.85,0.0,5231.25,"VW-2s,ONL",-
2025-04-11,2025-04,0,-1,10.25,0.9,594,0.24,58.0,0.88,0.0,5244.0,-,-
2025-04-11,2025-04,0,1,19.25,2.6,1251,0.18,65.0,0.82,0.0,5233.75,-,-
2025-04-11,2025-04,0,-1,21.5,2.9,1388,0.21,65.0,0.85,0.0,5253.0,-,ONL
2025-04-11,2025-04,0,1,13.5,3.5,1180,0.08,87.0,0.84,0.0,5231.5,ONL,-
2025-04-11,2025-04,0,-1,37.75,3.0,3373,0.11,89.0,0.81,0.0,5245.0,-,ONL
2025-04-11,2025-04,0,1,21.5,4.3,2564,0.07,119.0,0.87,0.0,5207.25,ONL,-
2025-04-11,2025-04,0,-1,13.25,2.1,677,0.05,51.0,0.86,0.0,5228.75,-,mS2
2025-04-11,2025-04,0,1,16.25,3.2,1422,0.03,88.0,0.84,0.0,5215.5,mS2,-
2025-04-11,2025-04,0,-1,13.0,0.3,519,-0.03,40.0,0.82,0.0,5231.75,-,-
2025-04-11,2025-04,0,1,17.75,2.3,1104,0.08,62.0,0.85,0.0,5218.75,-,-
2025-04-11,2025-04,0,-1,12.5,2.9,866,0.16,69.0,0.82,0.0,5236.5,-,-
2025-04-11,2025-04,1,1,15.5,4.2,1255,0.01,81.0,0.83,0.0,5224.0,-,-
2025-04-11,2025-04,1,-1,11.25,2.0,672,0.26,60.0,0.8,0.0,5239.5,-,-
2025-04-11,2025-04,1,1,15.25,3.0,724,0.11,47.0,0.86,0.0,5228.25,-,-
2025-04-11,2025-04,1,-1,8.0,0.9,280,0.24,35.0,0.83,0.0,5243.5,-,-
2025-04-11,2025-04,1,1,20.0,5.5,3078,0.22,154.0,0.76,0.0,5235.5,-,-
2025-04-11,2025-04,1,-1,10.5,2.3,860,0.03,82.0,0.85,0.0,5255.5,-,-
2025-04-11,2025-04,1,1,16.5,1.5,859,0.34,52.0,0.77,0.0,5245.0,-,-
2025-04-11,2025-04,1,-1,15.5,1.8,782,0.12,50.0,0.83,0.0,5261.5,-,-
2025-04-11,2025-04,1,1,13.75,3.9,1248,0.15,91.0,0.84,0.0,5246.0,-,-
2025-04-11,2025-04,1,-1,13.25,1.8,682,0.19,51.0,0.83,0.0,5259.75,-,-
2025-04-11,2025-04,1,1,11.5,4.5,1575,0.05,137.0,0.85,0.0,5246.5,-,-
2025-04-11,2025-04,1,-1,17.75,3.6,2152,0.03,121.0,0.84,0.0,5258.0,-,-
2025-04-11,2025-04,1,1,16.0,1.2,754,0.23,47.0,0.78,0.0,5240.25,-,-
2025-04-11,2025-04,1,-1,8.75,2.6,531,0.1,61.0,0.85,0.0,5256.25,-,-
2025-04-11,2025-04,1,1,21.75,13.6,3882,0.07,178.0,0.83,0.0,5247.5,-,-
2025-04-11,2025-04,1,-1,10.25,2.8,681,0.12,66.0,0.82,0.0,5269.25,-,-
2025-04-11,2025-04,1,1,14.25,4.0,1012,0.06,71.0,0.86,0.0,5259.0,-,-
2025-04-11,2025-04,1,-1,24.25,7.5,1902,0.12,78.0,0.83,0.0,5273.25,-,-
2025-04-11,2025-04,2,1,13.75,4.0,1157,0.18,84.0,0.86,0.0,5249.0,-,-
2025-04-11,2025-04,2,-1,18.25,6.8,1603,0.17,88.0,0.82,0.0,5262.75,-,-
2025-04-11,2025-04,2,1,42.0,9.9,3689,0.08,88.0,0.82,0.0,5244.5,-,dP
2025-04-11,2025-04,2,-1,11.25,4.7,928,0.11,82.0,0.85,0.0,5286.5,dP,-
2025-04-11,2025-04,2,1,12.75,1.8,509,0.14,40.0,0.83,0.0,5275.25,-,-
2025-04-11,2025-04,2,-1,15.75,9.1,1911,0.05,121.0,0.83,0.0,5288.0,-,-
2025-04-11,2025-04,2,1,10.75,7.5,1315,0.09,122.0,0.86,0.0,5272.25,-,-
2025-04-11,2025-04,2,-1,16.5,8.1,2029,0.16,123.0,0.8,0.0,5283.0,-,VWAP
2025-04-11,2025-04,2,1,22.25,19.4,3728,-0.01,168.0,0.87,0.0,5266.5,VWAP,-
2025-04-11,2025-04,3,-1,9.0,1.9,402,0.09,45.0,0.82,0.0,5288.75,-,-
2025-04-11,2025-04,3,1,34.0,3.6,1860,0.19,55.0,0.8,0.0,5279.75,-,wP
2025-04-11,2025-04,3,-1,15.75,2.1,979,0.23,62.0,0.82,0.0,5313.75,wP,-
2025-04-11,2025-04,3,1,10.75,5.5,1217,-0.0,113.0,0.85,0.0,5298.0,-,-
2025-04-11,2025-04,3,-1,16.75,6.0,1501,0.13,90.0,0.81,0.0,5308.75,-,-
2025-04-11,2025-04,3,1,11.75,6.0,1057,0.05,90.0,0.89,0.0,5292.0,-,pdC
2025-04-11,2025-04,3,-1,11.0,2.4,634,0.33,58.0,0.79,0.0,5303.75,pdC,-
2025-04-11,2025-04,3,1,9.75,0.8,154,0.16,16.0,0.87,0.0,5292.75,-,pdC
2025-04-11,2025-04,3,-1,8.25,0.4,105,0.3,13.0,0.84,0.0,5302.5,pdC,-
2025-04-11,2025-04,3,1,15.0,7.6,1217,0.03,81.0,0.85,0.0,5294.25,-,-
2025-04-11,2025-04,3,-1,10.25,4.4,707,0.2,69.0,0.77,0.0,5309.25,-,-
2025-04-11,2025-04,3,1,20.5,19.7,3328,0.09,162.0,0.85,0.0,5299.0,-,-
2025-04-11,2025-04,4,-1,13.75,10.9,1897,0.02,138.0,0.81,0.0,5319.5,-,pdC
2025-04-11,2025-04,4,1,8.5,14.9,1985,0.04,234.0,0.78,0.0,5305.75,pdC,wP
2025-04-11,2025-04,4,-1,16.25,9.6,1573,0.17,97.0,0.81,0.0,5314.25,wP,-
2025-04-11,2025-04,4,1,11.0,5.8,889,-0.05,81.0,0.86,0.0,5298.0,-,-
2025-04-11,2025-04,5,-1,15.0,9.1,1655,0.07,110.0,0.84,0.0,5309.0,-,-
2025-04-11,2025-04,5,1,23.5,6.0,1590,0.1,68.0,0.83,0.0,5294.0,-,-
2025-04-11,2025-04,5,-1,8.25,3.6,552,-0.01,67.0,0.87,0.0,5317.5,-,-
2025-04-11,2025-04,5,1,34.75,27.3,7764,0.17,223.0,0.78,0.0,5309.25,-,ONH
2025-04-11,2025-04,5,-1,13.75,3.4,1183,-0.04,86.0,0.86,0.0,5344.0,ONH,-
2025-04-11,2025-04,5,1,29.75,6.0,3666,-0.01,123.0,0.79,0.0,5330.25,-,ONH
2025-04-11,2025-04,5,-1,14.25,0.8,837,0.25,59.0,0.81,0.0,5360.0,ONH,VW2s
2025-04-11,2025-04,5,1,26.5,7.3,6569,0.2,248.0,0.76,0.0,5345.75,VW2s,ONH
2025-04-11,2025-04,6,-1,8.5,2.1,1166,0.14,137.0,0.87,0.0,5372.25,ONH,-
2025-04-11,2025-04,6,1,15.0,4.4,3016,0.13,201.0,0.78,0.0,5363.75,-,ONH
2025-04-11,2025-04,6,-1,11.75,1.9,1030,0.0,88.0,0.85,0.0,5378.75,ONH,VW2s
2025-04-11,2025-04,6,1,8.25,1.6,682,-0.01,83.0,0.86,0.0,5367.0,VW2s,-
2025-04-11,2025-04,6,-1,12.0,1.2,530,0.17,44.0,0.83,0.0,5375.25,-,-
2025-04-11,2025-04,6,1,12.25,3.2,1173,0.0,96.0,0.87,0.0,5363.25,-,-
2025-04-11,2025-04,6,-1,15.25,6.1,2540,0.09,167.0,0.82,0.0,5375.5,-,-
2025-04-11,2025-04,6,1,12.25,2.0,843,-0.01,69.0,0.87,0.0,5360.25,-,VW2s
2025-04-11,2025-04,6,-1,25.75,13.8,5808,0.06,226.0,0.85,0.0,5372.5,VW2s,-
2025-04-11,2025-04,6,1,16.75,8.5,4837,0.1,289.0,0.8,0.0,5346.75,-,-
2025-04-11,2025-04,6,-1,15.0,1.9,766,0.16,51.0,0.86,0.0,5363.5,-,-
2025-04-11,2025-04,6,1,8.25,1.2,1013,0.19,123.0,0.76,0.0,5348.5,-,-
2025-04-11,2025-04,6,-1,12.75,3.3,1169,0.1,92.0,0.87,0.0,5356.75,-,-
2025-04-11,2025-04,6,1,12.75,1.7,953,-0.01,75.0,0.87,0.0,5344.0,-,-
2025-04-11,2025-04,6,-1,14.5,3.7,1547,0.09,107.0,0.85,0.0,5356.75,-,-
2025-04-11,2025-04,7,1,10.75,0.6,349,0.15,32.0,0.89,0.0,5342.25,-,-
2025-04-11,2025-04,7,-1,31.75,9.4,5156,0.05,162.0,0.86,0.0,5353.0,-,-
2025-04-11,2025-04,7,1,13.25,1.4,900,0.15,68.0,0.87,0.0,5321.25,-,-
2025-04-11,2025-04,7,-1,10.75,0.8,632,-0.09,59.0,0.87,0.0,5334.5,-,-
2025-04-11,2025-04,7,1,18.5,1.7,1899,0.05,103.0,0.83,0.0,5323.75,-,-
2025-04-11,2025-04,7,-1,16.0,5.3,2677,0.12,167.0,0.84,0.0,5342.25,-,-
2025-04-11,2025-04,7,1,12.75,5.0,2393,0.02,188.0,0.87,0.0,5326.25,-,-
2025-04-11,2025-04,7,-1,22.5,5.7,3491,0.02,155.0,0.85,0.0,5339.0,-,wP
2025-04-11,2025-04,7,1,17.0,3.2,1664,0.07,98.0,0.86,0.0,5316.5,wP,-
2025-04-11,2025-04,7,-1,8.25,0.8,461,0.31,56.0,0.83,0.0,5333.5,-,-
2025-04-11,2025-04,7,1,21.75,4.0,2687,0.08,124.0,0.83,0.0,5325.25,-,-
2025-04-11,2025-04,7,-1,15.5,2.1,985,0.18,64.0,0.84,0.0,5347.0,-,-
2025-04-11,2025-04,7,1,11.5,2.1,768,0.12,67.0,0.87,0.0,5331.5,-,-
2025-04-11,2025-04,7,-1,13.0,3.5,1481,-0.07,114.0,0.87,0.0,5343.0,-,-
2025-04-11,2025-04,7,1,8.5,1.5,700,0.23,82.0,0.84,0.0,5330.0,-,-
2025-04-11,2025-04,7,-1,10.0,1.4,665,0.23,66.0,0.87,0.0,5338.5,-,-
2025-04-11,2025-04,7,1,9.75,0.4,179,0.16,18.0,0.91,0.0,5328.5,-,-
2025-04-11,2025-04,7,-1,13.5,1.2,624,0.24,46.0,0.86,0.0,5338.25,-,-
2025-04-11,2025-04,7,1,9.75,5.0,1805,0.04,185.0,0.87,0.0,5324.75,-,-
2025-04-11,2025-04,7,-1,43.25,5.2,7425,0.14,172.0,0.82,0.0,5334.5,-,-
2025-04-11,2025-04,8,1,9.25,0.1,404,0.01,44.0,0.8,0.0,5291.25,-,VWAP
2025-04-11,2025-04,8,-1,13.75,0.3,1507,0.13,110.0,0.78,0.0,5300.5,VWAP,dP
2025-04-11,2025-04,8,1,23.5,1.4,3789,0.05,161.0,0.81,0.0,5286.75,dP,-
2025-04-11,2025-04,8,-1,10.5,0.1,293,0.08,28.0,0.86,0.0,5310.25,-,VWAP
2025-04-11,2025-04,8,1,9.0,0.6,1551,-0.05,172.0,0.84,0.0,5299.75,VWAP,-
2025-04-11,2025-04,8,-1,18.75,0.9,1315,0.1,70.0,0.85,0.0,5308.75,-,-
2025-04-11,2025-04,8,1,36.0,2.4,3601,0.06,100.0,0.85,0.0,5290.0,-,-
2025-04-11,2025-04,8,-1,15.0,1.8,1667,0.11,111.0,0.83,0.0,5326.0,-,-
2025-04-11,2025-04,8,1,12.0,0.8,840,-0.04,70.0,0.86,0.0,5311.0,-,-
2025-04-11,2025-04,8,-1,9.25,0.3,343,0.25,37.0,0.83,0.0,5323.0,-,wP
2025-04-11,2025-04,8,1,10.25,0.7,491,0.08,48.0,0.89,0.0,5313.75,wP,-
2025-04-11,2025-04,8,-1,12.0,2.9,2072,0.01,173.0,0.9,0.0,5324.0,-,-
2025-04-11,2025-04,8,1,8.0,0.3,302,-0.01,38.0,0.85,0.0,5312.0,-,-
2025-04-11,2025-04,8,-1,39.75,11.9,9855,0.05,248.0,0.85,0.0,5320.0,-,-
2025-04-11,2025-04,8,1,15.25,2.1,2085,0.22,137.0,0.83,0.0,5280.25,-,-
2025-04-11,2025-04,8,-1,30.25,9.3,6169,0.06,204.0,0.84,0.0,5295.5,-,-
2025-04-11,2025-04,8,1,14.5,2.5,2021,0.04,139.0,0.86,0.0,5265.25,-,-
2025-04-11,2025-04,8,-1,21.25,4.8,4489,0.08,211.0,0.83,0.0,5279.75,-,-
2025-04-11,2025-04,8,1,17.75,2.5,1675,0.16,94.0,0.83,0.0,5258.5,-,-
2025-04-11,2025-04,8,-1,8.75,1.3,558,0.11,64.0,0.89,0.0,5276.25,-,-
2025-04-11,2025-04,8,1,8.0,1.1,336,0.15,42.0,0.9,0.0,5267.5,-,-
2025-04-11,2025-04,8,-1,10.25,1.1,567,0.21,55.0,0.85,0.0,5275.5,-,-
2025-04-11,2025-04,8,1,11.0,1.1,608,0.08,55.0,0.87,0.0,5265.25,-,-
2025-04-11,2025-04,8,-1,12.75,5.0,2686,0.08,211.0,0.84,0.0,5276.25,-,-
2025-04-11,2025-04,8,1,16.0,2.1,1296,0.08,81.0,0.87,0.0,5263.5,-,-
2025-04-11,2025-04,8,-1,9.5,1.2,662,0.08,70.0,0.86,0.0,5279.5,-,-
2025-04-11,2025-04,8,1,15.0,3.0,1608,0.07,107.0,0.87,0.0,5270.0,-,dP
2025-04-11,2025-04,9,-1,14.25,3.9,2184,0.08,153.0,0.86,0.0,5285.0,dP,-
2025-04-11,2025-04,9,1,12.0,2.0,1090,0.12,91.0,0.85,0.0,5270.75,-,-
2025-04-11,2025-04,9,-1,16.0,2.5,1012,0.09,63.0,0.86,0.0,5282.75,-,-
2025-04-11,2025-04,9,1,26.5,5.2,3221,0.05,122.0,0.8,0.0,5266.75,-,-
2025-04-11,2025-04,9,-1,16.5,6.2,2907,-0.05,176.0,0.84,0.0,5293.25,-,-
2025-04-11,2025-04,9,1,12.75,3.3,1277,0.04,100.0,0.82,0.0,5276.75,-,-
2025-04-11,2025-04,9,-1,8.25,1.4,929,-0.06,113.0,0.8,0.0,5289.5,-,-
2025-04-11,2025-04,9,1,13.0,1.1,364,0.07,28.0,0.86,0.0,5281.25,-,-
2025-04-11,2025-04,9,-1,10.5,2.6,1312,0.1,125.0,0.83,0.0,5294.25,-,dP
2025-04-11,2025-04,9,1,20.75,6.5,4176,-0.0,201.0,0.84,0.0,5283.75,dP,pdC
2025-04-11,2025-04,9,-1,11.0,2.3,1578,0.02,143.0,0.83,0.0,5304.5,pdC,-
2025-04-11,2025-04,9,1,24.25,8.1,4905,0.07,202.0,0.8,0.0,5293.5,-,-
2025-04-11,2025-04,9,-1,14.25,2.9,1188,0.05,83.0,0.83,0.0,5317.75,-,pdC
2025-04-11,2025-04,9,1,37.75,6.2,6921,-0.04,183.0,0.77,0.0,5303.5,pdC,-
2025-04-11,2025-04,9,-1,13.0,1.5,1176,0.15,90.0,0.81,0.0,5341.25,-,-
2025-04-11,2025-04,9,1,18.25,2.8,2583,0.11,142.0,0.79,0.0,5328.25,-,-
2025-04-11,2025-04,10,-1,15.25,1.7,977,0.19,64.0,0.83,0.0,5346.5,-,-
2025-04-11,2025-04,10,1,9.25,2.1,930,0.03,101.0,0.86,0.0,5331.25,-,-
2025-04-11,2025-04,10,-1,12.75,3.6,1410,0.06,111.0,0.83,0.0,5340.5,-,-
2025-04-11,2025-04,10,1,13.5,1.2,679,0.13,50.0,0.82,0.0,5327.75,-,-
2025-04-11,2025-04,10,-1,15.0,3.1,1379,0.22,92.0,0.79,0.0,5341.25,-,-
2025-04-11,2025-04,10,1,10.0,0.7,367,0.28,37.0,0.8,0.0,5326.25,-,-
2025-04-11,2025-04,10,-1,9.0,0.8,714,-0.1,79.0,0.85,0.0,5336.25,-,-
2025-04-11,2025-04,10,1,10.0,1.1,921,0.09,92.0,0.82,0.0,5327.25,-,-
2025-04-11,2025-04,10,-1,8.0,2.2,881,-0.1,110.0,0.87,0.0,5337.25,-,-
2025-04-11,2025-04,10,1,19.5,8.8,3449,0.13,177.0,0.83,0.0,5329.25,-,-
2025-04-11,2025-04,10,-1,9.0,1.3,473,0.17,53.0,0.85,0.0,5348.75,-,-
2025-04-11,2025-04,10,1,14.0,2.2,1318,0.11,94.0,0.81,0.0,5339.75,-,-
2025-04-11,2025-04,10,-1,10.75,2.0,498,0.03,46.0,0.88,0.0,5353.75,-,-
2025-04-11,2025-04,10,1,15.25,4.5,1521,0.11,100.0,0.8,0.0,5343.0,-,-
2025-04-11,2025-04,10,-1,24.25,9.6,4884,0.08,201.0,0.81,0.0,5358.25,-,-
2025-04-11,2025-04,10,1,11.0,1.0,1000,-0.01,91.0,0.83,0.0,5334.0,-,-
2025-04-11,2025-04,10,-1,16.75,4.4,1773,0.1,106.0,0.86,0.0,5345.0,-,-
2025-04-11,2025-04,10,1,21.0,4.5,3381,0.01,161.0,0.8,0.0,5328.25,-,-
2025-04-11,2025-04,10,-1,14.0,5.0,2346,-0.04,168.0,0.84,0.0,5349.25,-,-
2025-04-11,2025-04,11,1,10.25,0.9,725,0.26,71.0,0.81,0.0,5335.25,-,-
2025-04-11,2025-04,11,-1,12.0,1.4,547,-0.07,46.0,0.9,0.0,5345.5,-,-
2025-04-11,2025-04,11,1,14.75,8.2,2950,0.04,200.0,0.87,0.0,5333.5,-,-
2025-04-11,2025-04,11,-1,35.75,8.8,4491,0.07,126.0,0.83,0.0,5348.25,-,-
2025-04-11,2025-04,11,1,8.5,1.7,804,0.2,95.0,0.83,0.0,5312.5,-,-
2025-04-11,2025-04,11,-1,12.5,1.6,976,0.1,78.0,0.82,0.0,5321.0,-,-
2025-04-11,2025-04,11,1,14.5,4.0,1771,0.24,122.0,0.83,0.0,5308.5,-,-
2025-04-11,2025-04,11,-1,18.25,11.9,7418,0.06,406.0,0.82,0.0,5323.0,-,"pdC,VWAP"
2025-04-11,2025-04,11,1,12.5,2.5,2039,0.15,163.0,0.81,0.0,5304.75,"pdC,VWAP",-
2025-04-11,2025-04,11,-1,10.5,1.7,606,0.28,58.0,0.82,0.0,5317.25,-,-
2025-04-11,2025-04,11,1,8.5,2.1,554,0.05,65.0,0.89,0.0,5306.75,-,wP
2025-04-11,2025-04,11,-1,19.25,6.5,3278,0.12,170.0,0.8,0.0,5315.25,wP,-
2025-04-11,2025-04,11,1,31.25,4.7,3819,0.3,122.0,0.77,0.0,5296.0,-,-
2025-04-11,2025-04,11,-1,10.5,0.3,373,0.25,36.0,0.85,0.0,5327.25,-,-
2025-04-11,2025-04,11,1,13.75,0.9,872,0.17,63.0,0.85,0.0,5316.75,-,-
2025-04-11,2025-04,11,-1,10.5,1.1,847,-0.03,81.0,0.86,0.0,5330.5,-,-
2025-04-11,2025-04,11,1,8.0,1.2,806,0.04,101.0,0.85,0.0,5320.0,-,-
2025-04-11,2025-04,12,-1,12.5,2.5,1984,0.13,159.0,0.82,0.0,5328.0,-,wP
2025-04-11,2025-04,12,1,15.25,2.5,1834,0.16,120.0,0.82,0.0,5315.5,wP,-
2025-04-11,2025-04,12,-1,14.25,8.0,2704,0.1,190.0,0.87,0.0,5330.75,-,wP
2025-04-11,2025-04,12,1,12.75,4.0,1469,-0.01,115.0,0.9,0.0,5316.5,wP,-
2025-04-11,2025-04,12,-1,11.0,2.2,1694,0.04,154.0,0.8,0.0,5329.25,-,-
2025-04-11,2025-04,12,1,8.75,1.9,667,0.11,76.0,0.86,0.0,5318.25,-,-
2025-04-11,2025-04,12,-1,13.5,3.5,1857,0.07,138.0,0.86,0.0,5327.0,-,wP
2025-04-11,2025-04,12,1,25.0,5.4,3616,0.12,145.0,0.79,0.0,5313.5,wP,-
2025-04-11,2025-04,12,-1,9.5,0.1,411,0.07,43.0,0.81,0.0,5338.5,-,-
2025-04-11,2025-04,12,1,8.25,0.2,487,0.16,59.0,0.8,0.0,5329.0,-,-
2025-04-11,2025-04,12,-1,13.75,0.6,846,0.16,62.0,0.81,0.0,5337.25,-,-
2025-04-11,2025-04,12,1,12.5,0.3,487,0.11,39.0,0.81,0.0,5323.5,-,-
2025-04-11,2025-04,12,-1,11.5,1.3,1431,0.15,124.0,0.79,0.0,5336.0,-,-
2025-04-11,2025-04,12,1,24.75,2.9,2660,0.09,107.0,0.83,0.0,5324.5,-,-
2025-04-11,2025-04,12,-1,14.25,2.3,2235,0.12,157.0,0.84,0.0,5349.25,-,-
2025-04-11,2025-04,12,1,8.5,1.3,1039,0.07,122.0,0.87,0.0,5335.0,-,-
2025-04-11,2025-04,12,-1,30.0,9.1,6893,0.09,230.0,0.83,0.0,5343.5,-,wP
2025-04-11,2025-04,12,1,11.25,1.3,1054,0.13,94.0,0.87,0.0,5313.5,wP,-
2025-04-11,2025-04,12,-1,10.5,0.7,900,0.16,86.0,0.83,0.0,5324.75,-,wP
2025-04-11,2025-04,12,1,9.75,0.7,729,0.23,75.0,0.83,0.0,5314.25,wP,-
2025-04-14,2025-04,22,-1,18.25,0.1,2616,0.05,143.0,0.66,0.0,5463.0,"VWAP,VW2s,VW-2s,VW3s,VW-3s,ONH,ONL","VW-3s,ONL"
2025-04-14,2025-04,22,1,11.25,0.2,566,-0.02,50.0,0.78,0.0,5444.75,"VW-3s,ONL",VWAP
2025-04-14,2025-04,22,-1,9.25,0.0,144,0.26,16.0,0.76,0.0,5456.0,VWAP,ONL
2025-04-14,2025-04,22,1,10.25,0.1,217,0.11,21.0,0.75,0.0,5446.75,ONL,"dR1,VWAP"
2025-04-14,2025-04,22,-1,9.75,0.1,455,0.07,47.0,0.7,0.0,5457.0,"dR1,VWAP",-
2025-04-14,2025-04,22,1,10.5,0.4,1108,0.05,106.0,0.71,0.0,5447.25,-,dR1
2025-04-14,2025-04,22,-1,26.75,1.2,2832,0.09,106.0,0.76,0.0,5457.75,dR1,ONL
2025-04-14,2025-04,22,1,16.5,1.3,1468,0.17,89.0,0.77,0.0,5431.0,ONL,-
2025-04-14,2025-04,22,-1,16.75,5.1,2963,0.08,177.0,0.79,0.0,5447.5,-,ONL
2025-04-14,2025-04,22,1,13.5,3.3,1773,0.13,131.0,0.81,0.0,5430.75,ONL,VWAP
2025-04-14,2025-04,22,-1,29.5,6.3,3640,0.12,123.0,0.8,0.0,5444.25,VWAP,ONL
2025-04-14,2025-04,22,1,15.0,2.6,1776,0.15,118.0,0.85,0.0,5414.75,ONL,-
2025-04-14,2025-04,22,-1,18.25,9.2,3839,0.03,210.0,0.84,0.0,5429.75,-,"VW-2s,ONL"
2025-04-14,2025-04,22,1,10.75,1.3,639,0.27,59.0,0.83,0.0,5411.5,"VW-2s,ONL",-
2025-04-14,2025-04,22,-1,10.25,6.4,1641,0.02,160.0,0.84,0.0,5422.25,-,ONL
2025-04-14,2025-04,22,1,16.75,4.1,1553,0.12,93.0,0.85,0.0,5412.0,ONL,-
2025-04-14,2025-04,22,-1,12.25,5.9,1480,-0.16,121.0,0.86,0.0,5428.75,-,pdH
2025-04-14,2025-04,22,1,8.5,4.0,732,0.09,86.0,0.87,0.0,5416.5,pdH,-
2025-04-14,2025-04,22,-1,14.75,8.6,1241,0.19,84.0,0.85,0.0,5425.0,-,"mS1,ONL"
2025-04-14,2025-04,23,1,31.25,28.8,6714,0.05,215.0,0.82,0.0,5410.25,"mS1,ONL",-
2025-04-14,2025-04,23,-1,15.75,13.6,2460,0.08,156.0,0.83,0.0,5441.5,-,-
2025-04-14,2025-04,23,1,11.5,17.4,2233,0.12,194.0,0.84,0.0,5425.75,-,-
2025-04-14,2025-04,0,-1,8.5,5.3,2279,-0.11,268.0,0.87,0.0,5437.25,-,-
2025-04-14,2025-04,0,1,13.25,7.5,2820,0.28,213.0,0.77,0.0,5428.75,-,-
2025-04-14,2025-04,0,-1,14.0,12.5,2314,0.09,165.0,0.85,0.0,5442.0,-,-
2025-04-14,2025-04,0,1,9.0,15.6,2279,0.06,253.0,0.85,0.0,5428.0,-,-
2025-04-14,2025-04,0,-1,14.25,14.3,2306,0.11,162.0,0.82,0.0,5437.0,-,-
2025-04-14,2025-04,0,1,9.75,16.7,2470,0.1,253.0,0.82,0.0,5422.75,-,VWAP
2025-04-14,2025-04,1,-1,13.0,12.6,2560,0.12,197.0,0.83,0.0,5432.5,VWAP,pdH
2025-04-14,2025-04,1,1,10.75,11.2,1777,0.08,165.0,0.84,0.0,5419.5,pdH,VWAP
2025-04-14,2025-04,1,-1,14.5,10.9,2853,-0.04,197.0,0.83,0.0,5430.25,VWAP,-
2025-04-14,2025-04,1,1,25.75,66.3,8536,0.05,331.0,0.83,0.0,5415.75,-,-
2025-04-14,2025-04,2,-1,16.0,16.7,4256,0.11,266.0,0.8,0.0,5441.5,-,-
2025-04-14,2025-04,3,1,20.0,14.6,3256,0.14,163.0,0.8,0.0,5425.5,-,-
2025-04-14,2025-04,3,-1,9.5,43.9,3170,-0.0,334.0,0.82,0.0,5445.5,-,-
2025-04-14,2025-04,4,1,21.5,64.3,8057,0.13,375.0,0.77,0.0,5436.0,-,dR1
2025-04-14,2025-04,5,-1,15.0,47.8,5819,0.05,388.0,0.81,0.0,5457.5,dR1,-
2025-04-14,2025-04,6,1,12.5,11.7,2353,0.04,188.0,0.85,0.0,5442.5,-,VW2s
2025-04-14,2025-04,6,-1,9.0,11.2,1438,0.08,160.0,0.85,0.0,5455.0,VW2s,-
2025-04-14,2025-04,6,1,23.25,13.3,5025,0.1,216.0,0.79,0.0,5446.0,-,"VW3s,ONH"
2025-04-14,2025-04,6,-1,18.0,25.7,5499,0.0,306.0,0.83,0.0,5469.25,"VW3s,ONH",-
2025-04-14,2025-04,7,1,10.0,4.2,1043,-0.07,104.0,0.85,0.0,5451.25,-,VW2s
2025-04-14,2025-04,7,-1,15.75,7.7,3075,0.06,195.0,0.83,0.0,5461.25,VW2s,-
2025-04-14,2025-04,7,1,13.5,17.0,4915,0.09,364.0,0.81,0.0,5445.5,-,dR1
2025-04-14,2025-04,7,-1,9.0,5.0,915,0.01,102.0,0.86,0.0,5459.0,dR1,-
2025-04-14,2025-04,7,1,22.75,29.6,7399,0.14,325.0,0.82,0.0,5450.0,-,ONH
2025-04-14,2025-04,8,-1,9.75,6.7,1760,-0.03,181.0,0.84,0.0,5472.75,ONH,-
2025-04-14,2025-04,8,1,11.5,54.3,9243,0.03,804.0,0.82,0.0,5463.0,-,"VW2s,ONH"
2025-04-14,2025-04,9,-1,29.5,40.1,8619,0.02,292.0,0.83,0.0,5474.5,"VW2s,ONH",VWAP
2025-04-14,2025-04,9,1,17.0,17.5,5097,0.07,300.0,0.77,0.0,5445.0,VWAP,-
2025-04-14,2025-04,10,-1,12.0,17.4,2620,0.04,218.0,0.8,0.0,5462.0,-,-
2025-04-14,2025-04,10,1,31.5,64.4,16954,0.09,538.0,0.84,0.0,5450.0,-,"VW2s,ONH"
2025-04-14,2025-04,11,-1,30.5,34.2,15339,-0.05,503.0,0.87,0.0,5481.5,"VW2s,ONH",-
2025-04-14,2025-04,12,1,30.25,40.4,20460,0.12,676.0,0.84,0.0,5451.0,-,ONH
2025-04-15,2025-04,22,1,2.25,2.9,1200,0.06,533.0,0.81,0.0,5432.0,"pdC,VWAP,VW2s,VW-2s,VW3s,VW-3s,ONH,ONL","pdC,VW2s,ONH"
2025-04-15,2025-04,22,-1,13.0,17.4,2556,0.07,197.0,0.79,0.0,5434.25,"pdC,VW2s,ONH","VW-2s,ONL"
2025-04-15,2025-04,22,1,8.5,6.5,899,0.16,106.0,0.78,0.0,5421.25,"VW-2s,ONL",VWAP
2025-04-15,2025-04,22,-1,16.75,31.9,3842,0.06,229.0,0.82,0.0,5429.75,VWAP,"VW-2s,ONL"
2025-04-15,2025-04,22,1,15.0,36.1,3347,0.03,223.0,0.84,0.0,5413.0,"VW-2s,ONL",-
2025-04-15,2025-04,23,-1,11.5,10.3,1469,0.22,128.0,0.79,0.0,5428.0,-,-
2025-04-15,2025-04,23,1,21.5,45.1,6095,0.07,283.0,0.83,0.0,5416.5,-,ONH
2025-04-15,2025-04,0,-1,8.0,12.6,1779,0.03,222.0,0.8,0.0,5438.0,ONH,-
2025-04-15,2025-04,0,1,12.0,32.5,3126,0.15,260.0,0.8,0.0,5430.0,-,"dP,ONH"
2025-04-15,2025-04,1,-1,11.5,46.3,4167,-0.04,362.0,0.84,0.0,5442.0,"dP,ONH",pdC
2025-04-15,2025-04,2,1,8.75,11.4,1055,0.25,121.0,0.78,0.0,5430.5,pdC,dP
2025-04-15,2025-04,2,-1,14.0,51.6,4008,-0.0,286.0,0.83,0.0,5439.25,dP,-
2025-04-15,2025-04,3,1,14.75,92.5,5137,0.07,348.0,0.8,0.0,5425.25,-,"dP,ONH"
2025-04-15,2025-04,4,-1,12.25,55.7,4213,0.06,344.0,0.83,0.0,5440.0,"dP,ONH",-
2025-04-15,2025-04,5,1,29.75,93.3,15214,0.03,511.0,0.8,0.0,5427.75,-,ONH
2025-04-15,2025-04,7,-1,8.5,4.9,1703,0.09,200.0,0.83,0.0,5457.5,ONH,VW2s
2025-04-15,2025-04,7,1,12.25,9.7,3458,0.16,282.0,0.8,0.0,5449.0,VW2s,"VW3s,ONH"
2025-04-15,2025-04,7,-1,9.5,2.7,1313,0.18,138.0,0.77,0.0,5461.25,"VW3s,ONH",-
2025-04-15,2025-04,7,1,12.0,13.7,3176,0.15,265.0,0.8,0.0,5451.75,-,ONH
2025-04-15,2025-04,7,-1,17.25,24.1,9265,0.01,537.0,0.8,0.0,5463.75,ONH,-
2025-04-15,2025-04,8,1,9.75,2.3,1644,0.04,169.0,0.85,0.0,5446.5,-,-
2025-04-15,2025-04,8,-1,11.75,1.2,798,0.34,68.0,0.79,0.0,5456.25,-,-
2025-04-15,2025-04,8,1,14.75,17.6,4692,0.02,318.0,0.84,0.0,5444.5,-,-
2025-04-15,2025-04,8,-1,16.75,14.4,3774,0.16,225.0,0.82,0.0,5459.25,-,-
2025-04-15,2025-04,8,1,10.0,22.7,5654,-0.04,565.0,0.84,0.0,5442.5,-,-
2025-04-15,2025-04,8,-1,9.75,19.5,3268,0.08,335.0,0.85,0.0,5452.5,-,-
2025-04-15,2025-04,9,1,16.25,12.2,3542,0.12,218.0,0.79,0.0,5442.75,-,-
2025-04-15,2025-04,9,-1,18.75,21.3,4353,0.03,232.0,0.84,0.0,5459.0,-,"dP,VWAP"
2025-04-15,2025-04,9,1,14.75,28.6,5641,0.11,382.0,0.79,0.0,5440.25,"dP,VWAP",-
2025-04-15,2025-04,10,-1,16.0,26.8,4393,0.03,275.0,0.9,0.0,5455.0,-,dP
2025-04-15,2025-04,10,1,12.5,12.2,2705,0.1,216.0,0.79,0.0,5439.0,dP,-
2025-04-15,2025-04,11,-1,9.0,13.7,3146,-0.03,350.0,0.91,0.0,5451.5,-,VWAP
2025-04-15,2025-04,11,1,10.0,18.8,4407,0.02,441.0,0.89,0.0,5442.5,VWAP,-
2025-04-15,2025-04,11,-1,33.0,19.1,8527,0.15,258.0,0.82,0.0,5452.5,-,VW-2s
2025-04-15,2025-04,11,1,12.0,5.8,3438,0.14,286.0,0.8,0.0,5419.5,VW-2s,pdC
2025-04-15,2025-04,11,-1,8.5,1.5,903,0.05,106.0,0.84,0.0,5431.5,pdC,-
2025-04-15,2025-04,11,1,11.0,9.9,4351,0.01,396.0,0.89,0.0,5423.0,-,pdC
2025-04-15,2025-04,12,-1,20.75,19.6,11118,0.05,536.0,0.87,0.0,5434.0,pdC,"VW-2s,ONL"
2025-04-16,2025-04,22,-1,11.5,0.1,1439,0.3,125.0,0.65,0.0,5386.5,"VWAP,VW2s,VW-2s,VW3s,VW-3s,ONH,ONL","VW-2s,ONL"
2025-04-16,2025-04,22,1,11.75,0.5,928,0.35,79.0,0.74,0.0,5375.0,"VW-2s,ONL",ONH
2025-04-16,2025-04,22,-1,11.25,0.3,393,0.35,35.0,0.71,0.0,5386.75,ONH,"VW-2s,ONL"
2025-04-16,2025-04,22,1,16.5,6.8,3561,0.07,216.0,0.77,0.0,5375.5,"VW-2s,ONL","VW2s,VW3s,ONH"
2025-04-16,2025-04,22,-1,10.5,5.6,1337,0.2,127.0,0.74,0.0,5392.0,"VW2s,VW3s,ONH",VWAP
2025-04-16,2025-04,22,1,13.0,19.6,3583,0.08,276.0,0.81,0.0,5381.5,VWAP,"VW2s,ONH"
2025-04-16,2025-04,22,-1,15.75,62.9,8094,0.07,514.0,0.79,0.0,5394.5,"VW2s,ONH","dS2,VW-2s"
2025-04-16,2025-04,23,1,9.5,26.6,3712,0.09,391.0,0.81,0.0,5378.75,"dS2,VW-2s",-
2025-04-16,2025-04,0,-1,20.0,31.9,7040,0.14,352.0,0.76,0.0,5388.25,-,"VW-3s,ONL"
2025-04-16,2025-04,0,1,22.5,61.7,10087,0.06,448.0,0.79,0.0,5368.25,"VW-3s,ONL",-
2025-04-16,2025-04,1,-1,11.25,77.7,7850,0.1,698.0,0.78,0.0,5390.75,-,dS2
2025-04-16,2025-04,2,1,8.0,30.2,2297,0.08,287.0,0.77,0.0,5379.5,dS2,-
2025-04-16,2025-04,3,-1,47.5,128.7,19200,0.2,404.0,0.75,0.0,5387.5,-,ONL
2025-04-16,2025-04,5,1,28.5,99.1,22906,0.0,804.0,0.83,0.0,5340.0,ONL,-
2025-04-16,2025-04,7,-1,26.25,46.6,14080,0.14,536.0,0.78,0.0,5368.5,-,VW-2s
2025-04-16,2025-04,7,1,10.0,2.8,1574,0.1,157.0,0.82,0.0,5342.25,VW-2s,-
2025-04-16,2025-04,8,-1,9.75,8.0,3269,0.09,335.0,0.83,0.0,5352.25,-,-
2025-04-16,2025-04,8,1,58.0,18.8,12954,0.14,223.0,0.77,0.0,5342.5,-,"dS1,VW2s,ONH"
2025-04-16,2025-04,8,-1,17.0,0.7,3414,0.06,201.0,0.82,0.0,5400.5,"dS1,VW2s,ONH",-
2025-04-16,2025-04,8,1,12.5,0.6,1895,0.14,152.0,0.85,0.0,5383.5,-,-
2025-04-16,2025-04,8,-1,16.75,0.5,1591,0.32,95.0,0.78,0.0,5396.0,-,dS2
2025-04-16,2025-04,8,1,15.5,1.3,3522,0.1,227.0,0.85,0.0,5379.25,dS2,-
2025-04-16,2025-04,8,-1,12.0,1.1,2172,0.11,181.0,0.79,0.0,5394.75,-,-
2025-04-16,2025-04,8,1,11.5,3.5,3552,0.02,309.0,0.84,0.0,5382.75,-,-
2025-04-16,2025-04,8,-1,9.0,1.5,1145,0.08,127.0,0.85,0.0,5394.25,-,-
2025-04-16,2025-04,8,1,39.5,5.0,8731,0.21,221.0,0.76,0.0,5385.25,-,"pdC,VW3s,ONH"
2025-04-16,2025-04,8,-1,9.25,0.3,974,0.23,105.0,0.79,0.0,5424.75,"pdC,VW3s,ONH",-
2025-04-16,2025-04,8,1,8.75,0.5,1390,0.1,159.0,0.77,0.0,5415.5,-,"pdC,ONH"
2025-04-16,2025-04,8,-1,25.0,5.5,7008,0.1,280.0,0.82,0.0,5424.25,"pdC,ONH",-
2025-04-16,2025-04,8,1,9.0,1.1,671,0.28,75.0,0.83,0.0,5399.25,-,mS1
2025-04-16,2025-04,8,-1,23.5,15.8,10225,0.01,435.0,0.84,0.0,5408.25,mS1,-
2025-04-16,2025-04,9,1,19.0,21.5,9042,0.04,476.0,0.84,0.0,5384.75,-,-
2025-04-16,2025-04,9,-1,11.25,5.1,2434,0.11,216.0,0.79,0.0,5403.75,-,-
2025-04-16,2025-04,9,1,8.0,4.0,1830,0.2,229.0,0.78,0.0,5392.5,-,dS1
2025-04-16,2025-04,9,-1,18.0,24.1,6540,0.11,363.0,0.79,0.0,5400.5,dS1,-
2025-04-16,2025-04,9,1,14.0,6.5,2092,-0.01,149.0,0.84,0.0,5382.5,-,-
2025-04-16,2025-04,10,-1,9.75,10.8,2620,0.08,269.0,0.82,0.0,5396.5,-,-
2025-04-16,2025-04,10,1,9.0,6.3,3535,0.09,393.0,0.83,0.0,5386.75,-,-
2025-04-16,2025-04,10,-1,15.0,14.9,3244,0.14,216.0,0.81,0.0,5395.75,-,VWAP
2025-04-16,2025-04,10,1,9.0,10.8,2060,0.03,229.0,0.83,0.0,5380.75,VWAP,-
2025-04-16,2025-04,10,-1,10.25,15.6,6185,0.0,603.0,0.81,0.0,5389.75,-,"dS2,VWAP"
2025-04-16,2025-04,11,1,15.75,43.2,11758,0.02,747.0,0.82,0.0,5379.5,"dS2,VWAP",-
2025-04-16,2025-04,11,-1,12.25,13.5,5352,0.13,437.0,0.79,0.0,5395.25,-,-
2025-04-16,2025-04,12,1,9.25,8.2,2045,-0.04,221.0,0.94,0.0,5383.0,-,-
2025-04-17,2025-04,22,-1,8.5,1.3,1129,0.12,133.0,0.78,0.0,5312.25,"VWAP,VW2s,VW-2s,VW3s,VW-3s,ONH,ONL","VW-2s,ONL"
2025-04-17,2025-04,22,1,8.75,2.8,791,-0.06,90.0,0.78,0.0,5303.75,"VW-2s,ONL","VW2s,ONH"
2025-04-17,2025-04,22,-1,13.0,16.8,3831,-0.02,295.0,0.82,0.0,5312.5,"VW2s,ONH","pdC,VW-2s,ONL"
2025-04-17,2025-04,22,1,11.25,27.9,3329,0.04,296.0,0.8,0.0,5299.5,"pdC,VW-2s,ONL",ONH
2025-04-17,2025-04,22,-1,14.25,17.8,3429,0.12,241.0,0.78,0.0,5310.75,ONH,"VW-3s,ONL"
2025-04-17,2025-04,23,1,14.5,9.9,2000,0.29,138.0,0.78,0.0,5296.5,"VW-3s,ONL",ONH
2025-04-17,2025-04,23,-1,17.75,22.8,3060,0.05,172.0,0.81,0.0,5311.0,ONH,"VW-3s,ONL"
2025-04-17,2025-04,23,1,17.0,7.2,2336,0.19,137.0,0.8,0.0,5293.25,"VW-3s,ONL",-
2025-04-17,2025-04,23,-1,8.75,14.0,2423,0.03,277.0,0.82,0.0,5310.25,-,pdC
2025-04-17,2025-04,0,1,18.75,2.8,2002,0.39,107.0,0.71,0.0,5301.5,pdC,"VW3s,ONH"
2025-04-17,2025-04,0,-1,13.0,4.1,2444,0.12,188.0,0.78,0.0,5320.25,"VW3s,ONH",VWAP
2025-04-17,2025-04,0,1,13.25,8.1,1744,0.19,132.0,0.8,0.0,5307.25,VWAP,ONH
2025-04-17,2025-04,0,-1,9.75,1.2,1051,0.29,108.0,0.78,0.0,5320.5,ONH,-
2025-04-17,2025-04,0,1,21.0,79.5,11813,0.05,563.0,0.83,0.0,5310.75,-,ONH
2025-04-17,2025-04,1,-1,8.75,14.2,1663,0.17,190.0,0.78,0.0,5331.75,ONH,-
2025-04-17,2025-04,1,1,12.5,25.9,3424,0.14,274.0,0.78,0.0,5323.0,-,ONH
2025-04-17,2025-04,2,-1,11.5,23.7,3062,0.11,266.0,0.75,0.0,5335.5,ONH,-
2025-04-17,2025-04,2,1,30.75,183.2,20575,0.06,669.0,0.76,0.0,5324.0,-,"VW2s,ONH"
2025-04-17,2025-04,5,-1,9.0,17.7,3488,0.04,388.0,0.78,0.0,5354.75,"VW2s,ONH",-
2025-04-17,2025-04,6,1,11.75,15.1,4475,0.12,381.0,0.8,0.0,5345.75,-,ONH
2025-04-17,2025-04,6,-1,13.0,29.3,6187,0.16,476.0,0.76,0.0,5357.5,ONH,-
2025-04-17,2025-04,6,1,26.25,33.1,10702,0.08,408.0,0.8,0.0,5344.5,-,"VW2s,ONH"
2025-04-17,2025-04,7,-1,12.25,3.7,4463,0.05,364.0,0.8,0.0,5370.75,"VW2s,ONH",-
2025-04-17,2025-04,7,1,12.25,7.4,2717,0.18,222.0,0.77,0.0,5358.5,-,ONH
2025-04-17,2025-04,7,-1,28.75,90.5,21065,0.09,733.0,0.78,0.0,5370.75,ONH,-
2025-04-17,2025-04,9,1,16.75,24.4,5225,0.07,312.0,0.8,0.0,5342.0,-,-
2025-04-17,2025-04,9,-1,29.0,56.8,22433,0.08,774.0,0.78,0.0,5358.75,-,-
2025-04-17,2025-04,10,1,8.5,9.2,3066,0.03,361.0,0.82,0.0,5329.75,-,VWAP
2025-04-17,2025-04,10,-1,15.0,13.7,3599,0.1,240.0,0.79,0.0,5338.25,VWAP,-
2025-04-17,2025-04,10,1,11.5,10.6,4803,0.12,418.0,0.76,0.0,5323.25,-,-
2025-04-17,2025-04,10,-1,8.75,2.9,1696,0.08,194.0,0.8,0.0,5334.75,-,-
2025-04-17,2025-04,10,1,8.75,6.8,2655,0.02,303.0,0.83,0.0,5326.0,-,-
2025-04-17,2025-04,11,-1,16.0,19.2,6443,0.08,403.0,0.85,0.0,5334.75,-,dP
2025-04-17,2025-04,11,1,14.0,8.8,2805,0.1,200.0,0.88,0.0,5318.75,dP,-
2025-04-17,2025-04,11,-1,12.25,6.0,2361,0.14,193.0,0.81,0.0,5332.75,-,-
2025-04-17,2025-04,11,1,36.0,24.9,10652,0.13,296.0,0.85,0.0,5320.5,-,-
2025-04-17,2025-04,12,-1,29.5,11.0,11664,0.07,395.0,0.84,0.0,5356.5,-,-
2025-04-17,2025-04,12,1,20.0,21.2,10857,0.07,543.0,0.85,0.0,5327.0,-,-
2025-04-17,2025-04,12,-1,15.5,7.3,7125,-0.01,460.0,0.84,0.0,5347.0,-,-
2025-04-17,2025-04,12,1,10.25,11.6,7016,0.11,684.0,0.83,0.0,5331.5,-,-
2025-04-21,2025-04,22,1,24.75,0.5,1927,0.25,78.0,0.75,0.0,5281.25,"VWAP,VW2s,VW-2s,VW3s,VW-3s,ONH,ONL",ONH
2025-04-21,2025-04,22,-1,25.25,7.3,3793,0.1,150.0,0.8,0.0,5306.0,ONH,ONL
2025-04-21,2025-04,22,1,8.0,1.1,474,0.3,59.0,0.8,0.0,5280.75,ONL,dS1
2025-04-21,2025-04,22,-1,9.5,2.1,758,0.1,80.0,0.78,0.0,5288.75,dS1,ONL
2025-04-21,2025-04,22,1,14.25,15.5,2752,0.14,193.0,0.79,0.0,5279.25,ONL,-
2025-04-21,2025-04,22,-1,12.5,15.6,2177,0.04,174.0,0.79,0.0,5293.5,-,ONL
2025-04-21,2025-04,22,1,13.0,25.7,2847,0.13,219.0,0.77,0.0,5281.0,ONL,-
2025-04-21,2025-04,23,-1,10.5,15.6,1493,0.12,142.0,0.78,0.0,5294.0,-,pdL
2025-04-21,2025-04,23,1,19.25,57.6,6320,0.15,328.0,0.77,0.0,5283.5,pdL,VW2s
2025-04-21,2025-04,0,-1,29.75,58.2,11129,0.09,374.0,0.76,0.0,5302.75,VW2s,ONL
2025-04-21,2025-04,1,1,14.75,25.2,4431,0.17,300.0,0.74,0.0,5273.0,ONL,"dS1,VWAP"
2025-04-21,2025-04,1,-1,28.25,63.4,12820,0.14,454.0,0.79,0.0,5287.75,"dS1,VWAP","VW-3s,ONL"
2025-04-21,2025-04,2,1,18.25,202.0,13228,0.09,725.0,0.79,0.0,5259.5,"VW-3s,ONL",-
2025-04-21,2025-04,6,-1,25.75,110.6,12936,0.18,502.0,0.76,0.0,5277.75,-,ONL
2025-04-21,2025-04,8,1,9.5,7.9,1658,0.12,175.0,0.8,0.0,5252.0,ONL,-
2025-04-21,2025-04,8,-1,11.0,69.1,7178,0.13,653.0,0.77,0.0,5261.5,-,"dS2,VW-2s,ONL"
2025-04-21,2025-04,9,1,10.0,49.5,3786,-0.01,379.0,0.78,0.0,5250.5,"dS2,VW-2s,ONL",-
2025-04-21,2025-04,10,-1,8.25,23.8,1834,0.08,222.0,0.77,0.0,5260.5,-,ONL
2025-04-21,2025-04,10,1,17.75,38.5,5871,0.01,331.0,0.77,0.0,5252.25,ONL,-
2025-04-21,2025-04,11,-1,31.5,15.7,5940,0.31,189.0,0.81,0.0,5270.0,-,ONL
2025-04-21,2025-04,11,1,9.25,18.1,5593,-0.02,605.0,0.9,0.0,5238.5,ONL,-
2025-04-21,2025-04,11,-1,9.5,9.3,3230,-0.03,340.0,0.86,0.0,5247.75,-,"VW-2s,ONL"
2025-04-22,2025-04,22,1,1.5,0.0,171,0.3,114.0,0.66,0.0,5185.5,"pdC,VWAP,VW2s,VW-2s,VW3s,VW-3s,ONH,ONL","VWAP,VW2s,VW3s,ONH,ONL"
2025-04-22,2025-04,22,-1,15.25,28.0,5115,0.07,335.0,0.73,0.0,5187.0,"VWAP,VW2s,VW3s,ONH,ONL","VW-2s,ONL"
2025-04-22,2025-04,22,1,37.25,94.0,14033,0.09,377.0,0.75,0.0,5171.75,"VW-2s,ONL","VW2s,ONH"
2025-04-22,2025-04,0,-1,8.0,40.4,7554,-0.03,944.0,0.77,0.0,5209.0,"VW2s,ONH",-
2025-04-22,2025-04,0,1,22.75,62.9,11207,0.13,493.0,0.75,0.0,5201.0,-,ONH
2025-04-22,2025-04,1,-1,25.5,88.8,12858,0.05,504.0,0.77,0.0,5223.75,ONH,-
2025-04-22,2025-04,3,1,14.5,22.7,3428,0.09,236.0,0.79,0.0,5198.25,-,-
2025-04-22,2025-04,3,-1,11.5,60.8,3892,0.01,338.0,0.8,0.0,5212.75,-,VWAP
2025-04-22,2025-04,4,1,9.75,32.4,2470,0.07,253.0,0.8,0.0,5201.25,VWAP,-
2025-04-22,2025-04,5,-1,9.5,16.2,1322,0.05,139.0,0.83,0.0,5211.0,-,VWAP
2025-04-22,2025-04,5,1,52.25,94.0,19455,0.11,372.0,0.75,0.0,5201.5,VWAP,"dR1,ONH"
2025-04-22,2025-04,7,-1,23.0,16.1,8541,0.1,371.0,0.78,0.0,5253.75,"dR1,ONH",-
2025-04-22,2025-04,7,1,8.75,15.3,3402,0.02,389.0,0.82,0.0,5230.75,-,-
2025-04-22,2025-04,7,-1,10.25,8.1,2294,0.06,224.0,0.82,0.0,5239.5,-,-
2025-04-22,2025-04,7,1,10.25,5.3,1739,0.13,170.0,0.8,0.0,5229.25,-,-
2025-04-22,2025-04,7,-1,15.0,37.2,8850,-0.03,590.0,0.82,0.0,5239.5,-,-
2025-04-22,2025-04,8,1,15.5,18.4,4206,0.2,271.0,0.78,0.0,5224.5,-,-
2025-04-22,2025-04,8,-1,12.0,41.7,9739,-0.16,812.0,0.79,0.0,5240.0,-,-
2025-04-22,2025-04,9,1,10.25,6.6,1038,0.22,101.0,0.77,0.0,5228.0,-,-
2025-04-22,2025-04,9,-1,8.75,64.4,10965,-0.07,1253.0,0.8,0.0,5238.25,-,-
2025-04-22,2025-04,10,1,8.25,8.9,1973,0.11,239.0,0.79,0.0,5229.5,-,-
2025-04-22,2025-04,10,-1,16.25,30.3,7707,0.06,474.0,0.79,0.0,5237.75,-,-
2025-04-22,2025-04,11,1,10.75,18.5,3413,0.06,317.0,0.8,0.0,5221.5,-,-
2025-04-22,2025-04,11,-1,14.75,26.0,6940,0.09,471.0,0.79,0.0,5232.25,-,wS1
2025-04-23,2025-04,22,-1,20.5,0.1,3453,-0.14,168.0,0.72,0.0,5400.0,"dR2,VWAP,VW2s,VW-2s,VW3s,VW-3s,ONH,ONL","VW-3s,ONL"
2025-04-23,2025-04,22,1,19.25,0.4,2566,0.25,133.0,0.73,0.0,5379.5,"VW-3s,ONL","dR2,ONH"
2025-04-23,2025-04,22,-1,12.5,0.6,1622,-0.15,130.0,0.84,0.0,5398.75,"dR2,ONH",-
2025-04-23,2025-04,22,1,29.25,2.0,4746,0.29,162.0,0.8,0.0,5386.25,-,ONH
2025-04-23,2025-04,22,-1,34.0,7.5,7467,0.04,220.0,0.82,0.0,5415.5,ONH,"VW-2s,ONL"
2025-04-23,2025-04,22,1,22.5,19.6,12007,0.14,534.0,0.82,0.0,5381.5,"VW-2s,ONL",-
2025-04-23,2025-04,22,-1,13.75,8.1,3803,0.1,277.0,0.87,0.0,5404.0,-,-
2025-04-23,2025-04,22,1,32.25,22.1,11289,0.13,350.0,0.82,0.0,5390.25,-,ONH
2025-04-23,2025-04,23,-1,10.0,4.2,2337,0.1,234.0,0.85,0.0,5422.5,ONH,-
2025-04-23,2025-04,23,1,11.25,10.3,4346,0.03,386.0,0.82,0.0,5412.5,-,"VW2s,ONH"
2025-04-23,2025-04,23,-1,19.25,22.7,10330,-0.08,537.0,0.8,0.0,5423.75,"VW2s,ONH",VWAP
2025-04-23,2025-04,23,1,10.25,13.4,3630,0.22,354.0,0.75,0.0,5404.5,VWAP,-
2025-04-23,2025-04,23,-1,26.25,54.1,15686,0.04,598.0,0.78,0.0,5414.75,-,-
2025-04-23,2025-04,0,1,14.5,37.4,6551,0.04,452.0,0.79,0.0,5388.5,-,VWAP
2025-04-23,2025-04,1,-1,25.0,30.6,7064,0.09,283.0,0.79,0.0,5403.0,VWAP,ONL
2025-04-23,2025-04,1,1,20.5,56.1,6976,0.03,340.0,0.79,0.0,5378.0,ONL,dR2
2025-04-23,2025-04,2,-1,11.25,13.6,1405,0.14,125.0,0.78,0.0,5398.5,dR2,-
2025-04-23,2025-04,3,1,14.5,60.8,5553,0.04,383.0,0.8,0.0,5387.25,-,"dR2,VWAP"
2025-04-23,2025-04,4,-1,13.5,75.0,5673,0.04,420.0,0.8,0.0,5401.75,"dR2,VWAP",-
2025-04-23,2025-04,5,1,20.75,69.0,12083,0.12,582.0,0.77,0.0,5388.25,-,mS1
2025-04-23,2025-04,6,-1,10.0,12.0,2824,0.03,282.0,0.79,0.0,5409.0,mS1,"dR2,VWAP"
2025-04-23,2025-04,6,1,8.0,23.4,3698,0.05,462.0,0.83,0.0,5399.0,"dR2,VWAP",mS1
2025-04-23,2025-04,7,-1,14.0,8.2,3109,0.1,222.0,0.82,0.0,5407.0,mS1,-
2025-04-23,2025-04,7,1,13.25,9.5,3646,0.03,275.0,0.81,0.0,5393.0,-,-
2025-04-23,2025-04,7,-1,9.25,4.7,1530,0.01,165.0,0.81,0.0,5406.25,-,-
2025-04-23,2025-04,7,1,37.0,85.4,28127,0.17,760.0,0.73,0.0,5397.0,-,ONH
2025-04-23,2025-04,8,-1,15.25,54.3,14854,0.11,974.0,0.74,0.0,5434.0,ONH,-
2025-04-23,2025-04,9,1,34.5,79.7,27391,0.09,794.0,0.75,0.0,5418.75,-,ONH
2025-04-23,2025-04,11,-1,22.5,63.5,29449,0.05,1309.0,0.81,0.0,5453.25,ONH,-
2025-04-24,2025-04,22,-1,23.25,16.0,4948,0.08,213.0,0.87,0.0,5412.0,"pdC,VWAP,VW2s,VW-2s,VW3s,VW-3s,ONH,ONL",ONL
2025-04-24,2025-04,22,1,27.5,69.2,7548,0.11,274.0,0.87,0.0,5388.75,ONL,"VW2s,ONH"
2025-04-24,2025-04,23,-1,11.75,10.7,1087,0.09,93.0,0.86,0.0,5416.25,"VW2s,ONH",-
2025-04-24,2025-04,23,1,16.0,35.3,4236,0.09,265.0,0.83,0.0,5404.5,-,"VW2s,ONH"
2025-04-24,2025-04,0,-1,16.75,73.8,7656,0.02,457.0,0.86,0.0,5420.5,"VW2s,ONH",-
2025-04-24,2025-04,1,1,8.75,13.1,1193,0.19,136.0,0.84,0.0,5403.75,-,pdC
2025-04-24,2025-04,1,-1,28.25,172.8,15448,0.0,547.0,0.82,0.0,5412.5,pdC,"pdL,VW-2s,ONL"
2025-04-24,2025-04,4,1,15.25,35.6,2949,0.12,193.0,0.77,0.0,5384.25,"pdL,VW-2s,ONL",-
2025-04-24,2025-04,5,-1,26.75,51.1,6735,0.16,252.0,0.8,0.0,5399.5,-,"VW-3s,ONL"
2025-04-24,2025-04,5,1,25.5,32.5,7843,0.07,308.0,0.82,0.0,5372.75,"VW-3s,ONL",VWAP
2025-04-24,2025-04,6,-1,23.0,34.8,8036,0.02,349.0,0.83,0.0,5398.25,VWAP,VW-2s
2025-04-24,2025-04,7,1,17.0,10.1,5754,0.03,338.0,0.85,0.0,5375.25,VW-2s,-
2025-04-24,2025-04,7,-1,19.75,16.5,6275,0.05,318.0,0.83,0.0,5392.25,-,"VW-2s,ONL"
2025-04-24,2025-04,7,1,8.0,2.8,1592,0.12,199.0,0.8,0.0,5372.5,"VW-2s,ONL",-
2025-04-24,2025-04,7,-1,12.0,18.2,5136,0.11,428.0,0.81,0.0,5380.5,-,"VW-2s,ONL"
2025-04-24,2025-04,7,1,11.5,11.9,3665,0.03,319.0,0.84,0.0,5368.5,"VW-2s,ONL",-
2025-04-24,2025-04,8,-1,24.5,42.6,12222,0.09,499.0,0.83,0.0,5380.0,-,ONL
2025-04-24,2025-04,8,1,29.5,80.8,21299,0.0,722.0,0.79,0.0,5355.5,ONL,"pdL,VWAP"
2025-04-24,2025-04,10,-1,9.75,16.9,3960,0.07,406.0,0.8,0.0,5385.0,"pdL,VWAP",-
2025-04-24,2025-04,10,1,34.5,30.3,18169,0.02,527.0,0.77,0.0,5375.25,-,mS1
2025-04-24,2025-04,10,-1,28.75,43.6,23460,0.05,816.0,0.77,0.0,5409.75,mS1,-
2025-04-24,2025-04,11,1,16.75,0.2,1887,0.33,113.0,0.68,0.0,5381.0,-,-
2025-04-24,2025-04,11,-1,17.5,5.0,8401,0.01,480.0,0.83,0.0,5397.75,-,-
2025-04-24,2025-04,11,1,17.5,36.1,11200,0.05,640.0,0.89,0.0,5380.25,-,-
2025-04-24,2025-04,12,-1,11.0,4.9,2424,0.08,220.0,0.89,0.0,5397.75,-,VWAP
2025-04-24,2025-04,12,1,13.0,7.0,5450,0.08,419.0,0.8,0.0,5386.75,VWAP,-
2025-04-24,2025-04,12,-1,8.5,1.0,2097,0.34,247.0,0.71,0.0,5399.75,-,-
2025-04-24,2025-04,12,1,17.0,11.9,5981,0.17,352.0,0.87,0.0,5391.25,-,mS1
2025-04-25,2025-04,22,-1,16.25,10.8,2838,-0.05,175.0,0.8,0.0,5534.25,"VWAP,VW2s,VW-2s,VW3s,VW-3s,ONH,ONL","pdC,ONL"
2025-04-25,2025-04,22,1,16.5,76.6,9004,0.02,546.0,0.8,0.0,5518.0,"pdC,ONL","VW2s,ONH"
2025-04-25,2025-04,23,-1,10.25,44.0,5824,0.07,568.0,0.8,0.0,5534.5,"VW2s,ONH",-
2025-04-25,2025-04,0,1,18.25,42.5,6039,0.17,331.0,0.75,0.0,5524.25,-,"pdH,VW3s,ONH"
2025-04-25,2025-04,0,-1,15.0,41.2,5753,0.02,384.0,0.78,0.0,5542.5,"pdH,VW3s,ONH",-
2025-04-25,2025-04,1,1,12.75,8.0,1878,0.17,147.0,0.79,0.0,5527.5,-,"pdH,VW2s"
2025-04-25,2025-04,1,-1,19.75,51.9,6023,0.05,305.0,0.82,0.0,5540.25,"pdH,VW2s","pdC,VW-2s"
2025-04-25,2025-04,2,1,32.0,101.5,18617,0.15,582.0,0.77,0.0,5520.5,"pdC,VW-2s",ONH
2025-04-25,2025-04,4,-1,22.0,22.0,4148,0.07,189.0,0.79,0.0,5552.5,ONH,-
2025-04-25,2025-04,4,1,9.75,9.9,1317,0.08,135.0,0.83,0.0,5530.5,-,pdH
2025-04-25,2025-04,4,-1,8.5,8.2,737,0.23,87.0,0.82,0.0,5540.25,pdH,VWAP
2025-04-25,2025-04,4,1,10.5,77.4,5994,0.02,571.0,0.85,0.0,5531.75,VWAP,pdH
2025-04-25,2025-04,6,-1,9.75,7.3,835,0.08,86.0,0.83,0.0,5542.25,pdH,VWAP
2025-04-25,2025-04,6,1,16.75,32.8,4910,0.11,293.0,0.81,0.0,5532.5,VWAP,VW2s
2025-04-25,2025-04,6,-1,21.25,20.7,7706,0.02,363.0,0.83,0.0,5549.25,VW2s,-
2025-04-25,2025-04,7,1,11.75,1.7,1699,0.27,145.0,0.81,0.0,5528.0,-,pdH
2025-04-25,2025-04,7,-1,16.75,17.9,6773,0.0,404.0,0.82,0.0,5539.75,pdH,-
2025-04-25,2025-04,7,1,20.0,32.7,6904,0.05,345.0,0.81,0.0,5523.0,-,pdH
2025-04-25,2025-04,8,-1,10.5,5.7,1258,0.06,120.0,0.84,0.0,5543.0,pdH,-
2025-04-25,2025-04,8,1,11.5,14.3,2503,0.14,218.0,0.8,0.0,5532.5,-,-
2025-04-25,2025-04,8,-1,16.5,11.8,4656,-0.04,282.0,0.83,0.0,5544.0,-,-
2025-04-25,2025-04,8,1,11.25,14.3,2401,0.11,213.0,0.83,0.0,5527.5,-,-
2025-04-25,2025-04,8,-1,18.5,24.7,6777,0.11,366.0,0.81,0.0,5538.75,-,"pdC,VW-2s"
2025-04-25,2025-04,9,1,14.25,10.1,3761,0.04,264.0,0.8,0.0,5520.25,"pdC,VW-2s",VWAP
2025-04-25,2025-04,9,-1,10.75,19.3,2645,0.02,246.0,0.84,0.0,5534.5,VWAP,-
2025-04-25,2025-04,9,1,8.5,11.3,1987,0.11,234.0,0.81,0.0,5523.75,-,VWAP
2025-04-25,2025-04,9,-1,14.5,18.4,5393,-0.06,372.0,0.82,0.0,5532.25,VWAP,"pdC,VW-2s,ONL"
2025-04-25,2025-04,10,1,15.75,0.4,1933,0.33,123.0,0.67,0.0,5517.75,"pdC,VW-2s,ONL",VWAP
2025-04-25,2025-04,10,-1,25.25,3.7,9487,0.07,376.0,0.82,0.0,5533.5,VWAP,"VW-3s,ONL"
2025-04-25,2025-04,10,1,9.5,5.4,2526,0.1,266.0,0.85,0.0,5508.25,"VW-3s,ONL","pdC,VW-2s"
2025-04-25,2025-04,10,-1,24.0,10.7,5422,0.21,226.0,0.81,0.0,5517.75,"pdC,VW-2s",ONL
2025-04-25,2025-04,10,1,8.5,1.2,790,0.16,93.0,0.85,0.0,5493.75,ONL,VW-3s
2025-04-25,2025-04,10,-1,13.25,11.3,4992,0.07,377.0,0.82,0.0,5502.25,VW-3s,ONL
2025-04-25,2025-04,10,1,8.25,1.5,682,0.09,83.0,0.85,0.0,5489.0,ONL,-
2025-04-25,2025-04,10,-1,10.25,5.8,2312,0.1,226.0,0.83,0.0,5497.25,-,"dP,ONL"
2025-04-25,2025-04,10,1,24.5,32.3,13411,0.06,547.0,0.81,0.0,5487.0,"dP,ONL",-
2025-04-25,2025-04,11,-1,18.0,15.6,7271,0.06,404.0,0.8,0.0,5511.5,-,-
2025-04-25,2025-04,11,1,10.0,15.8,5204,0.12,520.0,0.83,0.0,5493.5,-,-
2025-04-25,2025-04,12,-1,10.5,5.2,2505,0.1,239.0,0.87,0.0,5503.5,-,VW-2s
2025-04-25,2025-04,12,1,14.25,14.7,6002,0.21,421.0,0.84,0.0,5493.0,VW-2s,-
2025-04-25,2025-04,12,-1,11.75,2.4,2785,0.2,237.0,0.78,0.0,5507.25,-,-
2025-04-25,2025-04,12,1,9.75,0.1,1471,0.25,151.0,0.74,0.0,5495.5,-,-
2025-04-25,2025-04,12,-1,10.5,5.4,5118,-0.03,487.0,0.84,0.0,5505.25,-,-
2025-04-25,2025-04,12,1,13.25,12.0,6421,0.11,485.0,0.85,0.0,5494.75,-,-
2025-04-28,2025-04,22,-1,15.25,10.5,3264,0.08,214.0,0.77,0.0,5547.25,"VWAP,VW2s,VW-2s,VW3s,VW-3s,ONH,ONL","dP,VW-2s,ONL"
2025-04-28,2025-04,22,1,11.75,19.1,2647,0.14,225.0,0.79,0.0,5532.0,"dP,VW-2s,ONL",VW2s
2025-04-28,2025-04,22,-1,25.75,185.4,19168,0.08,744.0,0.78,0.0,5543.75,VW2s,"VW-2s,ONL"
2025-04-28,2025-04,1,1,10.75,49.5,5957,0.01,554.0,0.77,0.0,5518.0,"VW-2s,ONL",VWAP
2025-04-28,2025-04,2,-1,12.0,63.0,4979,0.14,415.0,0.79,0.0,5528.75,VWAP,"VW-2s,ONL"
2025-04-28,2025-04,3,1,27.25,220.7,20465,0.02,751.0,0.77,0.0,5516.75,"VW-2s,ONL",VW2s
2025-04-28,2025-04,7,-1,16.25,59.3,10639,0.05,655.0,0.8,0.0,5544.0,VW2s,VWAP
2025-04-28,2025-04,8,1,21.25,105.3,17235,0.1,811.0,0.81,0.0,5527.75,VWAP,"VW2s,ONH"
2025-04-28,2025-04,9,-1,15.25,33.6,6344,0.09,416.0,0.82,0.0,5549.0,"VW2s,ONH",VWAP
2025-04-28,2025-04,10,1,8.5,10.5,2086,0.19,245.0,0.77,0.0,5533.75,VWAP,-
2025-04-28,2025-04,10,-1,12.0,24.1,4753,0.1,396.0,0.82,0.0,5542.25,-,dP
2025-04-28,2025-04,11,1,17.25,42.4,11075,0.09,642.0,0.81,0.0,5530.25,dP,"VW2s,ONH"
2025-04-28,2025-04,11,-1,13.75,24.8,10748,0.09,782.0,0.8,0.0,5547.5,"VW2s,ONH",VWAP
2025-04-29,2025-04,22,1,4.5,10.2,1056,-0.05,235.0,0.84,0.0,5541.75,"VWAP,VW2s,VW-2s,VW3s,VW-3s,ONH,ONL","pdC,VW2s,VW3s,ONH"
2025-04-29,2025-04,22,-1,8.75,32.2,2067,0.08,236.0,0.89,0.0,5546.25,"pdC,VW2s,VW3s,ONH","dP,VW-2s,VW-3s,ONL"
2025-04-29,2025-04,22,1,18.75,77.6,7178,0.1,383.0,0.83,0.0,5537.5,"dP,VW-2s,VW-3s,ONL","VW2s,ONH"
2025-04-29,2025-04,0,-1,9.5,22.3,1885,0.15,198.0,0.78,0.0,5556.25,"VW2s,ONH","pdC,VWAP"
2025-04-29,2025-04,0,1,26.75,124.7,11319,0.14,423.0,0.76,0.0,5546.75,"pdC,VWAP","VW2s,ONH"
2025-04-29,2025-04,2,-1,18.0,106.6,7909,0.08,439.0,0.8,0.0,5573.5,"VW2s,ONH",VWAP
2025-04-29,2025-04,4,1,11.75,14.8,1131,0.13,96.0,0.85,0.0,5555.5,VWAP,-
2025-04-29,2025-04,4,-1,15.0,116.0,9000,0.06,600.0,0.81,0.0,5567.25,-,-
2025-04-29,2025-04,6,1,9.25,24.1,1381,0.12,149.0,0.83,0.0,5552.25,-,-
2025-04-29,2025-04,6,-1,8.25,15.0,1812,0.11,220.0,0.83,0.0,5561.5,-,-
2025-04-29,2025-04,7,1,20.25,48.8,8105,0.09,400.0,0.81,0.0,5553.25,-,"VW2s,ONH"
2025-04-29,2025-04,7,-1,17.0,22.2,5268,-0.03,310.0,0.82,0.0,5573.5,"VW2s,ONH",-
2025-04-29,2025-04,8,1,14.5,34.2,4371,0.17,301.0,0.8,0.0,5556.5,-,-
2025-04-29,2025-04,8,-1,12.25,37.9,5586,0.05,456.0,0.83,0.0,5571.0,-,VWAP
2025-04-29,2025-04,9,1,8.25,62.6,8923,0.01,1082.0,0.81,0.0,5558.75,VWAP,-
2025-04-29,2025-04,10,-1,32.5,19.9,12697,0.19,391.0,0.78,0.0,5567.0,-,"VW-3s,ONL"
2025-04-29,2025-04,10,1,22.25,46.2,12215,-0.02,549.0,0.85,0.0,5534.5,"VW-3s,ONL",VWAP
2025-04-29,2025-04,11,-1,16.5,49.9,13519,0.07,819.0,0.88,0.0,5556.75,VWAP,"dP,VW-2s"
2025-04-29,2025-04,12,1,17.75,21.3,8503,0.1,479.0,0.84,0.0,5540.25,"dP,VW-2s",VWAP
2025-04-29,2025-04,12,-1,15.25,4.5,9105,0.1,597.0,0.84,0.0,5558.0,VWAP,-
2025-04-29,2025-04,12,1,9.75,2.7,3446,0.35,353.0,0.83,0.0,5542.75,-,-
2025-04-30,2025-04,22,1,1.75,17.9,2243,0.02,1282.0,0.85,0.0,5581.25,"pdC,VWAP,VW2s,VW-2s,VW3s,VW-3s,ONH,ONL","pdC,VW2s,VW3s,ONH"
2025-04-30,2025-04,22,-1,15.25,106.2,6713,0.06,440.0,0.87,0.0,5583.0,"pdC,VW2s,VW3s,ONH","dP,VW-2s,ONL"
2025-04-30,2025-04,0,1,8.0,5.2,758,0.28,95.0,0.81,0.0,5567.75,"dP,VW-2s,ONL",VWAP
2025-04-30,2025-04,0,-1,26.75,179.7,17590,0.03,658.0,0.81,0.0,5575.75,VWAP,"VW-2s,ONL"
2025-04-30,2025-04,3,1,33.25,307.2,31715,0.04,954.0,0.79,0.0,5549.0,"VW-2s,ONL","pdC,VW2s,ONH"
2025-04-30,2025-04,8,-1,13.0,20.2,4748,0.12,365.0,0.78,0.0,5582.25,"pdC,VW2s,ONH",-
2025-04-30,2025-04,8,1,11.75,58.2,7014,0.0,597.0,0.81,0.0,5569.25,-,"pdC,ONH"
2025-04-30,2025-04,9,-1,16.75,56.9,6955,0.03,415.0,0.79,0.0,5581.0,"pdC,ONH",-
2025-04-30,2025-04,10,1,15.25,39.7,7340,0.06,481.0,0.8,0.0,5564.25,-,-
2025-04-30,2025-04,11,-1,37.75,72.4,25158,0.04,666.0,0.85,0.0,5579.5,-,"VW-3s,ONL"
2025-04-30,2025-04,12,1,10.75,6.5,5043,0.09,469.0,0.86,0.0,5541.75,"VW-3s,ONL",-
2025-04-30,2025-04,12,-1,11.0,0.2,1025,-0.09,93.0,0.77,0.0,5552.5,-,ONL
2025-04-30,2025-04,12,1,11.25,0.2,963,0.07,86.0,0.76,0.0,5541.5,ONL,-
2025-04-30,2025-04,12,-1,25.25,2.3,6531,0.12,259.0,0.75,0.0,5552.75,-,ONL
2025-04-30,2025-04,12,1,11.5,2.9,4423,0.17,385.0,0.84,0.0,5527.5,ONL,"dS1,VW-2s"
2025-04-30,2025-04,12,-1,36.5,12.9,23344,0.06,640.0,0.87,0.0,5539.0,"dS1,VW-2s",ONL
2025-05-01,2025-05,22,-1,4.5,0.1,280,-0.12,62.0,0.84,0.0,5619.75,"pdC,VWAP,VW2s,VW-2s,VW3s,VW-3s,ONH,ONL","VWAP,VW-2s,VW-3s,ONL"
2025-05-01,2025-05,22,1,23.75,8.4,5877,0.15,247.0,0.73,0.0,5615.25,"VWAP,VW-2s,VW-3s,ONL","VW2s,ONH"
2025-05-01,2025-05,22,-1,14.75,18.5,7809,0.03,529.0,0.81,0.0,5639.0,"VW2s,ONH",pdH
2025-05-01,2025-05,22,1,9.75,4.7,1740,0.14,178.0,0.73,0.0,5624.25,pdH,-
2025-05-01,2025-05,22,-1,10.75,13.5,3346,-0.03,311.0,0.78,0.0,5634.0,-,-
2025-05-01,2025-05,22,1,9.75,15.5,2147,0.21,220.0,0.77,0.0,5623.25,-,-
2025-05-01,2025-05,23,-1,8.75,10.9,1598,0.06,183.0,0.82,0.0,5633.0,-,pdH
2025-05-01,2025-05,23,1,19.25,75.5,11617,0.09,603.0,0.77,0.0,5624.25,pdH,ONH
2025-05-01,2025-05,0,-1,9.25,4.2,1088,0.07,118.0,0.79,0.0,5643.5,ONH,-
2025-05-01,2025-05,0,1,10.75,115.8,11727,-0.05,1091.0,0.8,0.0,5634.25,-,"VW2s,ONH"
2025-05-01,2025-05,2,-1,10.0,33.9,2372,0.1,237.0,0.76,0.0,5645.0,"VW2s,ONH",VWAP
2025-05-01,2025-05,3,1,14.0,65.6,7787,0.09,556.0,0.72,0.0,5635.0,VWAP,"VW2s,ONH"
2025-05-01,2025-05,4,-1,8.0,77.2,6543,0.13,818.0,0.71,0.0,5649.0,"VW2s,ONH",-
2025-05-01,2025-05,5,1,12.0,11.9,3127,0.28,261.0,0.69,0.0,5641.0,-,"VW2s,ONH"
2025-05-01,2025-05,5,-1,13.25,33.1,3666,0.14,277.0,0.79,0.0,5653.0,"VW2s,ONH",-
2025-05-01,2025-05,6,1,8.25,26.1,3029,0.01,367.0,0.83,0.0,5639.75,-,-
2025-05-01,2025-05,6,-1,13.0,27.0,4839,0.13,372.0,0.77,0.0,5648.0,-,-
2025-05-01,2025-05,7,1,14.75,41.8,8045,0.06,545.0,0.77,0.0,5635.0,-,-
2025-05-01,2025-05,7,-1,12.25,23.9,5195,-0.02,424.0,0.8,0.0,5649.75,-,VWAP
2025-05-01,2025-05,8,1,24.75,132.1,22748,0.09,919.0,0.77,0.0,5637.5,VWAP,ONH
2025-05-01,2025-05,10,-1,14.25,32.8,8823,-0.02,619.0,0.77,0.0,5662.25,ONH,-
2025-05-01,2025-05,10,1,10.75,20.6,5094,0.04,474.0,0.8,0.0,5648.0,-,-
2025-05-01,2025-05,11,-1,13.0,10.6,5888,0.02,453.0,0.75,0.0,5658.75,-,-
2025-05-01,2025-05,11,1,13.25,49.7,14093,0.04,1064.0,0.81,0.0,5645.75,-,-
2025-05-01,2025-05,12,-1,22.0,17.3,9053,0.03,412.0,0.85,0.0,5659.0,-,-
2025-05-01,2025-05,12,1,12.0,2.4,3677,0.2,306.0,0.8,0.0,5637.0,-,-
2025-05-02,2025-05,22,1,4.5,1.4,1004,-0.07,223.0,0.77,0.0,5607.5,"VWAP,VW2s,VW-2s,VW3s,VW-3s,ONH,ONL","pdC,VW2s,VW3s,ONH"
2025-05-02,2025-05,22,-1,11.0,6.5,1683,0.22,153.0,0.73,0.0,5612.0,"pdC,VW2s,VW3s,ONH","pdL,VW-2s,ONL"
2025-05-02,2025-05,22,1,17.5,74.8,6273,-0.01,358.0,0.83,0.0,5601.0,"pdL,VW-2s,ONL","VW3s,ONH"
2025-05-02,2025-05,23,-1,13.0,47.5,4667,0.02,359.0,0.85,0.0,5618.5,"VW3s,ONH",-
2025-05-02,2025-05,0,1,57.5,40.1,17346,0.08,302.0,0.8,0.0,5605.5,-,"dR1,ONH"
2025-05-02,2025-05,0,-1,8.75,18.0,6379,0.06,729.0,0.78,0.0,5663.0,"dR1,ONH",-
2025-05-02,2025-05,1,1,18.0,16.6,6826,0.06,379.0,0.78,0.0,5654.25,-,ONH
2025-05-02,2025-05,1,-1,17.0,55.9,10737,0.15,632.0,0.8,0.0,5672.25,ONH,-
2025-05-02,2025-05,2,1,18.25,100.3,11953,0.03,655.0,0.75,0.0,5655.25,-,ONH
2025-05-02,2025-05,4,-1,11.0,0.7,1273,-0.12,116.0,0.82,0.0,5673.5,ONH,dR1
2025-05-02,2025-05,4,1,9.25,11.8,1374,0.17,149.0,0.81,0.0,5662.5,dR1,ONH
2025-05-02,2025-05,4,-1,25.0,142.7,15668,0.02,627.0,0.82,0.0,5671.75,ONH,-
2025-05-02,2025-05,6,1,15.25,26.2,5055,-0.01,331.0,0.82,0.0,5646.75,-,dR1
2025-05-02,2025-05,7,-1,9.5,8.8,3566,0.07,375.0,0.84,0.0,5662.0,dR1,-
2025-05-02,2025-05,7,1,9.75,15.9,4346,0.01,446.0,0.81,0.0,5652.5,-,dR1
2025-05-02,2025-05,7,-1,19.75,39.9,10161,0.09,514.0,0.83,0.0,5662.25,dR1,-
2025-05-02,2025-05,8,1,14.5,33.5,6565,0.01,453.0,0.85,0.0,5642.5,-,-
2025-05-02,2025-05,8,-1,23.5,24.4,7554,0.15,321.0,0.84,0.0,5657.0,-,dP
2025-05-02,2025-05,9,1,20.0,135.4,23903,0.04,1195.0,0.85,0.0,5633.5,dP,-
2025-05-02,2025-05,11,-1,13.0,15.3,4309,0.1,331.0,0.83,0.0,5653.5,-,-
2025-05-02,2025-05,11,1,27.5,54.3,17747,0.05,645.0,0.83,0.0,5640.5,-,-
2025-05-02,2025-05,12,-1,9.0,0.1,974,-0.46,108.0,0.76,0.0,5668.0,-,-
2025-05-02,2025-05,12,1,16.5,1.3,5624,0.12,341.0,0.75,0.0,5659.0,-,ONH
2025-05-02,2025-05,12,-1,12.0,2.4,7782,0.14,648.0,0.85,0.0,5675.5,ONH,dR1
2025-05-02,2025-05,12,1,17.0,4.8,8106,0.09,477.0,0.88,0.0,5663.5,dR1,"pdH,ONH"
2025-05-02,2025-05,12,-1,10.5,2.9,4110,0.18,391.0,0.88,0.0,5680.5,"pdH,ONH",-
2025-05-05,2025-05,22,-1,13.0,2.2,1883,0.14,145.0,0.79,0.0,5704.5,"VWAP,VW2s,VW-2s,VW3s,VW-3s,ONH,ONL","VW-2s,ONL"
2025-05-05,2025-05,22,1,8.25,5.9,1328,0.09,161.0,0.82,0.0,5691.5,"VW-2s,ONL",dP
2025-05-05,2025-05,22,-1,28.5,97.9,13156,0.13,462.0,0.75,0.0,5699.75,dP,ONL
2025-05-05,2025-05,23,1,11.75,69.1,8013,0.03,682.0,0.81,0.0,5671.25,ONL,-
2025-05-05,2025-05,0,-1,22.75,63.8,10417,0.15,458.0,0.78,0.0,5683.0,-,"VW-2s,ONL"
2025-05-05,2025-05,1,1,12.75,104.0,12125,0.03,951.0,0.8,0.0,5660.25,"VW-2s,ONL",dS1
2025-05-05,2025-05,3,-1,10.5,28.6,2231,0.07,212.0,0.85,0.0,5673.0,dS1,pdL
2025-05-05,2025-05,4,1,17.75,150.4,11295,-0.01,636.0,0.84,0.0,5662.5,pdL,-
2025-05-05,2025-05,6,-1,14.25,35.3,7198,0.07,505.0,0.79,0.0,5680.25,-,-
2025-05-05,2025-05,7,1,9.5,63.0,8200,0.04,863.0,0.82,0.0,5666.0,-,"dS1,VWAP"
2025-05-05,2025-05,8,-1,20.25,34.8,6274,0.08,310.0,0.8,0.0,5675.5,"dS1,VWAP","VW-2s,ONL"
2025-05-05,2025-05,8,1,13.25,56.3,10470,0.05,790.0,0.79,0.0,5655.25,"VW-2s,ONL",-
2025-05-05,2025-05,9,-1,12.0,109.6,17779,-0.02,1482.0,0.79,0.0,5668.5,-,ONL
2025-05-05,2025-05,11,1,10.5,30.1,6622,0.05,631.0,0.84,0.0,5656.5,ONL,-
2025-05-06,2025-05,22,1,6.25,17.7,2294,-0.08,367.0,0.78,0.0,5667.0,"VWAP,VW2s,VW-2s,VW3s,VW-3s,ONH,ONL","pdC,VW2s,VW3s,ONH"
2025-05-06,2025-05,22,-1,21.0,287.3,20797,0.01,990.0,0.79,0.0,5673.25,"pdC,VW2s,VW3s,ONH","VW-2s,ONL"
2025-05-06,2025-05,3,1,11.25,62.2,4249,0.13,378.0,0.76,0.0,5652.25,"VW-2s,ONL",VWAP
2025-05-06,2025-05,4,-1,17.5,111.2,5720,0.17,327.0,0.76,0.0,5663.5,VWAP,ONL
2025-05-06,2025-05,5,1,14.5,66.2,7671,0.07,529.0,0.8,0.0,5646.0,ONL,VWAP
2025-05-06,2025-05,7,-1,34.75,86.8,24453,0.05,704.0,0.79,0.0,5660.5,VWAP,"dS2,ONL"
2025-05-06,2025-05,8,1,11.0,16.4,3842,0.07,349.0,0.8,0.0,5625.75,"dS2,ONL",-
2025-05-06,2025-05,8,-1,12.25,58.8,12138,0.02,991.0,0.8,0.0,5636.75,-,ONL
2025-05-06,2025-05,9,1,18.25,77.5,18193,0.09,997.0,0.75,0.0,5624.5,ONL,-
2025-05-06,2025-05,11,-1,17.5,24.6,9930,0.07,567.0,0.77,0.0,5642.75,-,"dS2,ONL"
2025-05-06,2025-05,11,1,9.0,9.4,3926,0.2,436.0,0.75,0.0,5625.25,"dS2,ONL",-
2025-05-06,2025-05,11,-1,17.75,14.5,7437,0.11,419.0,0.75,0.0,5634.25,-,ONL
2025-05-06,2025-05,11,1,13.25,13.2,8367,0.1,631.0,0.76,0.0,5616.5,ONL,wP
2025-05-06,2025-05,12,-1,10.5,34.8,11090,0.07,1056.0,0.79,0.0,5629.75,wP,-
2025-05-07,2025-05,22,-1,0.5,0.0,238,-0.35,476.0,0.89,0.0,5610.5,"VWAP,VW2s,VW-2s,VW3s,VW-3s,ONH,ONL","VWAP,VW2s,VW-2s,VW3s,VW-3s,ONH,ONL"
2025-05-07,2025-05,22,1,65.5,1.8,7178,0.21,110.0,0.76,0.0,5610.0,"VWAP,VW2s,VW-2s,VW3s,VW-3s,ONH,ONL","VW2s,ONH"
2025-05-07,2025-05,22,-1,15.25,0.5,1405,0.03,92.0,0.83,0.0,5675.5,"VW2s,ONH",-
2025-05-07,2025-05,22,1,22.5,3.3,3939,0.09,175.0,0.77,0.0,5660.25,-,ONH
2025-05-07,2025-05,22,-1,9.0,1.4,2385,0.01,265.0,0.78,0.0,5682.75,ONH,pdH
2025-05-07,2025-05,22,1,15.0,1.0,1708,0.22,114.0,0.79,0.0,5673.75,pdH,ONH
2025-05-07,2025-05,22,-1,27.75,7.4,7400,0.13,267.0,0.82,0.0,5688.75,ONH,-
2025-05-07,2025-05,22,1,15.75,5.6,4287,0.1,272.0,0.8,0.0,5661.0,-,-
2025-05-07,2025-05,22,-1,10.5,3.1,1827,0.08,174.0,0.8,0.0,5676.75,-,VWAP
2025-05-07,2025-05,22,1,11.0,5.9,2397,0.14,218.0,0.78,0.0,5666.25,VWAP,-
2025-05-07,2025-05,22,-1,20.75,7.8,3914,0.16,189.0,0.79,0.0,5677.25,-,dR1
2025-05-07,2025-05,22,1,18.25,22.2,5928,0.08,325.0,0.81,0.0,5656.5,dR1,-
2025-05-07,2025-05,23,-1,11.75,11.9,2131,-0.01,181.0,0.85,0.0,5674.75,-,-
2025-05-07,2025-05,23,1,9.75,49.5,6820,0.05,699.0,0.82,0.0,5663.0,-,pdH
2025-05-07,2025-05,0,-1,13.5,12.0,2417,0.16,179.0,0.83,0.0,5672.75,pdH,-
2025-05-07,2025-05,0,1,21.75,17.3,5031,0.19,231.0,0.8,0.0,5659.25,-,-
2025-05-07,2025-05,0,-1,28.0,134.1,17850,-0.01,638.0,0.83,0.0,5681.0,-,-
2025-05-07,2025-05,2,1,13.0,101.9,6891,0.04,530.0,0.83,0.0,5653.0,-,VWAP
2025-05-07,2025-05,4,-1,19.75,121.4,9849,0.03,499.0,0.82,0.0,5666.0,VWAP,-
2025-05-07,2025-05,6,1,16.25,94.5,14015,0.04,862.0,0.81,0.0,5646.25,-,VWAP
2025-05-07,2025-05,8,-1,11.0,9.3,1742,0.02,158.0,0.82,0.0,5662.5,VWAP,-
2025-05-07,2025-05,8,1,10.5,50.8,6211,0.07,592.0,0.8,0.0,5651.5,-,VWAP
2025-05-07,2025-05,9,-1,9.5,35.4,4167,0.1,439.0,0.81,0.0,5662.0,VWAP,-
2025-05-07,2025-05,9,1,8.75,10.4,972,0.12,111.0,0.81,0.0,5652.5,-,VWAP
2025-05-07,2025-05,9,-1,9.75,13.4,2430,0.03,249.0,0.82,0.0,5661.25,VWAP,-
2025-05-07,2025-05,10,1,15.5,82.3,10920,0.12,705.0,0.8,0.0,5651.5,-,-
2025-05-07,2025-05,11,-1,25.0,65.3,18265,0.01,731.0,0.87,0.0,5667.0,-,VW-2s
2025-05-08,2025-05,22,-1,6.5,3.6,1032,0.12,159.0,0.79,0.0,5643.25,"VWAP,VW2s,VW-2s,VW3s,VW-3s,ONH,ONL","VW-2s,VW-3s,ONL"
2025-05-08,2025-05,22,1,16.75,126.2,8686,0.07,519.0,0.8,0.0,5636.75,"VW-2s,VW-3s,ONL","VW2s,ONH"
2025-05-08,2025-05,0,-1,9.5,12.6,1132,0.16,119.0,0.83,0.0,5653.5,"VW2s,ONH","pdC,VWAP"
2025-05-08,2025-05,0,1,8.75,8.8,1158,0.31,132.0,0.78,0.0,5644.0,"pdC,VWAP","VW2s,ONH"
2025-05-08,2025-05,0,-1,11.5,13.9,2044,0.16,178.0,0.78,0.0,5652.75,"VW2s,ONH",-
2025-05-08,2025-05,0,1,27.25,12.7,5244,0.21,192.0,0.77,0.0,5641.25,-,"VW3s,ONH"
2025-05-08,2025-05,0,-1,8.25,0.5,702,0.26,85.0,0.77,0.0,5668.5,"VW3s,ONH",-
2025-05-08,2025-05,0,1,23.75,23.3,11775,0.06,496.0,0.81,0.0,5660.25,-,"VW2s,ONH"
2025-05-08,2025-05,1,-1,15.0,36.9,6077,0.1,405.0,0.84,0.0,5684.0,"VW2s,ONH",-
2025-05-08,2025-05,1,1,31.25,167.4,20687,0.15,662.0,0.75,0.0,5669.0,-,ONH
2025-05-08,2025-05,4,-1,17.25,109.5,12346,0.06,716.0,0.79,0.0,5700.25,ONH,dR1
2025-05-08,2025-05,6,1,16.0,66.6,12820,0.07,801.0,0.81,0.0,5683.0,dR1,ONH
2025-05-08,2025-05,7,-1,10.0,25.0,4948,0.02,495.0,0.83,0.0,5699.0,ONH,-
2025-05-08,2025-05,8,1,28.5,173.3,39774,0.15,1396.0,0.73,0.0,5689.0,-,"dR2,ONH"
2025-05-08,2025-05,11,-1,33.0,96.9,42256,0.08,1280.0,0.8,0.0,5717.5,"dR2,ONH",-
2025-05-08,2025-05,12,1,10.75,0.1,2003,0.26,186.0,0.77,0.0,5684.5,-,-
2025-05-08,2025-05,12,-1,13.75,2.5,6642,0.04,483.0,0.88,0.0,5695.25,-,dR1
2025-05-09,2025-05,22,1,1.75,0.4,294,0.05,168.0,0.75,0.0,5688.5,"VWAP,VW2s,VW-2s,VW3s,VW-3s,ONH,ONL","VWAP,VW2s,VW3s,ONH"
2025-05-09,2025-05,22,-1,24.75,156.4,15905,0.03,643.0,0.81,0.0,5690.25,"VWAP,VW2s,VW3s,ONH",ONL
2025-05-09,2025-05,0,1,30.0,126.0,12794,0.14,426.0,0.78,0.0,5665.5,ONL,ONH
2025-05-09,2025-05,2,-1,18.5,19.6,3663,0.15,198.0,0.8,0.0,5695.5,ONH,-
2025-05-09,2025-05,3,1,16.25,111.6,7258,0.07,447.0,0.83,0.0,5677.0,-,dP
2025-05-09,2025-05,4,-1,9.5,34.0,1926,0.08,203.0,0.85,0.0,5693.25,dP,"pdC,VWAP"
2025-05-09,2025-05,5,1,9.75,32.6,3362,0.04,345.0,0.84,0.0,5683.75,"pdC,VWAP","dP,ONH"
2025-05-09,2025-05,6,-1,9.75,82.5,11283,-0.0,1157.0,0.84,0.0,5693.5,"dP,ONH","pdC,VWAP"
2025-05-09,2025-05,7,1,14.5,27.4,4816,0.09,332.0,0.83,0.0,5683.75,"pdC,VWAP","VW2s,ONH"
2025-05-09,2025-05,7,-1,15.5,26.6,4861,-0.0,314.0,0.85,0.0,5698.25,"VW2s,ONH",pdC
2025-05-09,2025-05,8,1,28.0,189.6,26342,0.08,941.0,0.81,0.0,5682.75,pdC,ONH
2025-05-09,2025-05,11,-1,33.75,0.9,13753,0.02,407.0,0.75,0.0,5710.75,ONH,-
2025-05-09,2025-05,11,1,20.25,4.1,9284,0.04,458.0,0.82,0.0,5677.0,-,-
2025-05-09,2025-05,11,-1,8.5,0.6,997,0.09,117.0,0.82,0.0,5697.25,-,VWAP
2025-05-09,2025-05,11,1,8.25,1.6,1337,0.17,162.0,0.84,0.0,5688.75,VWAP,-
2025-05-09,2025-05,11,-1,12.5,5.2,4144,0.01,332.0,0.85,0.0,5697.0,-,pdC
2025-05-09,2025-05,11,1,19.25,9.0,6351,0.14,330.0,0.82,0.0,5684.5,pdC,VW2s
2025-05-09,2025-05,11,-1,8.75,12.2,4055,0.1,463.0,0.86,0.0,5703.75,VW2s,-
2025-05-09,2025-05,12,1,8.25,6.1,2427,0.06,294.0,0.93,0.0,5695.0,-,-
2025-05-09,2025-05,12,-1,8.5,22.7,5805,0.06,683.0,0.86,0.0,5703.25,-,dP
2025-05-12,2025-05,22,-1,13.0,0.1,4044,0.07,311.0,0.67,0.0,5765.5,"VWAP,VW2s,VW-2s,VW3s,VW-3s,ONH,ONL","wR1,VW-2s,ONL"
2025-05-12,2025-05,22,1,8.0,0.3,1639,-0.26,205.0,0.8,0.0,5752.5,"wR1,VW-2s,ONL",VWAP
2025-05-12,2025-05,22,-1,10.5,0.1,497,0.15,47.0,0.73,0.0,5760.5,VWAP,"wR1,VW-2s,ONL"
2025-05-12,2025-05,22,1,8.75,1.1,1680,-0.14,192.0,0.79,0.0,5750.0,"wR1,VW-2s,ONL","dR3,VWAP"
2025-05-12,2025-05,22,-1,15.5,6.2,4920,0.24,317.0,0.72,0.0,5758.75,"dR3,VWAP","VW-2s,ONL"
2025-05-12,2025-05,22,1,12.75,7.3,4177,0.09,328.0,0.78,0.0,5743.25,"VW-2s,ONL","dR3,VWAP"
2025-05-12,2025-05,22,-1,21.75,21.8,7491,0.23,344.0,0.76,0.0,5756.0,"dR3,VWAP","dR2,ONL"
2025-05-12,2025-05,22,1,21.25,51.7,10065,0.08,474.0,0.79,0.0,5734.25,"dR2,ONL",dR3
2025-05-12,2025-05,23,-1,10.25,12.1,2397,-0.05,234.0,0.84,0.0,5755.5,dR3,-
2025-05-12,2025-05,23,1,8.75,7.3,1583,0.2,181.0,0.79,0.0,5745.25,-,-
2025-05-12,2025-05,23,-1,11.25,8.2,1445,0.04,128.0,0.83,0.0,5754.0,-,-
2025-05-12,2025-05,23,1,18.25,73.4,13343,0.01,731.0,0.81,0.0,5742.75,-,VW2s
2025-05-12,2025-05,1,-1,8.5,65.1,7629,0.04,898.0,0.8,0.0,5761.0,VW2s,"wR1,VWAP"
2025-05-12,2025-05,2,1,71.5,286.1,43300,0.17,606.0,0.72,0.0,5752.5,"wR1,VWAP",ONH
2025-05-12,2025-05,7,-1,10.25,0.1,862,0.26,84.0,0.71,0.0,5824.0,ONH,VW3s
2025-05-12,2025-05,7,1,18.75,0.4,2677,-0.0,143.0,0.81,0.0,5813.75,VW3s,ONH
2025-05-12,2025-05,7,-1,19.0,2.9,7560,0.02,398.0,0.78,0.0,5832.5,ONH,VW2s
2025-05-12,2025-05,7,1,32.75,4.1,8739,0.17,267.0,0.76,0.0,5813.5,VW2s,ONH
2025-05-12,2025-05,7,-1,16.75,4.0,9061,0.03,541.0,0.78,0.0,5846.25,ONH,-
2025-05-12,2025-05,7,1,10.75,2.6,3412,0.13,317.0,0.77,0.0,5829.5,-,-
2025-05-12,2025-05,7,-1,11.0,3.7,3886,-0.07,353.0,0.83,0.0,5840.25,-,-
2025-05-12,2025-05,7,1,22.75,9.8,11757,0.15,517.0,0.76,0.0,5829.25,-,ONH
2025-05-12,2025-05,7,-1,38.25,28.1,25313,0.02,662.0,0.82,0.0,5852.0,ONH,-
2025-05-12,2025-05,7,1,12.25,7.0,7056,0.06,576.0,0.81,0.0,5813.75,-,-
2025-05-12,2025-05,8,-1,9.5,3.0,3070,0.01,323.0,0.82,0.0,5826.0,-,-
2025-05-12,2025-05,8,1,10.75,10.7,7538,0.12,701.0,0.81,0.0,5816.5,-,-
2025-05-12,2025-05,8,-1,12.0,9.0,6433,-0.0,536.0,0.82,0.0,5827.25,-,-
2025-05-12,2025-05,8,1,23.25,47.9,24650,0.07,1060.0,0.76,0.0,5815.25,-,-
2025-05-12,2025-05,9,-1,9.5,7.2,2566,-0.01,270.0,0.81,0.0,5838.5,-,-
2025-05-12,2025-05,9,1,28.25,73.0,31254,0.07,1106.0,0.76,0.0,5829.0,-,ONH
2025-05-12,2025-05,10,-1,12.25,11.3,7598,0.22,620.0,0.76,0.0,5857.25,ONH,-
2025-05-12,2025-05,10,1,16.5,14.2,17153,-0.02,1040.0,0.73,0.0,5845.0,-,ONH
2025-05-12,2025-05,10,-1,9.75,0.2,1477,0.24,151.0,0.75,0.0,5861.5,ONH,-
2025-05-12,2025-05,11,1,14.0,6.5,9438,0.02,674.0,0.8,0.0,5851.75,-,ONH
2025-05-12,2025-05,11,-1,15.5,14.3,10332,0.08,667.0,0.8,0.0,5865.75,ONH,-
2025-05-12,2025-05,11,1,8.0,6.7,5704,0.03,713.0,0.74,0.0,5850.25,-,-
2025-05-12,2025-05,11,-1,20.0,25.3,20667,0.05,1033.0,0.79,0.0,5858.25,-,-
2025-05-12,2025-05,11,1,23.5,37.0,35961,0.05,1530.0,0.76,0.0,5838.25,-,-
2025-05-13,2025-05,22,1,0.0,6.1,1680,-0.03,6720.0,0.77,0.0,5869.0,"pdC,VWAP,VW2s,VW-2s,VW3s,VW-3s,ONH,ONL","pdC,VW2s,VW3s,ONH"
2025-05-13,2025-05,22,-1,10.0,45.4,3993,0.09,399.0,0.78,0.0,5869.0,"pdC,VW2s,VW3s,ONH","VW-2s,ONL"
2025-05-13,2025-05,22,1,10.75,33.5,2365,0.13,220.0,0.82,0.0,5859.0,"VW-2s,ONL","pdC,VW2s,VW3s,ONH"
2025-05-13,2025-05,23,-1,34.0,315.0,35070,0.04,1031.0,0.79,0.0,5869.75,"pdC,VW2s,VW3s,ONH","VW-2s,ONL"
2025-05-13,2025-05,4,1,15.25,86.7,8365,0.08,549.0,0.79,0.0,5835.75,"VW-2s,ONL","dP,VWAP"
2025-05-13,2025-05,6,-1,12.75,77.6,13895,-0.01,1090.0,0.82,0.0,5851.0,"dP,VWAP",-
2025-05-13,2025-05,7,1,9.25,8.7,2500,-0.0,270.0,0.82,0.0,5838.25,-,VWAP
2025-05-13,2025-05,7,-1,9.25,37.9,7326,0.04,792.0,0.84,0.0,5847.5,VWAP,-
2025-05-13,2025-05,8,1,9.75,25.2,4312,0.02,442.0,0.83,0.0,5838.25,-,VWAP
2025-05-13,2025-05,8,-1,10.25,24.6,3533,0.04,345.0,0.83,0.0,5848.0,VWAP,ONL
2025-05-13,2025-05,9,1,47.75,209.3,55369,0.06,1160.0,0.8,0.0,5837.75,ONL,ONH
2025-05-13,2025-05,12,-1,15.0,0.2,1841,-0.12,123.0,0.76,0.0,5885.5,ONH,VW3s
2025-05-13,2025-05,12,1,12.0,0.2,1639,0.22,137.0,0.73,0.0,5870.5,VW3s,-
2025-05-13,2025-05,12,-1,21.0,16.0,26212,0.03,1248.0,0.85,0.0,5882.5,-,-
2025-05-14,2025-05,22,-1,1.75,7.5,1338,0.08,765.0,0.79,0.0,5902.0,"pdC,VWAP,VW2s,VW-2s,VW3s,VW-3s,ONH,ONL","pdC,VWAP,VW-2s,VW-3s,ONL"
2025-05-14,2025-05,22,1,9.25,108.8,8999,0.02,973.0,0.82,0.0,5900.25,"pdC,VWAP,VW-2s,VW-3s,ONL","VW2s,VW3s,ONH"
2025-05-14,2025-05,23,-1,11.0,71.2,7026,0.1,639.0,0.81,0.0,5909.5,"VW2s,VW3s,ONH","dP,VW-2s,VW-3s,ONL"
2025-05-14,2025-05,1,1,19.0,365.6,33142,0.06,1744.0,0.79,0.0,5898.5,"dP,VW-2s,VW-3s,ONL","VW3s,ONH"
2025-05-14,2025-05,7,-1,21.0,112.0,27837,0.04,1326.0,0.83,0.0,5917.5,"VW3s,ONH","dP,wR3,VW-3s,ONL"
2025-05-14,2025-05,9,1,10.25,19.9,5504,0.02,537.0,0.83,0.0,5896.5,"dP,wR3,VW-3s,ONL",VWAP
2025-05-14,2025-05,9,-1,10.25,44.0,7880,0.1,769.0,0.8,0.0,5906.75,VWAP,"dP,wR3,VW-2s,ONL"
2025-05-14,2025-05,10,1,25.75,82.0,21533,0.04,836.0,0.81,0.0,5896.5,"dP,wR3,VW-2s,ONL","VW3s,ONH"
2025-05-14,2025-05,11,-1,8.5,24.4,10562,0.14,1243.0,0.78,0.0,5922.25,"VW3s,ONH",-
2025-05-14,2025-05,11,1,10.0,38.5,15334,0.02,1533.0,0.82,0.0,5913.75,-,ONH
2025-05-15,2025-05,22,1,1.0,0.6,357,-0.02,357.0,0.71,0.0,5903.0,"VWAP,VW2s,VW-2s,VW3s,VW-3s,ONH,ONL","pdC,VWAP,VW2s,VW-2s,VW3s,ONH,ONL"
2025-05-15,2025-05,22,-1,11.75,91.7,9164,0.09,780.0,0.8,0.0,5904.0,"pdC,VWAP,VW2s,VW-2s,VW3s,ONH,ONL","VW-2s,ONL"
2025-05-15,2025-05,23,1,10.75,190.4,16384,0.01,1524.0,0.8,0.0,5892.25,"VW-2s,ONL","VW2s,ONH"
2025-05-15,2025-05,2,-1,17.75,190.1,12336,0.08,695.0,0.77,0.0,5903.0,"VW2s,ONH","VW-3s,ONL"
2025-05-15,2025-05,5,1,11.25,35.9,4015,0.12,357.0,0.79,0.0,5885.25,"VW-3s,ONL","wR3,VWAP"
2025-05-15,2025-05,6,-1,29.5,162.9,41112,0.07,1394.0,0.83,0.0,5896.5,"wR3,VWAP",ONL
2025-05-15,2025-05,9,1,22.5,139.5,33947,0.04,1509.0,0.8,0.0,5867.0,ONL,"dS1,pdL"
2025-05-15,2025-05,11,-1,10.75,56.6,15992,0.01,1488.0,0.79,0.0,5889.5,"dS1,pdL",-
2025-05-15,2025-05,12,1,19.5,16.5,16365,0.09,839.0,0.8,0.0,5878.75,-,wR3
2025-05-16,2025-05,22,-1,3.5,74.7,5208,0.08,1488.0,0.75,0.0,5934.0,"pdC,VWAP,VW2s,VW-2s,VW3s,VW-3s,ONH,ONL","VW-2s,VW-3s,ONL"
2025-05-16,2025-05,23,1,9.25,57.0,4175,0.04,451.0,0.78,0.0,5930.5,"VW-2s,VW-3s,ONL","VW2s,VW3s,ONH"
2025-05-16,2025-05,0,-1,16.75,74.5,8305,0.06,496.0,0.79,0.0,5939.75,"VW2s,VW3s,ONH","dP,VW-2s,ONL"
2025-05-16,2025-05,1,1,13.0,290.3,15314,0.02,1178.0,0.79,0.0,5923.0,"dP,VW-2s,ONL",pdC
2025-05-16,2025-05,6,-1,8.75,37.0,3189,0.01,364.0,0.79,0.0,5936.0,pdC,-
2025-05-16,2025-05,6,1,24.75,120.4,21365,0.11,863.0,0.8,0.0,5927.25,-,"VW2s,ONH"
2025-05-16,2025-05,8,-1,8.75,75.0,9948,0.04,1137.0,0.8,0.0,5952.0,"VW2s,ONH",pdH
2025-05-16,2025-05,10,1,14.75,141.7,28417,0.08,1927.0,0.78,0.0,5943.25,pdH,"dR1,ONH"
2025-05-19,2025-05,22,1,14.5,0.1,2143,0.01,148.0,0.8,0.0,5920.5,"VWAP,VW2s,VW-2s,VW3s,VW-3s,ONH,ONL",ONH
2025-05-19,2025-05,22,-1,9.75,0.1,569,0.08,58.0,0.82,0.0,5935.0,ONH,"pdL,VWAP"
2025-05-19,2025-05,22,1,11.25,1.3,1472,0.2,131.0,0.81,0.0,5925.25,"pdL,VWAP","VW2s,ONH"
2025-05-19,2025-05,22,-1,10.25,1.4,1307,0.08,128.0,0.78,0.0,5936.5,"VW2s,ONH","pdL,VWAP"
2025-05-19,2025-05,22,1,12.5,5.2,3061,0.16,245.0,0.77,0.0,5926.25,"pdL,VWAP","VW2s,ONH"
2025-05-19,2025-05,22,-1,11.5,10.6,3169,0.17,276.0,0.74,0.0,5938.75,"VW2s,ONH",-
2025-05-19,2025-05,22,1,20.75,85.9,10527,0.02,507.0,0.8,0.0,5927.25,-,"pdC,ONH"
2025-05-19,2025-05,23,-1,24.5,61.9,12032,0.05,491.0,0.81,0.0,5948.0,"pdC,ONH","dS1,pdL,VW-2s"
2025-05-19,2025-05,0,1,12.0,47.0,7748,0.05,646.0,0.82,0.0,5923.5,"dS1,pdL,VW-2s",-
2025-05-19,2025-05,1,-1,9.5,33.6,3967,0.12,418.0,0.81,0.0,5935.5,-,pdL
2025-05-19,2025-05,2,1,9.0,26.7,2314,0.1,257.0,0.82,0.0,5926.0,pdL,-
2025-05-19,2025-05,2,-1,25.25,82.2,10748,0.14,426.0,0.79,0.0,5935.0,-,"wP,VW-3s,ONL"
2025-05-19,2025-05,3,1,13.75,138.6,14878,-0.04,1082.0,0.82,0.0,5909.75,"wP,VW-3s,ONL","dS1,pdL"
2025-05-19,2025-05,6,-1,21.0,60.8,13297,0.02,633.0,0.83,0.0,5923.5,"dS1,pdL","VW-2s,ONL"
2025-05-19,2025-05,7,1,10.5,37.4,7612,0.03,725.0,0.84,0.0,5902.5,"VW-2s,ONL",-
2025-05-19,2025-05,7,-1,20.25,50.7,16398,0.11,810.0,0.81,0.0,5913.0,-,"VW-2s,ONL"
2025-05-19,2025-05,8,1,15.0,53.0,13502,-0.03,900.0,0.81,0.0,5892.75,"VW-2s,ONL",-
2025-05-19,2025-05,9,-1,12.0,34.7,5114,0.1,426.0,0.81,0.0,5907.75,-,dS2
2025-05-19,2025-05,10,1,18.25,56.7,13156,0.11,721.0,0.81,0.0,5895.75,dS2,-
2025-05-19,2025-05,11,-1,8.5,32.7,7053,0.12,830.0,0.79,0.0,5914.0,-,-
2025-05-19,2025-05,11,1,13.5,21.6,7151,0.19,530.0,0.79,0.0,5905.5,-,-
2025-05-19,2025-05,12,-1,10.75,32.5,12152,0.02,1130.0,0.82,0.0,5919.0,-,-
2025-05-20,2025-05,22,-1,2.0,0.1,210,0.4,105.0,0.62,0.0,5978.0,"VWAP,VW2s,VW-2s,VW3s,VW-3s,ONH,ONL","VWAP,VW-2s,VW-3s,ONH,ONL"
2025-05-20,2025-05,22,1,15.5,94.5,13723,-0.11,885.0,0.76,0.0,5976.0,"VWAP,VW-2s,VW-3s,ONH,ONL","VW2s,ONH"
2025-05-20,2025-05,23,-1,28.5,277.7,33101,0.07,1161.0,0.8,0.0,5991.5,"VW2s,ONH","VW-2s,ONL"
2025-05-20,2025-05,4,1,11.25,77.7,5301,0.07,471.0,0.81,0.0,5963.0,"VW-2s,ONL",mR1
2025-05-20,2025-05,5,-1,18.75,41.0,6150,0.14,328.0,0.81,0.0,5974.25,mR1,"dP,VW-2s,ONL"
2025-05-20,2025-05,6,1,16.5,79.4,12459,0.02,755.0,0.84,0.0,5955.5,"dP,VW-2s,ONL","mR1,VWAP"
2025-05-20,2025-05,7,-1,13.25,18.7,3290,0.14,248.0,0.83,0.0,5972.0,"mR1,VWAP",dP
2025-05-20,2025-05,7,1,9.0,12.9,1947,0.02,216.0,0.86,0.0,5958.75,dP,-
2025-05-20,2025-05,8,-1,8.75,12.2,1975,0.16,226.0,0.85,0.0,5967.75,-,-
2025-05-20,2025-05,8,1,8.75,35.7,4274,-0.0,488.0,0.85,0.0,5959.0,-,-
2025-05-20,2025-05,8,-1,8.75,39.4,5343,0.07,611.0,0.83,0.0,5967.75,-,-
2025-05-20,2025-05,9,1,15.5,124.3,19701,0.04,1271.0,0.8,0.0,5959.0,-,mR1
2025-05-21,2025-05,22,1,1.0,4.2,762,0.0,762.0,0.75,0.0,5952.5,"dP,pdC,VWAP,VW2s,VW-2s,VW3s,VW-3s,ONH,ONL","pdC,VWAP,VW2s,VW3s,ONH"
2025-05-21,2025-05,22,-1,17.25,7.8,4518,0.14,262.0,0.78,0.0,5953.5,"pdC,VWAP,VW2s,VW3s,ONH","VW-2s,ONL"
2025-05-21,2025-05,22,1,22.0,140.1,15188,0.04,690.0,0.8,0.0,5936.25,"VW-2s,ONL","VW2s,ONH"
2025-05-21,2025-05,0,-1,35.25,377.1,33554,0.04,952.0,0.81,0.0,5958.25,"VW2s,ONH",ONL
2025-05-21,2025-05,6,1,11.25,66.3,10591,-0.03,941.0,0.83,0.0,5923.0,ONL,-
2025-05-21,2025-05,7,-1,13.75,45.0,6823,0.1,496.0,0.83,0.0,5934.25,-,"VW-2s,ONL"
2025-05-21,2025-05,8,1,9.5,20.6,3198,0.05,337.0,0.81,0.0,5920.5,"VW-2s,ONL",dS1
2025-05-21,2025-05,9,-1,25.0,84.6,18380,0.07,735.0,0.81,0.0,5930.0,dS1,"dS2,ONL"
2025-05-21,2025-05,10,1,29.0,93.1,26240,0.06,905.0,0.81,0.0,5905.0,"dS2,ONL",-
2025-05-21,2025-05,11,-1,13.0,12.9,6999,0.16,538.0,0.78,0.0,5934.0,-,-
2025-05-21,2025-05,12,1,9.75,15.8,7015,0.08,719.0,0.81,0.0,5921.0,-,"dS1,VWAP"
2025-05-22,2025-05,22,-1,1.75,0.0,216,-0.12,123.0,0.73,0.0,5858.5,"pdC,VWAP,VW2s,VW-2s,VW3s,VW-3s,ONH,ONL","pdC,VWAP,VW-2s,VW-3s,ONH,ONL"
2025-05-22,2025-05,22,1,9.0,1.7,614,0.14,68.0,0.81,0.0,5856.75,"pdC,VWAP,VW-2s,VW-3s,ONH,ONL","VW2s,ONH"
2025-05-22,2025-05,22,-1,14.5,11.7,3129,0.08,216.0,0.86,0.0,5865.75,"VW2s,ONH","VW-2s,ONL"
2025-05-22,2025-05,22,1,23.0,171.3,21354,0.04,928.0,0.85,0.0,5851.25,"VW-2s,ONL",ONH
2025-05-22,2025-05,1,-1,13.0,113.2,11259,0.04,866.0,0.78,0.0,5874.25,ONH,VWAP
2025-05-22,2025-05,2,1,14.75,247.2,19718,0.04,1337.0,0.81,0.0,5861.25,VWAP,"VW2s,ONH"
2025-05-22,2025-05,7,-1,11.0,24.9,4881,0.07,444.0,0.84,0.0,5876.0,"VW2s,ONH",VWAP
2025-05-22,2025-05,7,1,8.0,5.0,1857,0.06,232.0,0.83,0.0,5865.0,VWAP,VW2s
2025-05-22,2025-05,7,-1,8.75,14.4,3451,-0.03,394.0,0.86,0.0,5873.0,VW2s,VWAP
2025-05-22,2025-05,7,1,8.5,31.9,8601,0.06,1012.0,0.82,0.0,5864.25,VWAP,-
2025-05-22,2025-05,8,-1,11.25,109.2,18257,-0.04,1623.0,0.84,0.0,5872.75,-,-
2025-05-22,2025-05,10,1,13.5,59.0,15027,-0.03,1113.0,0.81,0.0,5861.5,-,"VW2s,ONH"
2025-05-22,2025-05,11,-1,38.5,51.7,34996,0.13,909.0,0.79,0.0,5875.0,"VW2s,ONH",ONL
2025-05-22,2025-05,12,1,9.25,7.4,6182,0.0,668.0,0.86,0.0,5836.5,ONL,"pdL,VW-2s"
2025-05-22,2025-05,12,-1,16.75,21.4,19025,0.08,1136.0,0.82,0.0,5845.75,"pdL,VW-2s",ONL
2025-05-23,2025-05,22,1,2.0,0.1,315,0.24,158.0,0.76,0.0,5870.0,"dP,pdC,VWAP,VW2s,VW-2s,VW3s,VW-3s,ONH,ONL","VWAP,VW2s,VW3s,ONH"
2025-05-23,2025-05,22,-1,22.0,61.3,7431,0.13,338.0,0.8,0.0,5872.0,"VWAP,VW2s,VW3s,ONH",ONL
2025-05-23,2025-05,23,1,15.25,113.7,9387,0.04,616.0,0.84,0.0,5850.0,ONL,-
2025-05-23,2025-05,0,-1,9.0,55.6,5700,-0.02,633.0,0.83,0.0,5865.25,-,-
2025-05-23,2025-05,1,1,11.75,38.1,3470,0.12,295.0,0.79,0.0,5856.25,-,"dP,pdC,VW2s"
2025-05-23,2025-05,2,-1,16.25,147.7,9745,0.06,600.0,0.81,0.0,5868.0,"dP,pdC,VW2s","VW-2s,ONL"
2025-05-23,2025-05,4,1,8.75,30.6,1676,0.16,192.0,0.79,0.0,5851.75,"VW-2s,ONL",VWAP
2025-05-23,2025-05,5,-1,18.75,52.7,6865,0.11,366.0,0.82,0.0,5860.5,VWAP,"dS1,wS1,pdL,VW-3s,ONL"
2025-05-23,2025-05,6,1,29.75,107.5,20023,0.1,673.0,0.82,0.0,5841.75,"dS1,wS1,pdL,VW-3s,ONL","VW2s,ONH"
2025-05-23,2025-05,8,-1,28.0,82.0,12763,0.06,456.0,0.85,0.0,5871.5,"VW2s,ONH","dS1,wS1,pdL,ONL"
2025-05-23,2025-05,9,1,16.5,29.4,5585,0.12,338.0,0.84,0.0,5843.5,"dS1,wS1,pdL,ONL",VWAP
2025-05-23,2025-05,9,-1,11.0,41.0,5385,0.0,490.0,0.87,0.0,5860.0,VWAP,-
2025-05-23,2025-05,10,1,9.75,37.6,5832,0.02,598.0,0.85,0.0,5849.0,-,VWAP
2025-05-23,2025-05,11,-1,25.25,7.5,17515,0.11,694.0,0.79,0.0,5858.75,VWAP,ONL
2025-05-23,2025-05,11,1,10.0,9.5,7248,0.01,725.0,0.85,0.0,5833.5,ONL,"dS1,wS1,pdL"
2025-05-23,2025-05,11,-1,55.25,10.6,23824,0.2,431.0,0.74,0.0,5843.5,"dS1,wS1,pdL","dS3,ONL"
2025-05-23,2025-05,11,1,13.0,0.3,3988,0.03,307.0,0.79,0.0,5788.25,"dS3,ONL",-
2025-05-23,2025-05,11,-1,16.0,1.2,7140,0.1,446.0,0.77,0.0,5801.25,-,ONL
2025-05-23,2025-05,11,1,14.75,1.6,8225,-0.07,558.0,0.81,0.0,5785.25,ONL,-
2025-05-23,2025-05,11,-1,23.25,1.2,6672,0.1,287.0,0.8,0.0,5800.0,-,ONL
2025-05-23,2025-05,11,1,12.25,1.7,6490,-0.03,530.0,0.82,0.0,5776.75,ONL,dS3
2025-05-23,2025-05,11,-1,8.75,0.6,1793,0.18,205.0,0.81,0.0,5789.0,dS3,VW-2s
2025-05-23,2025-05,11,1,8.5,0.7,2201,0.13,259.0,0.8,0.0,5780.25,VW-2s,dS3
2025-05-23,2025-05,11,-1,8.0,0.7,2270,0.15,284.0,0.83,0.0,5788.75,dS3,-
2025-05-23,2025-05,11,1,14.0,2.5,6692,-0.01,478.0,0.83,0.0,5780.75,-,-
2025-05-23,2025-05,11,-1,31.0,6.1,19207,0.11,620.0,0.78,0.0,5794.75,-,"VW-2s,ONL"
2025-05-23,2025-05,12,1,13.25,0.6,2137,0.04,161.0,0.82,0.0,5763.75,"VW-2s,ONL",-
2025-05-23,2025-05,12,-1,11.0,0.1,1492,0.21,136.0,0.76,0.0,5777.0,-,-
2025-05-23,2025-05,12,1,8.25,0.8,2127,-0.0,258.0,0.83,0.0,5766.0,-,-
2025-05-23,2025-05,12,-1,13.5,3.5,9108,0.12,675.0,0.78,0.0,5774.25,-,ONL
2025-05-23,2025-05,12,1,14.75,2.9,6505,0.04,441.0,0.83,0.0,5760.75,ONL,-
2025-05-23,2025-05,12,-1,18.5,4.6,8728,0.11,472.0,0.79,0.0,5775.5,-,ONL
2025-05-23,2025-05,12,1,19.25,3.6,6706,0.06,348.0,0.83,0.0,5757.0,ONL,-
2025-05-23,2025-05,12,-1,17.0,6.8,12237,0.03,720.0,0.8,0.0,5776.25,-,-
2025-05-23,2025-05,12,1,25.25,7.0,12497,-0.0,495.0,0.83,0.0,5759.25,-,-
2025-05-23,2025-05,12,-1,9.25,0.5,1401,0.34,151.0,0.75,0.0,5784.5,-,-
2025-05-23,2025-05,12,1,9.5,6.3,6628,-0.02,698.0,0.85,0.0,5775.25,-,-
2025-05-26,2025-05,22,-1,2.5,0.7,460,0.06,184.0,0.81,0.0,5816.0,"pdC,VWAP,VW2s,VW-2s,VW3s,VW-3s,ONH,ONL","pdC,VWAP,VW-2s,VW-3s,ONL"
2025-05-26,2025-05,22,1,35.25,7.4,3838,0.19,109.0,0.78,0.0,5813.5,"pdC,VWAP,VW-2s,VW-3s,ONL","VW2s,ONH"
2025-05-26,2025-05,22,-1,11.75,1.2,1597,-0.0,136.0,0.81,0.0,5848.75,"VW2s,ONH",-
2025-05-26,2025-05,22,1,9.25,0.8,705,0.07,76.0,0.78,0.0,5837.0,-,-
2025-05-26,2025-05,22,-1,8.75,1.4,605,0.12,69.0,0.81,0.0,5846.25,-,-
2025-05-26,2025-05,22,1,38.25,14.1,9765,0.14,255.0,0.73,0.0,5837.5,-,"VW2s,ONH"
2025-05-26,2025-05,22,-1,20.25,14.0,4148,0.13,205.0,0.8,0.0,5875.75,"VW2s,ONH",wP
2025-05-26,2025-05,22,1,15.5,63.4,7308,-0.01,471.0,0.85,0.0,5855.5,wP,-
2025-05-26,2025-05,23,-1,9.25,18.3,2003,0.16,217.0,0.81,0.0,5871.0,-,-
2025-05-26,2025-05,0,1,11.25,15.1,2123,0.04,189.0,0.85,0.0,5861.75,-,-
2025-05-26,2025-05,0,-1,11.25,44.6,4158,0.03,370.0,0.84,0.0,5873.0,-,-
2025-05-26,2025-05,1,1,16.25,85.1,7080,0.1,436.0,0.78,0.0,5861.75,-,ONH
2025-05-26,2025-05,2,-1,9.0,23.8,1988,0.1,221.0,0.78,0.0,5878.0,ONH,-
2025-05-26,2025-05,2,1,10.75,124.2,6032,0.08,561.0,0.76,0.0,5869.0,-,ONH
2025-05-26,2025-05,4,-1,9.5,66.7,4150,0.13,437.0,0.76,0.0,5879.75,ONH,-
2025-05-26,2025-05,6,1,15.5,29.1,5348,0.05,345.0,0.79,0.0,5870.25,-,ONH
2025-05-26,2025-05,6,-1,8.0,13.0,2021,0.18,253.0,0.81,0.0,5885.75,ONH,-
2025-05-26,2025-05,6,1,17.25,81.3,13494,0.06,782.0,0.8,0.0,5877.75,-,ONH
2025-05-26,2025-05,8,-1,13.0,53.9,6637,0.07,511.0,0.78,0.0,5895.0,ONH,-
2025-05-27,2025-05,22,-1,16.75,142.9,14225,0.05,849.0,0.78,0.0,5890.0,"pdC,VWAP,VW2s,VW-2s,VW3s,VW-3s,ONH,ONL","VW-2s,ONL"
2025-05-27,2025-05,0,1,9.0,37.1,4189,0.13,465.0,0.76,0.0,5873.25,"VW-2s,ONL",-
2025-05-27,2025-05,0,-1,19.5,166.7,14609,0.07,749.0,0.79,0.0,5882.25,-,"dS2,VW-2s,ONL"
2025-05-27,2025-05,3,1,49.5,244.4,31553,0.13,637.0,0.79,0.0,5862.75,"dS2,VW-2s,ONL",ONH
2025-05-27,2025-05,7,-1,14.75,60.0,13676,0.01,927.0,0.84,0.0,5912.25,ONH,dR1
2025-05-27,2025-05,8,1,12.5,22.5,5189,0.21,415.0,0.77,0.0,5897.5,dR1,-
2025-05-27,2025-05,9,-1,10.0,15.8,2511,0.11,251.0,0.8,0.0,5910.0,-,dR1
2025-05-27,2025-05,9,1,9.25,65.0,10234,0.07,1106.0,0.81,0.0,5900.0,dR1,-
2025-05-27,2025-05,10,-1,14.75,32.8,6622,0.13,449.0,0.81,0.0,5909.25,-,pdH
2025-05-27,2025-05,11,1,10.0,34.8,8712,-0.01,871.0,0.8,0.0,5894.5,pdH,-
2025-05-27,2025-05,11,-1,10.75,37.4,8972,0.09,835.0,0.8,0.0,5904.5,-,pdH
2025-05-27,2025-05,12,1,8.75,1.8,2862,0.11,327.0,0.8,0.0,5893.75,pdH,-
2025-05-28,2025-05,22,1,2.25,78.6,6489,-0.0,2884.0,0.83,0.0,5939.5,"pdC,VWAP,VW2s,VW-2s,VW3s,VW-3s,ONH,ONL","pdH,pdC,VW2s,VW3s,ONH"
2025-05-28,2025-05,23,-1,23.25,612.8,56630,0.05,2436.0,0.8,0.0,5941.75,"pdH,pdC,VW2s,VW3s,ONH","dP,VW-2s,ONL"
2025-05-28,2025-05,9,1,25.5,88.3,17732,0.13,695.0,0.78,0.0,5918.5,"dP,VW-2s,ONL","VW2s,ONH"
2025-05-28,2025-05,10,-1,9.0,47.9,10940,0.0,1216.0,0.82,0.0,5944.0,"VW2s,ONH",-
2025-05-28,2025-05,11,1,10.5,57.1,14009,0.08,1334.0,0.81,0.0,5935.0,-,"wR1,VW2s,ONH"
2025-05-29,2025-05,22,-1,5.0,2.0,1170,0.07,234.0,0.73,0.0,5921.5,"dP,VWAP,VW2s,VW-2s,VW3s,VW-3s,ONH,ONL","VW-2s,VW-3s,ONL"
2025-05-29,2025-05,22,1,66.0,69.8,27608,0.16,418.0,0.84,0.0,5916.5,"VW-2s,VW-3s,ONL","VW2s,ONH"
2025-05-29,2025-05,23,-1,9.25,2.2,2318,0.1,251.0,0.88,0.0,5982.5,"VW2s,ONH",mR1
2025-05-29,2025-05,23,1,24.0,2.9,5936,0.22,247.0,0.86,0.0,5973.25,mR1,ONH
2025-05-29,2025-05,23,-1,20.75,12.4,12351,0.07,595.0,0.86,0.0,5997.25,ONH,-
2025-05-29,2025-05,23,1,20.5,14.4,10666,0.02,520.0,0.85,0.0,5976.5,-,ONH
2025-05-29,2025-05,23,-1,16.0,7.0,3923,0.16,245.0,0.85,0.0,5997.0,ONH,-
2025-05-29,2025-05,23,1,11.75,8.6,3610,0.09,307.0,0.83,0.0,5981.0,-,-
2025-05-29,2025-05,23,-1,15.5,13.1,8159,0.11,526.0,0.79,0.0,5992.75,-,-
2025-05-29,2025-05,0,1,13.25,11.7,5367,0.04,405.0,0.82,0.0,5977.25,-,-
2025-05-29,2025-05,0,-1,9.0,4.1,1695,0.29,188.0,0.77,0.0,5990.5,-,-
2025-05-29,2025-05,0,1,21.25,26.9,9065,0.14,427.0,0.77,0.0,5981.5,-,ONH
2025-05-29,2025-05,0,-1,18.25,31.0,9773,0.12,536.0,0.79,0.0,6002.75,ONH,dR2
2025-05-29,2025-05,1,1,20.25,108.8,22161,0.03,1094.0,0.79,0.0,5984.5,dR2,ONH
2025-05-29,2025-05,3,-1,11.25,30.6,5693,0.07,506.0,0.77,0.0,6004.75,ONH,-
2025-05-29,2025-05,3,1,9.75,123.9,12905,0.02,1324.0,0.77,0.0,5993.5,-,ONH
2025-05-29,2025-05,5,-1,14.0,28.2,4655,0.13,332.0,0.76,0.0,6003.25,ONH,-
2025-05-29,2025-05,6,1,8.0,17.3,3463,0.09,433.0,0.75,0.0,5989.25,-,-
2025-05-29,2025-05,6,-1,12.0,28.9,6133,0.07,511.0,0.78,0.0,5997.25,-,"dR2,VWAP"
2025-05-29,2025-05,7,1,22.75,57.5,19157,0.03,842.0,0.78,0.0,5985.25,"dR2,VWAP",ONH
2025-05-29,2025-05,8,-1,52.25,211.4,61679,0.05,1180.0,0.79,0.0,6008.0,ONH,dR1
2025-05-29,2025-05,11,1,8.75,4.2,1879,0.26,215.0,0.79,0.0,5955.75,dR1,-
2025-05-29,2025-05,11,-1,16.5,28.2,18313,0.11,1110.0,0.77,0.0,5964.5,-,wR1
2025-05-29,2025-05,12,1,9.75,0.2,1915,0.33,196.0,0.76,0.0,5948.0,wR1,-
2025-05-29,2025-05,12,-1,15.0,16.6,13724,-0.03,915.0,0.84,0.0,5957.75,-,-
2025-05-29,2025-05,12,1,12.5,9.8,6861,0.09,549.0,0.82,0.0,5942.75,-,dR1
2025-05-29,2025-05,12,-1,14.5,10.3,8012,0.06,553.0,0.79,0.0,5955.25,dR1,-
2025-05-30,2025-05,22,-1,3.0,7.8,1916,0.09,639.0,0.85,0.0,5913.5,"VWAP,VW2s,VW-2s,VW3s,VW-3s,ONH,ONL","VW-2s,VW-3s,ONL"
2025-05-30,2025-05,22,1,9.75,5.7,1511,0.14,155.0,0.81,0.0,5910.5,"VW-2s,VW-3s,ONL","dP,VW2s,VW3s,ONH"
2025-05-30,2025-05,22,-1,13.75,38.5,4496,0.07,327.0,0.86,0.0,5920.25,"dP,VW2s,VW3s,ONH","VW-2s,ONL"
2025-05-30,2025-05,22,1,8.25,32.6,2175,0.07,264.0,0.87,0.0,5906.5,"VW-2s,ONL",-
2025-05-30,2025-05,23,-1,23.75,100.8,13895,0.06,585.0,0.83,0.0,5914.75,-,"VW-3s,ONL"
2025-05-30,2025-05,1,1,14.5,2.3,1607,0.14,111.0,0.86,0.0,5891.0,"VW-3s,ONL",-
2025-05-30,2025-05,1,-1,9.75,12.6,2242,0.06,230.0,0.85,0.0,5905.5,-,VW-2s
2025-05-30,2025-05,1,1,27.0,264.6,17904,0.04,663.0,0.8,0.0,5895.75,VW-2s,ONH
2025-05-30,2025-05,5,-1,20.5,85.2,11220,0.07,547.0,0.84,0.0,5922.75,ONH,-
2025-05-30,2025-05,7,1,17.25,66.3,10389,-0.03,602.0,0.86,0.0,5902.25,-,"dP,VW2s"
2025-05-30,2025-05,8,-1,9.5,26.8,3743,0.03,394.0,0.84,0.0,5919.5,"dP,VW2s",VWAP
2025-05-30,2025-05,8,1,9.0,52.8,5764,-0.06,640.0,0.85,0.0,5910.0,VWAP,"dP,pdC"
2025-05-30,2025-05,9,-1,10.75,24.2,2992,0.14,278.0,0.83,0.0,5919.0,"dP,pdC",-
2025-05-30,2025-05,10,1,14.5,70.9,8409,-0.01,580.0,0.84,0.0,5908.25,-,"VW2s,ONH"
2025-05-30,2025-05,11,-1,32.5,58.5,17230,0.08,530.0,0.81,0.0,5922.75,"VW2s,ONH",ONL
2025-05-30,2025-05,12,1,20.25,0.4,4572,0.17,226.0,0.8,0.0,5890.25,ONL,VWAP
2025-05-30,2025-05,12,-1,21.5,0.7,5491,0.08,255.0,0.8,0.0,5910.5,VWAP,"VW-3s,ONL"
2025-05-30,2025-05,12,1,8.5,0.2,1366,0.32,161.0,0.79,0.0,5889.0,"VW-3s,ONL",VW-2s
2025-05-30,2025-05,12,-1,20.75,0.6,4600,-0.01,222.0,0.81,0.0,5897.5,VW-2s,ONL
2025-05-30,2025-05,12,1,13.75,0.8,3510,0.22,255.0,0.8,0.0,5876.75,ONL,VW-2s
2025-05-30,2025-05,12,-1,9.75,1.2,4092,0.04,420.0,0.8,0.0,5890.5,VW-2s,dS1
2025-05-30,2025-05,12,1,21.0,5.5,11484,0.07,547.0,0.85,0.0,5880.75,dS1,-
2025-05-30,2025-05,12,-1,14.75,9.7,10805,0.05,733.0,0.91,0.0,5901.75,-,-
2025-05-30,2025-05,12,1,19.75,5.5,8128,0.07,412.0,0.85,0.0,5887.0,-,VWAP
