day,mod,px,vol,symbol,ts_recv
2026-07-15,570,7616.0,1762,ES,
2026-07-15,571,7617.25,1059,ES,
2026-07-15,572,7620.0,1525,ES,
2026-07-15,573,7620.25,1083,ES,
2026-07-15,574,7621.75,1194,ES,
2026-07-15,575,7620.25,1502,ES,
2026-07-15,576,7624.25,1033,ES,
2026-07-15,577,7619.25,1072,ES,
2026-07-15,578,7617.25,1169,ES,
2026-07-15,579,7618.5,897,ES,
2026-07-15,580,7615.75,822,ES,
2026-07-15,581,7614.75,781,ES,
2026-07-15,582,7613.5,877,ES,
2026-07-15,583,7617.0,946,ES,
2026-07-15,584,7613.5,1021,ES,
2026-07-15,585,7609.75,1200,ES,
2026-07-15,586,7606.25,1282,ES,
2026-07-15,587,7605.75,1078,ES,
2026-07-15,588,7605.0,988,ES,
2026-07-15,589,7605.25,1117,ES,
2026-07-15,590,7602.5,1638,ES,
2026-07-15,591,7602.75,1189,ES,
2026-07-15,592,7607.0,1216,ES,
2026-07-15,593,7604.75,1225,ES,
2026-07-15,594,7610.75,870,ES,
2026-07-15,595,7611.75,1185,ES,
2026-07-15,596,7609.5,975,ES,
2026-07-15,597,7613.5,986,ES,
2026-07-15,598,7614.5,1297,ES,
2026-07-15,599,7614.5,1000,ES,
2026-07-15,600,7618.25,1198,ES,
2026-07-15,601,7620.5,1067,ES,
2026-07-15,602,7619.0,1261,ES,
2026-07-15,603,7620.25,1048,ES,
2026-07-15,604,7618.0,905,ES,
2026-07-15,605,7618.25,882,ES,
2026-07-15,606,7623.0,992,ES,
2026-07-15,607,7622.0,1021,ES,
2026-07-15,608,7621.5,769,ES,
2026-07-15,609,7620.5,940,ES,
2026-07-15,610,7621.0,917,ES,
2026-07-15,611,7619.75,831,ES,
2026-07-15,612,7621.5,787,ES,
2026-07-15,613,7620.0,1032,ES,
2026-07-15,614,7618.0,796,ES,
2026-07-15,615,7620.25,742,ES,
2026-07-15,616,7623.25,1006,ES,
2026-07-15,617,7624.25,778,ES,
2026-07-15,618,7622.75,772,ES,
2026-07-15,619,7623.5,701,ES,
2026-07-15,620,7617.75,1171,ES,
2026-07-15,621,7619.25,818,ES,
2026-07-15,622,7617.75,702,ES,
2026-07-15,623,7610.75,779,ES,
2026-07-15,624,7608.0,1168,ES,
2026-07-15,625,7606.75,1186,ES,
2026-07-15,626,7608.25,1055,ES,
2026-07-15,627,7611.0,1089,ES,
2026-07-15,628,7612.75,969,ES,
2026-07-15,629,7616.25,1049,ES,
2026-07-15,630,7616.25,1050,ES,
2026-07-15,631,7612.25,972,ES,
2026-07-15,632,7612.75,944,ES,
2026-07-15,633,7617.0,938,ES,
2026-07-15,634,7616.25,599,ES,
2026-07-15,635,7615.25,675,ES,
2026-07-15,636,7609.75,778,ES,
2026-07-15,637,7608.0,780,ES,
2026-07-15,638,7608.25,947,ES,
2026-07-15,639,7606.75,644,ES,
2026-07-15,640,7608.25,902,ES,
2026-07-15,641,7607.0,712,ES,
2026-07-15,642,7598.75,1391,ES,
2026-07-15,643,7602.75,1134,ES,
2026-07-15,644,7605.0,903,ES,
2026-07-15,645,7600.5,1098,ES,
2026-07-15,646,7602.5,947,ES,
2026-07-15,647,7603.75,728,ES,
2026-07-15,648,7606.75,647,ES,
2026-07-15,649,7607.75,678,ES,
2026-07-15,650,7605.5,682,ES,
2026-07-15,651,7603.5,731,ES,
2026-07-15,652,7600.5,670,ES,
2026-07-15,653,7601.5,691,ES,
2026-07-15,654,7600.5,866,ES,
2026-07-15,655,7600.0,881,ES,
2026-07-15,656,7603.0,693,ES,
2026-07-15,657,7602.25,791,ES,
2026-07-15,658,7601.5,682,ES,
2026-07-15,659,7604.75,623,ES,
2026-07-15,660,7604.5,750,ES,
2026-07-15,661,7601.5,653,ES,
2026-07-15,662,7604.0,555,ES,
2026-07-15,663,7602.25,513,ES,
2026-07-15,664,7602.0,475,ES,
2026-07-15,665,7604.25,580,ES,
2026-07-15,666,7604.75,511,ES,
2026-07-15,667,7607.25,707,ES,
2026-07-15,668,7609.75,653,ES,
2026-07-15,669,7610.25,718,ES,
2026-07-15,670,7608.0,744,ES,
2026-07-15,671,7607.75,522,ES,
2026-07-15,672,7605.25,613,ES,
2026-07-15,673,7605.0,505,ES,
2026-07-15,674,7601.0,740,ES,
2026-07-15,675,7598.0,1013,ES,
2026-07-15,676,7595.75,952,ES,
2026-07-15,677,7599.5,1091,ES,
2026-07-15,678,7602.25,866,ES,
2026-07-15,679,7602.5,759,ES,
2026-07-15,680,7601.5,721,ES,
2026-07-15,681,7599.25,739,ES,
2026-07-15,682,7595.75,653,ES,
2026-07-15,683,7596.75,963,ES,
2026-07-15,684,7598.75,785,ES,
2026-07-15,685,7599.75,1051,ES,
2026-07-15,686,7600.0,914,ES,
2026-07-15,687,7600.75,935,ES,
2026-07-15,688,7602.75,1167,ES,
2026-07-15,689,7606.0,783,ES,
2026-07-15,690,7603.0,1001,ES,
2026-07-15,691,7604.0,892,ES,
2026-07-15,692,7607.0,894,ES,
2026-07-15,693,7606.75,609,ES,
2026-07-15,694,7605.5,1444,ES,
2026-07-15,695,7602.75,1052,ES,
2026-07-15,696,7605.75,825,ES,
2026-07-15,697,7605.75,763,ES,
2026-07-15,698,7606.25,536,ES,
2026-07-15,699,7606.5,509,ES,
2026-07-15,700,7605.25,834,ES,
2026-07-15,701,7605.5,597,ES,
2026-07-15,702,7604.5,454,ES,
2026-07-15,703,7602.25,800,ES,
2026-07-15,704,7601.5,623,ES,
2026-07-15,705,7600.25,712,ES,
2026-07-15,706,7601.5,692,ES,
2026-07-15,707,7598.5,710,ES,
2026-07-15,708,7599.25,762,ES,
2026-07-15,709,7598.0,876,ES,
2026-07-15,710,7594.25,824,ES,
2026-07-15,711,7595.5,901,ES,
2026-07-15,712,7595.5,605,ES,
2026-07-15,713,7596.5,515,ES,
2026-07-15,714,7597.0,751,ES,
2026-07-15,715,7596.25,496,ES,
2026-07-15,716,7594.75,637,ES,
2026-07-15,717,7593.75,549,ES,
2026-07-15,718,7596.5,493,ES,
2026-07-15,719,7596.25,744,ES,
2026-07-15,720,7595.5,747,ES,
2026-07-15,721,7591.5,713,ES,
2026-07-15,722,7590.5,761,ES,
2026-07-15,723,7588.0,1221,ES,
2026-07-15,724,7590.5,890,ES,
2026-07-15,725,7587.75,686,ES,
2026-07-15,726,7585.25,1377,ES,
2026-07-15,727,7585.25,1043,ES,
2026-07-15,728,7585.0,908,ES,
2026-07-15,729,7588.75,863,ES,
2026-07-15,730,7589.75,824,ES,
2026-07-15,731,7587.75,580,ES,
2026-07-15,732,7588.75,671,ES,
2026-07-15,733,7585.5,808,ES,
2026-07-15,734,7581.5,908,ES,
2026-07-15,735,7582.0,1144,ES,
2026-07-15,736,7580.0,956,ES,
2026-07-15,737,7581.25,903,ES,
2026-07-15,738,7582.25,1135,ES,
2026-07-15,739,7579.75,995,ES,
2026-07-15,740,7577.5,1061,ES,
2026-07-15,741,7577.25,904,ES,
2026-07-15,742,7578.0,864,ES,
2026-07-15,743,7578.0,949,ES,
2026-07-15,744,7574.75,1305,ES,
2026-07-15,745,7576.75,1051,ES,
2026-07-15,746,7577.25,995,ES,
2026-07-15,747,7574.75,755,ES,
2026-07-15,748,7575.75,654,ES,
2026-07-15,749,7577.75,1127,ES,
2026-07-15,750,7580.5,915,ES,
2026-07-15,751,7578.25,745,ES,
2026-07-15,752,7578.0,715,ES,
2026-07-15,753,7577.25,954,ES,
2026-07-15,754,7575.25,723,ES,
2026-07-15,755,7574.0,1075,ES,
2026-07-15,756,7573.25,655,ES,
2026-07-15,757,7574.0,749,ES,
2026-07-15,758,7574.5,796,ES,
2026-07-15,759,7574.0,530,ES,
2026-07-15,760,7572.5,705,ES,
2026-07-15,761,7574.75,977,ES,
2026-07-15,762,7573.75,626,ES,
2026-07-15,763,7575.0,793,ES,
2026-07-15,764,7578.75,716,ES,
2026-07-15,765,7577.5,772,ES,
2026-07-15,766,7584.75,2089,ES,
2026-07-15,767,7580.5,1151,ES,
2026-07-15,768,7581.0,554,ES,
2026-07-15,769,7583.25,567,ES,
2026-07-15,770,7587.0,1206,ES,
2026-07-15,771,7585.0,734,ES,
2026-07-15,772,7586.5,809,ES,
2026-07-15,773,7586.5,636,ES,
2026-07-15,774,7584.25,902,ES,
2026-07-15,775,7582.0,759,ES,
2026-07-15,776,7581.25,647,ES,
2026-07-15,777,7582.75,859,ES,
2026-07-15,778,7585.0,726,ES,
2026-07-15,779,7586.75,580,ES,
2026-07-15,780,7589.5,1252,ES,
2026-07-15,781,7589.0,712,ES,
2026-07-15,782,7589.25,704,ES,
2026-07-15,783,7590.25,582,ES,
2026-07-15,784,7589.0,686,ES,
2026-07-15,785,7589.0,635,ES,
2026-07-15,786,7591.25,809,ES,
2026-07-15,787,7593.25,745,ES,
2026-07-15,788,7592.25,770,ES,
2026-07-15,789,7591.25,682,ES,
2026-07-15,790,7592.0,709,ES,
2026-07-15,791,7590.5,658,ES,
2026-07-15,792,7592.0,676,ES,
2026-07-15,793,7590.0,618,ES,
2026-07-15,794,7588.0,774,ES,
2026-07-15,795,7590.25,660,ES,
2026-07-15,796,7589.5,465,ES,
2026-07-15,797,7591.5,582,ES,
2026-07-15,798,7593.25,521,ES,
2026-07-15,799,7594.0,838,ES,
2026-07-15,800,7593.25,827,ES,
2026-07-15,801,7593.0,800,ES,
2026-07-15,802,7593.75,456,ES,
2026-07-15,803,7593.75,727,ES,
2026-07-15,804,7594.5,461,ES,
2026-07-15,805,7595.5,414,ES,
2026-07-15,806,7595.0,465,ES,
2026-07-15,807,7595.0,686,ES,
2026-07-15,808,7594.0,645,ES,
2026-07-15,809,7598.25,460,ES,
2026-07-15,810,7599.5,1290,ES,
2026-07-15,811,7600.0,900,ES,
2026-07-15,812,7601.0,856,ES,
2026-07-15,813,7601.5,1043,ES,
2026-07-15,814,7601.0,642,ES,
2026-07-15,815,7601.75,584,ES,
2026-07-15,816,7602.5,619,ES,
2026-07-15,817,7603.75,795,ES,
2026-07-15,818,7604.25,1022,ES,
2026-07-15,819,7604.0,755,ES,
2026-07-15,820,7602.75,1244,ES,
2026-07-15,821,7603.25,889,ES,
2026-07-15,822,7602.5,622,ES,
2026-07-15,823,7603.75,691,ES,
2026-07-15,824,7603.5,704,ES,
2026-07-15,825,7604.25,611,ES,
2026-07-15,826,7608.0,1349,ES,
2026-07-15,827,7609.75,1224,ES,
2026-07-15,828,7608.75,874,ES,
2026-07-15,829,7610.75,994,ES,
2026-07-15,830,7610.25,718,ES,
2026-07-15,831,7609.25,667,ES,
2026-07-15,832,7612.5,1550,ES,
2026-07-15,833,7613.25,1301,ES,
2026-07-15,834,7615.0,852,ES,
2026-07-15,835,7613.5,1112,ES,
2026-07-15,836,7612.75,960,ES,
2026-07-15,837,7613.75,953,ES,
2026-07-15,838,7613.0,747,ES,
2026-07-15,839,7612.5,784,ES,
2026-07-15,840,7612.5,861,ES,
2026-07-15,841,7615.25,985,ES,
2026-07-15,842,7615.0,1067,ES,
2026-07-15,843,7615.25,562,ES,
2026-07-15,844,7614.0,888,ES,
2026-07-15,845,7615.5,1034,ES,
2026-07-15,846,7617.0,753,ES,
2026-07-15,847,7615.75,639,ES,
2026-07-15,848,7616.0,381,ES,
2026-07-15,849,7616.25,564,ES,
2026-07-15,850,7617.0,417,ES,
2026-07-15,851,7617.75,655,ES,
2026-07-15,852,7617.25,584,ES,
2026-07-15,853,7617.25,1085,ES,
2026-07-15,854,7616.25,789,ES,
2026-07-15,855,7614.25,1115,ES,
2026-07-15,856,7613.5,1005,ES,
2026-07-15,857,7613.75,518,ES,
2026-07-15,858,7613.75,670,ES,
2026-07-15,859,7614.0,629,ES,
2026-07-15,860,7615.25,590,ES,
2026-07-15,861,7617.0,699,ES,
2026-07-15,862,7617.25,543,ES,
2026-07-15,863,7618.25,738,ES,
2026-07-15,864,7617.75,667,ES,
2026-07-15,865,7617.0,656,ES,
2026-07-15,866,7616.75,391,ES,
2026-07-15,867,7617.5,560,ES,
2026-07-15,868,7617.75,497,ES,
2026-07-15,869,7616.75,589,ES,
2026-07-15,870,7616.25,773,ES,
2026-07-15,871,7617.75,511,ES,
2026-07-15,872,7619.5,740,ES,
2026-07-15,873,7618.0,703,ES,
2026-07-15,874,7618.75,509,ES,
2026-07-15,875,7617.0,760,ES,
2026-07-15,876,7616.0,760,ES,
2026-07-15,877,7616.25,555,ES,
2026-07-15,878,7615.5,391,ES,
2026-07-15,879,7615.5,437,ES,
2026-07-15,880,7615.5,527,ES,
2026-07-15,881,7615.75,311,ES,
2026-07-15,882,7613.25,725,ES,
2026-07-15,883,7613.25,786,ES,
2026-07-15,884,7610.75,828,ES,
2026-07-15,885,7609.25,1197,ES,
2026-07-15,886,7606.0,1129,ES,
2026-07-15,887,7608.25,939,ES,
2026-07-15,888,7607.5,622,ES,
2026-07-15,889,7606.5,846,ES,
2026-07-15,890,7606.75,797,ES,
2026-07-15,891,7603.0,1178,ES,
2026-07-15,892,7604.0,804,ES,
2026-07-15,893,7602.25,1030,ES,
2026-07-15,894,7603.5,750,ES,
2026-07-15,895,7604.25,607,ES,
2026-07-15,896,7602.25,822,ES,
2026-07-15,897,7603.5,623,ES,
2026-07-15,898,7602.0,885,ES,
2026-07-15,899,7602.0,737,ES,
2026-07-15,900,7601.5,964,ES,
2026-07-15,901,7603.75,696,ES,
2026-07-15,902,7606.5,763,ES,
2026-07-15,903,7605.5,632,ES,
2026-07-15,904,7606.75,692,ES,
2026-07-15,905,7606.0,731,ES,
2026-07-15,906,7607.5,844,ES,
2026-07-15,907,7607.25,638,ES,
2026-07-15,908,7605.75,860,ES,
2026-07-15,909,7605.75,530,ES,
2026-07-15,910,7607.5,658,ES,
2026-07-15,911,7606.0,468,ES,
2026-07-15,912,7607.75,706,ES,
2026-07-15,913,7607.25,1049,ES,
2026-07-15,914,7608.0,457,ES,
2026-07-15,915,7608.0,660,ES,
2026-07-15,916,7607.5,530,ES,
2026-07-15,917,7607.5,392,ES,
2026-07-15,918,7607.75,530,ES,
2026-07-15,919,7605.25,438,ES,
2026-07-15,920,7603.0,769,ES,
2026-07-15,921,7603.75,493,ES,
2026-07-15,922,7603.0,480,ES,
2026-07-15,923,7604.25,630,ES,
2026-07-15,924,7603.5,490,ES,
2026-07-15,925,7602.75,685,ES,
2026-07-15,926,7604.5,521,ES,
2026-07-15,927,7606.5,984,ES,
2026-07-15,928,7606.25,629,ES,
2026-07-15,929,7606.25,499,ES,
2026-07-15,930,7608.0,848,ES,
2026-07-15,931,7608.5,901,ES,
2026-07-15,932,7602.0,1071,ES,
2026-07-15,933,7604.75,996,ES,
2026-07-15,934,7602.5,681,ES,
2026-07-15,935,7605.75,918,ES,
2026-07-15,936,7605.5,675,ES,
2026-07-15,937,7605.75,718,ES,
2026-07-15,938,7607.5,789,ES,
2026-07-15,939,7608.5,822,ES,
2026-07-15,940,7610.0,952,ES,
2026-07-15,941,7610.75,747,ES,
2026-07-15,942,7611.5,989,ES,
2026-07-15,943,7611.25,690,ES,
2026-07-15,944,7611.25,654,ES,
2026-07-15,945,7610.0,927,ES,
2026-07-15,946,7608.5,809,ES,
2026-07-15,947,7607.75,652,ES,
2026-07-15,948,7605.5,912,ES,
2026-07-15,949,7606.75,791,ES,
2026-07-15,950,7609.0,1734,ES,
2026-07-15,951,7610.0,850,ES,
2026-07-15,952,7611.25,1025,ES,
2026-07-15,953,7610.75,837,ES,
2026-07-15,954,7611.5,1392,ES,
2026-07-15,955,7614.25,1459,ES,
2026-07-15,956,7614.25,1447,ES,
2026-07-15,957,7614.5,1110,ES,
2026-07-15,958,7615.25,1429,ES,
2026-07-15,959,7617.0,5990,ES,
2026-07-16,570,7600.5,2117,ES,
2026-07-16,571,7602.75,1190,ES,
2026-07-16,572,7600.25,913,ES,
2026-07-16,573,7595.5,985,ES,
2026-07-16,574,7590.75,1105,ES,
2026-07-16,575,7589.25,1308,ES,
2026-07-16,576,7590.25,977,ES,
2026-07-16,577,7591.5,1050,ES,
2026-07-16,578,7587.0,686,ES,
2026-07-16,579,7585.75,849,ES,
2026-07-16,580,7588.5,974,ES,
2026-07-16,581,7581.75,1009,ES,
2026-07-16,582,7581.75,1177,ES,
2026-07-16,583,7585.25,923,ES,
2026-07-16,584,7581.75,1088,ES,
2026-07-16,585,7582.25,1150,ES,
2026-07-16,586,7583.0,943,ES,
2026-07-16,587,7581.25,896,ES,
2026-07-16,588,7578.0,1297,ES,
2026-07-16,589,7579.0,1175,ES,
2026-07-16,590,7585.25,1223,ES,
2026-07-16,591,7586.0,1065,ES,
2026-07-16,592,7590.0,1156,ES,
2026-07-16,593,7585.75,1094,ES,
2026-07-16,594,7583.75,966,ES,
2026-07-16,595,7583.25,895,ES,
2026-07-16,596,7588.0,928,ES,
2026-07-16,597,7583.5,803,ES,
2026-07-16,598,7586.5,740,ES,
2026-07-16,599,7588.0,711,ES,
2026-07-16,600,7593.25,993,ES,
2026-07-16,601,7594.0,1000,ES,
2026-07-16,602,7594.25,1194,ES,
2026-07-16,603,7595.25,836,ES,
2026-07-16,604,7596.25,933,ES,
2026-07-16,605,7598.5,1255,ES,
2026-07-16,606,7597.75,1099,ES,
2026-07-16,607,7599.0,970,ES,
2026-07-16,608,7601.75,1005,ES,
2026-07-16,609,7603.25,897,ES,
2026-07-16,610,7604.5,992,ES,
2026-07-16,611,7602.5,1352,ES,
2026-07-16,612,7602.25,1141,ES,
2026-07-16,613,7603.25,1077,ES,
2026-07-16,614,7602.75,859,ES,
2026-07-16,615,7603.25,874,ES,
2026-07-16,616,7605.5,1003,ES,
2026-07-16,617,7602.25,662,ES,
2026-07-16,618,7602.25,766,ES,
2026-07-16,619,7607.75,980,ES,
2026-07-16,620,7604.5,1155,ES,
2026-07-16,621,7603.0,785,ES,
2026-07-16,622,7604.0,1104,ES,
2026-07-16,623,7603.5,692,ES,
2026-07-16,624,7605.75,571,ES,
2026-07-16,625,7605.25,895,ES,
2026-07-16,626,7606.75,708,ES,
2026-07-16,627,7610.25,794,ES,
2026-07-16,628,7610.75,1260,ES,
2026-07-16,629,7612.75,1074,ES,
2026-07-16,630,7611.5,1165,ES,
2026-07-16,631,7609.25,1091,ES,
2026-07-16,632,7612.75,1055,ES,
2026-07-16,633,7611.75,909,ES,
2026-07-16,634,7610.75,767,ES,
2026-07-16,635,7611.75,913,ES,
2026-07-16,636,7611.5,790,ES,
2026-07-16,637,7611.75,1137,ES,
2026-07-16,638,7609.25,1127,ES,
2026-07-16,639,7608.5,1293,ES,
2026-07-16,640,7608.25,746,ES,
2026-07-16,641,7608.25,716,ES,
2026-07-16,642,7610.25,563,ES,
2026-07-16,643,7612.0,625,ES,
2026-07-16,644,7612.75,628,ES,
2026-07-16,645,7612.75,1028,ES,
2026-07-16,646,7612.5,608,ES,
2026-07-16,647,7611.5,797,ES,
2026-07-16,648,7611.25,858,ES,
2026-07-16,649,7611.0,772,ES,
2026-07-16,650,7607.0,1208,ES,
2026-07-16,651,7608.75,820,ES,
2026-07-16,652,7607.75,777,ES,
2026-07-16,653,7607.75,688,ES,
2026-07-16,654,7606.0,812,ES,
2026-07-16,655,7604.25,864,ES,
2026-07-16,656,7606.25,782,ES,
2026-07-16,657,7607.25,887,ES,
2026-07-16,658,7608.0,928,ES,
2026-07-16,659,7611.25,672,ES,
2026-07-16,660,7611.0,1033,ES,
2026-07-16,661,7609.0,885,ES,
2026-07-16,662,7609.75,946,ES,
2026-07-16,663,7606.25,1376,ES,
2026-07-16,664,7605.75,810,ES,
2026-07-16,665,7606.5,726,ES,
2026-07-16,666,7603.25,709,ES,
2026-07-16,667,7601.25,930,ES,
2026-07-16,668,7601.5,1378,ES,
2026-07-16,669,7604.5,1189,ES,
2026-07-16,670,7605.0,982,ES,
2026-07-16,671,7604.75,1021,ES,
2026-07-16,672,7602.75,839,ES,
2026-07-16,673,7601.5,708,ES,
2026-07-16,674,7602.25,821,ES,
2026-07-16,675,7601.5,794,ES,
2026-07-16,676,7600.0,743,ES,
2026-07-16,677,7601.75,835,ES,
2026-07-16,678,7603.5,906,ES,
2026-07-16,679,7605.25,673,ES,
2026-07-16,680,7603.0,1294,ES,
2026-07-16,681,7601.0,882,ES,
2026-07-16,682,7601.5,1113,ES,
2026-07-16,683,7602.25,654,ES,
2026-07-16,684,7605.25,648,ES,
2026-07-16,685,7610.5,1307,ES,
2026-07-16,686,7612.0,1233,ES,
2026-07-16,687,7610.25,1420,ES,
2026-07-16,688,7605.75,989,ES,
2026-07-16,689,7607.25,727,ES,
2026-07-16,690,7604.75,768,ES,
2026-07-16,691,7609.0,677,ES,
2026-07-16,692,7609.0,836,ES,
2026-07-16,693,7609.0,769,ES,
2026-07-16,694,7611.25,1021,ES,
2026-07-16,695,7609.5,775,ES,
2026-07-16,696,7609.25,777,ES,
2026-07-16,697,7607.75,675,ES,
2026-07-16,698,7609.75,655,ES,
2026-07-16,699,7612.25,1200,ES,
2026-07-16,700,7610.0,647,ES,
2026-07-16,701,7606.25,839,ES,
2026-07-16,702,7608.0,954,ES,
2026-07-16,703,7605.0,849,ES,
2026-07-16,704,7605.75,603,ES,
2026-07-16,705,7602.0,1083,ES,
2026-07-16,706,7600.75,941,ES,
2026-07-16,707,7600.75,664,ES,
2026-07-16,708,7601.75,804,ES,
2026-07-16,709,7604.0,1079,ES,
2026-07-16,710,7608.25,1240,ES,
2026-07-16,711,7609.0,826,ES,
2026-07-16,712,7608.0,644,ES,
2026-07-16,713,7606.75,590,ES,
2026-07-16,714,7607.0,698,ES,
2026-07-16,715,7603.75,716,ES,
2026-07-16,716,7604.5,911,ES,
2026-07-16,717,7605.5,608,ES,
2026-07-16,718,7604.5,655,ES,
2026-07-16,719,7605.0,495,ES,
2026-07-16,720,7602.5,605,ES,
2026-07-16,721,7602.0,599,ES,
2026-07-16,722,7600.5,686,ES,
2026-07-16,723,7602.25,692,ES,
2026-07-16,724,7596.5,874,ES,
2026-07-16,725,7593.0,957,ES,
2026-07-16,726,7596.5,1184,ES,
2026-07-16,727,7596.5,800,ES,
2026-07-16,728,7597.0,669,ES,
2026-07-16,729,7597.75,733,ES,
2026-07-16,730,7594.75,487,ES,
2026-07-16,731,7592.75,678,ES,
2026-07-16,732,7591.25,907,ES,
2026-07-16,733,7591.75,778,ES,
2026-07-16,734,7589.25,755,ES,
2026-07-16,735,7591.0,849,ES,
2026-07-16,736,7592.5,625,ES,
2026-07-16,737,7591.0,569,ES,
2026-07-16,738,7594.0,929,ES,
2026-07-16,739,7590.75,941,ES,
2026-07-16,740,7586.25,1318,ES,
2026-07-16,741,7586.5,966,ES,
2026-07-16,742,7584.75,828,ES,
2026-07-16,743,7585.25,925,ES,
2026-07-16,744,7585.0,630,ES,
2026-07-16,745,7586.0,970,ES,
2026-07-16,746,7586.0,790,ES,
2026-07-16,747,7590.25,1013,ES,
2026-07-16,748,7589.25,543,ES,
2026-07-16,749,7588.25,575,ES,
2026-07-16,750,7590.0,912,ES,
2026-07-16,751,7591.75,968,ES,
2026-07-16,752,7594.0,884,ES,
2026-07-16,753,7591.25,721,ES,
2026-07-16,754,7591.0,548,ES,
2026-07-16,755,7589.5,726,ES,
2026-07-16,756,7589.75,941,ES,
2026-07-16,757,7591.5,767,ES,
2026-07-16,758,7591.25,797,ES,
2026-07-16,759,7588.0,936,ES,
2026-07-16,760,7588.75,740,ES,
2026-07-16,761,7589.0,652,ES,
2026-07-16,762,7587.25,544,ES,
2026-07-16,763,7587.75,507,ES,
2026-07-16,764,7588.75,506,ES,
2026-07-16,765,7587.5,726,ES,
2026-07-16,766,7588.25,506,ES,
2026-07-16,767,7587.5,459,ES,
2026-07-16,768,7589.25,542,ES,
2026-07-16,769,7589.5,516,ES,
2026-07-16,770,7591.5,751,ES,
2026-07-16,771,7593.25,852,ES,
2026-07-16,772,7593.5,461,ES,
2026-07-16,773,7594.75,486,ES,
2026-07-16,774,7595.25,558,ES,
2026-07-16,775,7598.0,899,ES,
2026-07-16,776,7598.0,630,ES,
2026-07-16,777,7597.25,574,ES,
2026-07-16,778,7597.5,695,ES,
2026-07-16,779,7598.25,526,ES,
2026-07-16,780,7592.5,823,ES,
2026-07-16,781,7594.0,597,ES,
2026-07-16,782,7592.0,500,ES,
2026-07-16,783,7593.75,544,ES,
2026-07-16,784,7595.25,639,ES,
2026-07-16,785,7594.0,368,ES,
2026-07-16,786,7593.5,393,ES,
2026-07-16,787,7594.0,532,ES,
2026-07-16,788,7597.0,461,ES,
2026-07-16,789,7596.0,388,ES,
2026-07-16,790,7595.75,390,ES,
2026-07-16,791,7593.75,571,ES,
2026-07-16,792,7594.0,389,ES,
2026-07-16,793,7593.25,434,ES,
2026-07-16,794,7591.25,494,ES,
2026-07-16,795,7593.5,600,ES,
2026-07-16,796,7592.0,569,ES,
2026-07-16,797,7590.75,596,ES,
2026-07-16,798,7592.25,463,ES,
2026-07-16,799,7593.25,336,ES,
2026-07-16,800,7591.5,427,ES,
2026-07-16,801,7591.25,352,ES,
2026-07-16,802,7590.5,599,ES,
2026-07-16,803,7590.0,588,ES,
2026-07-16,804,7589.5,575,ES,
2026-07-16,805,7590.25,585,ES,
2026-07-16,806,7593.25,718,ES,
2026-07-16,807,7594.75,617,ES,
2026-07-16,808,7596.25,625,ES,
2026-07-16,809,7596.0,586,ES,
2026-07-16,810,7596.25,581,ES,
2026-07-16,811,7596.0,650,ES,
2026-07-16,812,7594.75,515,ES,
2026-07-16,813,7590.75,732,ES,
2026-07-16,814,7589.75,752,ES,
2026-07-16,815,7589.25,509,ES,
2026-07-16,816,7589.5,566,ES,
2026-07-16,817,7587.25,608,ES,
2026-07-16,818,7586.5,872,ES,
2026-07-16,819,7585.0,1286,ES,
2026-07-16,820,7582.5,770,ES,
2026-07-16,821,7581.25,641,ES,
2026-07-16,822,7581.25,755,ES,
2026-07-16,823,7581.0,1014,ES,
2026-07-16,824,7583.0,774,ES,
2026-07-16,825,7580.5,879,ES,
2026-07-16,826,7583.25,998,ES,
2026-07-16,827,7585.0,827,ES,
2026-07-16,828,7586.75,478,ES,
2026-07-16,829,7586.0,567,ES,
2026-07-16,830,7585.75,481,ES,
2026-07-16,831,7584.75,450,ES,
2026-07-16,832,7583.5,584,ES,
2026-07-16,833,7585.75,584,ES,
2026-07-16,843,7579.75,6133,ES,
2026-07-16,844,7578.0,450,ES,
2026-07-16,845,7577.25,732,ES,
2026-07-16,846,7577.25,665,ES,
2026-07-16,847,7576.0,973,ES,
2026-07-16,848,7576.25,772,ES,
2026-07-16,849,7576.5,738,ES,
2026-07-16,850,7578.75,816,ES,
2026-07-16,851,7581.5,1064,ES,
2026-07-16,852,7579.25,707,ES,
2026-07-16,853,7580.75,518,ES,
2026-07-16,854,7576.25,751,ES,
2026-07-16,855,7576.0,739,ES,
2026-07-16,856,7582.5,1028,ES,
2026-07-16,857,7582.0,554,ES,
2026-07-16,858,7580.75,516,ES,
2026-07-16,859,7581.5,475,ES,
2026-07-16,860,7582.75,641,ES,
2026-07-16,861,7585.25,1092,ES,
2026-07-16,862,7585.0,700,ES,
2026-07-16,863,7583.25,1137,ES,
2026-07-16,864,7582.75,667,ES,
2026-07-16,865,7580.75,678,ES,
2026-07-16,866,7582.75,749,ES,
2026-07-16,867,7581.25,618,ES,
2026-07-16,868,7580.5,763,ES,
2026-07-16,869,7578.5,791,ES,
2026-07-16,870,7576.75,901,ES,
2026-07-16,871,7576.25,628,ES,
2026-07-16,872,7575.25,710,ES,
2026-07-16,873,7576.0,567,ES,
2026-07-16,874,7576.25,442,ES,
2026-07-16,875,7576.0,546,ES,
2026-07-16,876,7573.5,627,ES,
2026-07-16,877,7574.5,659,ES,
2026-07-16,878,7575.75,485,ES,
2026-07-16,879,7573.0,770,ES,
2026-07-16,880,7570.0,1554,ES,
2026-07-16,881,7571.25,944,ES,
2026-07-16,882,7573.5,651,ES,
2026-07-16,883,7574.5,674,ES,
2026-07-16,884,7574.5,637,ES,
2026-07-16,885,7575.0,662,ES,
2026-07-16,886,7575.75,451,ES,
2026-07-16,887,7575.75,593,ES,
2026-07-16,888,7577.75,584,ES,
2026-07-16,889,7576.75,447,ES,
2026-07-16,890,7578.25,544,ES,
2026-07-16,891,7576.25,610,ES,
2026-07-16,892,7573.75,696,ES,
2026-07-16,893,7573.25,630,ES,
2026-07-16,894,7571.5,709,ES,
2026-07-16,895,7571.0,704,ES,
2026-07-16,896,7572.5,559,ES,
2026-07-16,897,7571.25,631,ES,
2026-07-16,898,7573.0,492,ES,
2026-07-16,899,7571.5,612,ES,
2026-07-16,900,7573.5,754,ES,
2026-07-16,901,7572.5,718,ES,
2026-07-16,902,7575.0,717,ES,
2026-07-16,903,7575.0,584,ES,
2026-07-16,904,7574.5,780,ES,
2026-07-16,905,7575.75,609,ES,
2026-07-16,906,7572.0,568,ES,
2026-07-16,907,7569.0,585,ES,
2026-07-16,908,7568.5,642,ES,
2026-07-16,909,7567.0,603,ES,
2026-07-16,910,7566.5,785,ES,
2026-07-16,911,7566.0,512,ES,
2026-07-16,912,7565.5,687,ES,
2026-07-16,913,7565.75,691,ES,
2026-07-16,914,7566.5,676,ES,
2026-07-16,915,7566.0,883,ES,
2026-07-16,916,7567.0,829,ES,
2026-07-16,917,7564.0,826,ES,
2026-07-16,918,7566.5,654,ES,
2026-07-16,919,7567.0,799,ES,
2026-07-16,920,7566.75,1218,ES,
2026-07-16,921,7568.75,770,ES,
2026-07-16,922,7566.5,599,ES,
2026-07-16,923,7565.0,814,ES,
2026-07-16,924,7564.5,658,ES,
2026-07-16,925,7562.5,645,ES,
2026-07-16,926,7559.25,698,ES,
2026-07-16,927,7559.75,707,ES,
2026-07-16,928,7561.0,687,ES,
2026-07-16,929,7560.25,788,ES,
2026-07-16,930,7558.75,1157,ES,
2026-07-16,931,7555.0,1347,ES,
2026-07-16,932,7557.0,1112,ES,
2026-07-16,933,7557.25,844,ES,
2026-07-16,934,7556.0,936,ES,
2026-07-16,935,7554.5,1248,ES,
2026-07-16,936,7554.0,711,ES,
2026-07-16,937,7556.75,879,ES,
2026-07-16,938,7559.5,1094,ES,
2026-07-16,939,7559.75,946,ES,
2026-07-16,940,7558.5,791,ES,
2026-07-16,941,7559.75,796,ES,
2026-07-16,942,7559.75,965,ES,
2026-07-16,943,7558.0,759,ES,
2026-07-16,944,7554.5,723,ES,
2026-07-16,945,7555.25,1017,ES,
2026-07-16,946,7552.75,882,ES,
2026-07-16,947,7552.25,687,ES,
2026-07-16,948,7550.25,1544,ES,
2026-07-16,949,7551.75,974,ES,
2026-07-16,950,7559.25,2755,ES,
2026-07-16,951,7564.0,1299,ES,
2026-07-16,952,7565.25,1358,ES,
2026-07-16,953,7566.75,1319,ES,
2026-07-16,954,7568.5,1674,ES,
2026-07-16,955,7573.0,1972,ES,
2026-07-16,956,7572.5,1694,ES,
2026-07-16,957,7571.0,1593,ES,
2026-07-16,958,7573.75,1792,ES,
2026-07-16,959,7577.25,6712,ES,
2026-07-17,570,7488.25,2288,ES,
2026-07-17,571,7490.0,1636,ES,
2026-07-17,572,7483.5,1446,ES,
2026-07-17,573,7478.0,1434,ES,
2026-07-17,574,7475.25,1630,ES,
2026-07-17,575,7473.75,1464,ES,
2026-07-17,576,7475.0,1349,ES,
2026-07-17,577,7477.25,877,ES,
2026-07-17,578,7477.25,1460,ES,
2026-07-17,579,7480.5,1637,ES,
2026-07-17,580,7484.25,1911,ES,
2026-07-17,581,7486.75,1268,ES,
2026-07-17,582,7478.75,1231,ES,
2026-07-17,583,7477.75,924,ES,
2026-07-17,584,7475.75,1205,ES,
2026-07-17,585,7484.75,1453,ES,
2026-07-17,586,7484.0,1269,ES,
2026-07-17,587,7492.25,964,ES,
2026-07-17,588,7495.5,1205,ES,
2026-07-17,589,7495.75,889,ES,
2026-07-17,590,7497.5,963,ES,
2026-07-17,591,7496.5,1057,ES,
2026-07-17,592,7500.75,899,ES,
2026-07-17,593,7505.75,1254,ES,
2026-07-17,594,7504.0,1057,ES,
2026-07-17,595,7506.25,1050,ES,
2026-07-17,596,7506.0,1237,ES,
2026-07-17,597,7509.0,996,ES,
2026-07-17,598,7513.25,1072,ES,
2026-07-17,599,7513.75,954,ES,
2026-07-17,600,7521.75,1493,ES,
2026-07-17,601,7517.75,1355,ES,
2026-07-17,602,7520.5,1346,ES,
2026-07-17,603,7519.75,1423,ES,
2026-07-17,604,7519.0,1523,ES,
2026-07-17,605,7523.5,1395,ES,
2026-07-17,606,7528.25,1404,ES,
2026-07-17,607,7526.5,1249,ES,
2026-07-17,608,7527.25,1310,ES,
2026-07-17,609,7529.0,1038,ES,
2026-07-17,610,7532.25,1340,ES,
2026-07-17,611,7531.75,1476,ES,
2026-07-17,612,7529.25,1263,ES,
2026-07-17,613,7527.75,1140,ES,
2026-07-17,614,7528.5,1256,ES,
2026-07-17,615,7535.25,1739,ES,
2026-07-17,616,7534.75,1304,ES,
2026-07-17,617,7533.5,1279,ES,
2026-07-17,618,7534.0,938,ES,
2026-07-17,619,7531.75,1141,ES,
2026-07-17,620,7528.5,978,ES,
2026-07-17,621,7531.75,1086,ES,
2026-07-17,622,7532.75,1086,ES,
2026-07-17,623,7531.75,983,ES,
2026-07-17,624,7534.5,997,ES,
2026-07-17,625,7534.75,1093,ES,
2026-07-17,626,7533.75,1213,ES,
2026-07-17,627,7533.75,1127,ES,
2026-07-17,628,7530.75,1150,ES,
2026-07-17,629,7529.25,1228,ES,
2026-07-17,630,7530.0,1430,ES,
2026-07-17,631,7527.0,1057,ES,
2026-07-17,632,7523.5,1103,ES,
2026-07-17,633,7523.5,1405,ES,
2026-07-17,634,7525.5,934,ES,
2026-07-17,635,7530.25,1238,ES,
2026-07-17,636,7530.5,853,ES,
2026-07-17,637,7529.0,785,ES,
2026-07-17,638,7531.0,831,ES,
2026-07-17,639,7532.75,1133,ES,
2026-07-17,640,7530.25,1084,ES,
2026-07-17,641,7530.0,1161,ES,
2026-07-17,642,7528.5,841,ES,
2026-07-17,643,7523.75,1206,ES,
2026-07-17,644,7524.5,972,ES,
2026-07-17,645,7523.5,1060,ES,
2026-07-17,646,7523.75,1124,ES,
2026-07-17,647,7529.5,1061,ES,
2026-07-17,648,7524.25,1021,ES,
2026-07-17,649,7522.25,753,ES,
2026-07-17,650,7522.0,850,ES,
2026-07-17,651,7518.0,984,ES,
2026-07-17,652,7520.0,779,ES,
2026-07-17,653,7518.5,917,ES,
2026-07-17,654,7519.75,787,ES,
2026-07-17,655,7526.5,836,ES,
2026-07-17,656,7520.5,680,ES,
2026-07-17,657,7519.75,724,ES,
2026-07-17,658,7515.0,902,ES,
2026-07-17,659,7516.25,905,ES,
2026-07-17,660,7511.75,1302,ES,
2026-07-17,661,7511.0,878,ES,
2026-07-17,662,7511.25,738,ES,
2026-07-17,663,7508.0,990,ES,
2026-07-17,664,7508.0,901,ES,
2026-07-17,665,7511.0,1077,ES,
2026-07-17,666,7510.5,781,ES,
2026-07-17,667,7510.0,921,ES,
2026-07-17,668,7514.75,760,ES,
2026-07-17,669,7514.0,829,ES,
2026-07-17,670,7511.0,917,ES,
2026-07-17,671,7508.5,834,ES,
2026-07-17,672,7509.5,747,ES,
2026-07-17,673,7507.25,792,ES,
2026-07-17,674,7509.0,976,ES,
2026-07-17,675,7506.25,898,ES,
2026-07-17,676,7506.75,740,ES,
2026-07-17,677,7506.75,970,ES,
2026-07-17,678,7510.75,1290,ES,
2026-07-17,679,7511.0,1069,ES,
2026-07-17,680,7511.0,911,ES,
2026-07-17,681,7511.75,1009,ES,
2026-07-17,682,7512.75,1078,ES,
2026-07-17,683,7507.5,1041,ES,
2026-07-17,684,7508.75,1125,ES,
2026-07-17,685,7513.75,1051,ES,
2026-07-17,686,7515.5,1085,ES,
2026-07-17,687,7515.25,1124,ES,
2026-07-17,688,7517.25,1072,ES,
2026-07-17,689,7520.25,895,ES,
2026-07-17,690,7524.5,1056,ES,
2026-07-17,691,7522.0,958,ES,
2026-07-17,692,7522.5,1279,ES,
2026-07-17,693,7520.5,1043,ES,
2026-07-17,694,7515.75,975,ES,
2026-07-17,695,7513.25,1039,ES,
2026-07-17,696,7514.5,813,ES,
2026-07-17,697,7516.75,752,ES,
2026-07-17,698,7521.75,788,ES,
2026-07-17,699,7522.0,683,ES,
2026-07-17,700,7522.0,753,ES,
2026-07-17,701,7518.75,1024,ES,
2026-07-17,702,7518.0,825,ES,
2026-07-17,703,7517.25,722,ES,
2026-07-17,704,7520.75,617,ES,
2026-07-17,705,7515.75,764,ES,
2026-07-17,706,7519.5,886,ES,
2026-07-17,707,7521.0,1059,ES,
2026-07-17,708,7517.75,813,ES,
2026-07-17,709,7521.25,958,ES,
2026-07-17,710,7518.0,804,ES,
2026-07-17,711,7519.0,800,ES,
2026-07-17,712,7519.5,650,ES,
2026-07-17,713,7520.75,1179,ES,
2026-07-17,714,7526.0,1404,ES,
2026-07-17,715,7529.75,979,ES,
2026-07-17,716,7530.25,1087,ES,
2026-07-17,717,7531.0,907,ES,
2026-07-17,718,7534.0,805,ES,
2026-07-17,719,7534.25,1404,ES,
2026-07-17,720,7535.0,940,ES,
2026-07-17,721,7523.75,3383,ES,
2026-07-17,722,7522.75,941,ES,
2026-07-17,723,7520.0,951,ES,
2026-07-17,724,7520.75,650,ES,
2026-07-17,725,7519.0,896,ES,
2026-07-17,726,7516.25,894,ES,
2026-07-17,768,7534.75,478,ES,
2026-07-17,769,7534.25,1019,ES,
2026-07-17,770,7532.5,778,ES,
2026-07-17,771,7537.5,1071,ES,
2026-07-17,772,7536.5,845,ES,
2026-07-17,773,7536.0,183,ES,
2026-07-20,570,7540.75,2196,ES,
2026-07-20,571,7540.5,1334,ES,
2026-07-20,572,7543.5,1463,ES,
2026-07-20,573,7541.0,1321,ES,
2026-07-20,574,7544.75,595,ES,
2026-07-20,575,7542.75,1747,ES,
2026-07-20,576,7547.25,1282,ES,
2026-07-20,577,7550.0,1817,ES,
2026-07-20,578,7547.0,1576,ES,
2026-07-20,579,7546.0,1477,ES,
2026-07-20,580,7546.0,1150,ES,
2026-07-20,581,7546.25,950,ES,
2026-07-20,582,7547.0,1027,ES,
2026-07-20,583,7549.0,1097,ES,
2026-07-20,584,7550.25,915,ES,
2026-07-20,585,7546.0,1397,ES,
2026-07-20,586,7544.5,1073,ES,
2026-07-20,587,7542.75,1049,ES,
2026-07-20,588,7542.5,1106,ES,
2026-07-20,589,7540.0,1602,ES,
2026-07-20,590,7540.25,1131,ES,
2026-07-20,591,7535.75,949,ES,
2026-07-20,592,7531.0,1863,ES,
2026-07-20,593,7528.75,1083,ES,
2026-07-20,594,7528.5,1160,ES,
2026-07-20,595,7525.75,1278,ES,
2026-07-20,596,7525.0,1181,ES,
2026-07-20,597,7521.75,1254,ES,
2026-07-20,598,7519.75,1293,ES,
2026-07-20,599,7520.5,892,ES,
2026-07-20,600,7522.25,1074,ES,
2026-07-20,601,7520.25,1015,ES,
2026-07-20,602,7524.0,1041,ES,
2026-07-20,603,7525.5,1042,ES,
2026-07-20,604,7522.25,879,ES,
2026-07-20,605,7521.5,957,ES,
2026-07-20,606,7520.0,853,ES,
2026-07-20,607,7519.75,977,ES,
2026-07-20,608,7517.5,934,ES,
2026-07-20,609,7517.75,865,ES,
2026-07-20,610,7514.25,1142,ES,
2026-07-20,611,7513.0,1158,ES,
2026-07-20,612,7512.5,827,ES,
2026-07-20,613,7514.75,1050,ES,
2026-07-20,614,7514.0,1068,ES,
2026-07-20,615,7517.5,1167,ES,
2026-07-20,616,7512.75,912,ES,
2026-07-20,617,7512.0,793,ES,
2026-07-20,618,7513.25,777,ES,
2026-07-20,619,7512.5,863,ES,
2026-07-20,620,7509.0,1003,ES,
2026-07-20,621,7508.75,1061,ES,
2026-07-20,622,7511.0,713,ES,
2026-07-20,623,7513.75,848,ES,
2026-07-20,624,7513.5,687,ES,
2026-07-20,625,7516.0,1085,ES,
2026-07-20,626,7517.25,683,ES,
2026-07-20,627,7516.25,788,ES,
2026-07-20,628,7517.25,722,ES,
2026-07-20,629,7520.5,908,ES,
2026-07-20,630,7522.25,1052,ES,
2026-07-20,631,7522.0,822,ES,
2026-07-20,632,7518.25,739,ES,
2026-07-20,633,7516.25,774,ES,
2026-07-20,634,7516.25,688,ES,
2026-07-20,635,7517.25,570,ES,
2026-07-20,636,7514.5,731,ES,
2026-07-20,637,7517.0,652,ES,
2026-07-20,638,7517.5,697,ES,
2026-07-20,639,7517.5,640,ES,
2026-07-20,640,7520.5,804,ES,
2026-07-20,641,7514.5,658,ES,
2026-07-20,642,7514.75,737,ES,
2026-07-20,643,7512.5,603,ES,
2026-07-20,644,7512.75,770,ES,
2026-07-20,645,7516.75,1872,ES,
2026-07-20,646,7518.75,1107,ES,
2026-07-20,647,7514.75,756,ES,
2026-07-20,648,7512.25,945,ES,
2026-07-20,649,7510.25,607,ES,
2026-07-20,650,7510.5,694,ES,
2026-07-20,651,7511.75,1067,ES,
2026-07-20,652,7508.75,680,ES,
2026-07-20,653,7506.5,708,ES,
2026-07-20,654,7507.25,565,ES,
2026-07-20,655,7508.5,608,ES,
2026-07-20,656,7503.75,732,ES,
2026-07-20,657,7505.5,783,ES,
2026-07-20,658,7502.5,1118,ES,
2026-07-20,659,7505.0,815,ES,
2026-07-20,660,7506.25,921,ES,
2026-07-20,661,7509.0,907,ES,
2026-07-20,662,7511.0,954,ES,
2026-07-20,663,7509.25,954,ES,
2026-07-20,664,7509.5,632,ES,
2026-07-20,665,7503.25,990,ES,
2026-07-20,666,7506.5,694,ES,
2026-07-20,667,7510.75,639,ES,
2026-07-20,668,7513.75,724,ES,
2026-07-20,669,7518.0,1121,ES,
2026-07-20,670,7513.5,930,ES,
2026-07-20,671,7512.0,738,ES,
2026-07-20,672,7511.5,750,ES,
2026-07-20,673,7513.5,841,ES,
2026-07-20,674,7512.0,679,ES,
2026-07-20,675,7515.5,661,ES,
2026-07-20,676,7516.75,705,ES,
2026-07-20,677,7518.0,718,ES,
2026-07-20,678,7517.75,605,ES,
2026-07-20,679,7516.5,578,ES,
2026-07-20,680,7517.5,751,ES,
2026-07-20,681,7519.25,766,ES,
2026-07-20,682,7520.5,841,ES,
2026-07-20,683,7520.0,1461,ES,
2026-07-20,684,7521.0,802,ES,
2026-07-20,685,7521.25,855,ES,
2026-07-20,686,7520.0,937,ES,
2026-07-20,687,7519.5,917,ES,
2026-07-20,688,7516.75,874,ES,
2026-07-20,689,7522.5,850,ES,
2026-07-20,690,7522.75,964,ES,
2026-07-20,691,7523.75,812,ES,
2026-07-20,692,7522.5,609,ES,
2026-07-20,693,7522.5,621,ES,
2026-07-20,694,7522.75,818,ES,
2026-07-20,695,7522.0,898,ES,
2026-07-20,696,7522.0,654,ES,
2026-07-20,697,7518.25,674,ES,
2026-07-20,698,7520.0,737,ES,
2026-07-20,699,7518.25,592,ES,
2026-07-20,700,7517.75,607,ES,
2026-07-20,701,7519.75,813,ES,
2026-07-20,702,7521.0,656,ES,
2026-07-20,703,7520.25,694,ES,
2026-07-20,704,7523.5,602,ES,
2026-07-20,705,7521.25,850,ES,
2026-07-20,706,7521.0,734,ES,
2026-07-20,707,7518.75,1037,ES,
2026-07-20,708,7516.25,722,ES,
2026-07-20,709,7516.75,1029,ES,
2026-07-20,710,7517.75,764,ES,
2026-07-20,711,7520.75,846,ES,
2026-07-20,712,7521.75,621,ES,
2026-07-20,713,7525.0,896,ES,
2026-07-20,714,7526.5,746,ES,
2026-07-20,715,7527.5,822,ES,
2026-07-20,716,7527.75,772,ES,
2026-07-20,717,7525.5,747,ES,
2026-07-20,718,7525.0,788,ES,
2026-07-20,719,7523.5,559,ES,
2026-07-20,720,7525.25,641,ES,
2026-07-20,721,7523.75,663,ES,
2026-07-20,722,7521.0,956,ES,
2026-07-20,723,7525.5,921,ES,
2026-07-20,724,7525.25,574,ES,
2026-07-20,725,7529.25,1018,ES,
2026-07-20,726,7530.0,1036,ES,
2026-07-20,727,7530.0,1063,ES,
2026-07-20,728,7531.25,837,ES,
2026-07-20,729,7531.75,958,ES,
2026-07-20,730,7533.25,1226,ES,
2026-07-20,731,7532.75,1352,ES,
2026-07-20,732,7532.25,861,ES,
2026-07-20,733,7531.25,813,ES,
2026-07-20,734,7531.75,1080,ES,
2026-07-20,735,7528.5,815,ES,
2026-07-20,736,7529.0,799,ES,
2026-07-20,737,7530.5,673,ES,
2026-07-20,738,7530.5,545,ES,
2026-07-20,739,7530.75,527,ES,
2026-07-20,740,7531.25,552,ES,
2026-07-20,741,7530.75,618,ES,
2026-07-20,742,7530.75,729,ES,
2026-07-20,743,7532.25,613,ES,
2026-07-20,744,7531.25,812,ES,
2026-07-20,745,7527.75,958,ES,
2026-07-20,746,7526.5,1070,ES,
2026-07-20,747,7528.0,734,ES,
2026-07-20,748,7527.25,695,ES,
2026-07-20,749,7528.75,576,ES,
2026-07-20,750,7528.0,779,ES,
2026-07-20,751,7528.0,727,ES,
2026-07-20,752,7526.0,795,ES,
2026-07-20,753,7522.5,904,ES,
2026-07-20,754,7521.75,783,ES,
2026-07-20,755,7523.0,647,ES,
2026-07-20,756,7523.25,607,ES,
2026-07-20,757,7524.75,679,ES,
2026-07-20,758,7524.25,613,ES,
2026-07-20,759,7527.25,635,ES,
2026-07-20,760,7526.75,868,ES,
2026-07-20,761,7517.25,2386,ES,
2026-07-20,762,7518.5,884,ES,
2026-07-20,763,7520.0,763,ES,
2026-07-20,764,7518.0,675,ES,
2026-07-20,765,7518.0,709,ES,
2026-07-20,766,7522.75,875,ES,
2026-07-20,767,7523.0,945,ES,
2026-07-20,768,7523.5,498,ES,
2026-07-20,769,7525.25,608,ES,
2026-07-20,770,7521.75,717,ES,
2026-07-20,771,7520.0,682,ES,
2026-07-20,772,7519.25,724,ES,
2026-07-20,773,7518.75,564,ES,
2026-07-20,774,7513.75,1482,ES,
2026-07-20,775,7515.0,807,ES,
2026-07-20,776,7511.75,849,ES,
2026-07-20,777,7513.0,822,ES,
2026-07-20,778,7512.5,823,ES,
2026-07-20,779,7513.75,625,ES,
2026-07-20,780,7515.5,1045,ES,
2026-07-20,781,7510.75,930,ES,
2026-07-20,782,7511.25,1085,ES,
2026-07-20,783,7510.75,548,ES,
2026-07-20,784,7509.5,637,ES,
2026-07-20,785,7507.75,1175,ES,
2026-07-20,786,7508.25,709,ES,
2026-07-20,787,7506.75,744,ES,
2026-07-20,788,7506.5,830,ES,
2026-07-20,789,7509.75,882,ES,
2026-07-20,790,7506.5,946,ES,
2026-07-20,791,7506.0,509,ES,
2026-07-20,792,7505.75,648,ES,
2026-07-20,793,7505.0,752,ES,
2026-07-20,794,7502.75,871,ES,
2026-07-20,795,7499.75,988,ES,
2026-07-20,796,7500.0,971,ES,
2026-07-20,797,7503.5,966,ES,
2026-07-20,798,7505.5,726,ES,
2026-07-20,799,7504.75,674,ES,
2026-07-20,800,7504.75,527,ES,
2026-07-20,801,7506.25,828,ES,
2026-07-20,802,7507.0,994,ES,
2026-07-20,803,7506.75,622,ES,
2026-07-20,804,7504.75,670,ES,
2026-07-20,805,7505.75,553,ES,
2026-07-20,806,7507.25,539,ES,
2026-07-20,807,7503.5,753,ES,
2026-07-20,808,7504.0,594,ES,
2026-07-20,809,7504.75,626,ES,
2026-07-20,810,7504.75,1042,ES,
2026-07-20,811,7503.5,378,ES,
2026-07-20,812,7505.5,610,ES,
2026-07-20,813,7505.25,486,ES,
2026-07-20,814,7506.75,556,ES,
2026-07-20,815,7508.5,591,ES,
2026-07-20,816,7505.0,581,ES,
2026-07-20,817,7504.75,505,ES,
2026-07-20,818,7504.75,462,ES,
2026-07-20,819,7504.0,419,ES,
2026-07-20,820,7502.0,782,ES,
2026-07-20,821,7502.25,471,ES,
2026-07-20,822,7502.5,497,ES,
2026-07-20,823,7500.5,914,ES,
2026-07-20,824,7501.25,573,ES,
2026-07-20,825,7505.75,629,ES,
2026-07-20,826,7505.0,468,ES,
2026-07-20,827,7505.75,563,ES,
2026-07-20,828,7506.5,507,ES,
2026-07-20,829,7506.25,365,ES,
2026-07-20,830,7507.0,482,ES,
2026-07-20,831,7509.0,550,ES,
2026-07-20,832,7510.75,648,ES,
2026-07-20,833,7510.75,448,ES,
2026-07-20,834,7510.0,663,ES,
2026-07-20,835,7509.25,389,ES,
2026-07-20,836,7506.75,511,ES,
2026-07-20,837,7509.75,625,ES,
2026-07-20,838,7509.0,442,ES,
2026-07-20,839,7509.0,417,ES,
2026-07-20,840,7512.75,777,ES,
2026-07-20,841,7514.5,805,ES,
2026-07-20,842,7514.75,787,ES,
2026-07-20,843,7512.25,851,ES,
2026-07-20,844,7512.0,569,ES,
2026-07-20,845,7511.5,715,ES,
2026-07-20,846,7512.5,528,ES,
2026-07-20,847,7510.5,657,ES,
2026-07-20,848,7509.75,569,ES,
2026-07-20,849,7512.25,511,ES,
2026-07-20,850,7512.25,688,ES,
2026-07-20,851,7512.75,518,ES,
2026-07-20,852,7514.5,936,ES,
2026-07-20,853,7515.0,1085,ES,
2026-07-20,854,7514.0,392,ES,
2026-07-20,855,7513.5,713,ES,
2026-07-20,856,7515.0,680,ES,
2026-07-20,857,7515.75,795,ES,
2026-07-20,858,7515.0,620,ES,
2026-07-20,859,7516.0,438,ES,
2026-07-20,860,7515.25,448,ES,
2026-07-20,861,7513.25,706,ES,
2026-07-20,862,7510.75,704,ES,
2026-07-20,863,7509.0,841,ES,
2026-07-20,864,7506.5,677,ES,
2026-07-20,865,7509.5,786,ES,
2026-07-20,866,7509.5,737,ES,
2026-07-20,867,7508.5,454,ES,
2026-07-20,868,7510.0,712,ES,
2026-07-20,869,7508.25,510,ES,
2026-07-20,870,7504.25,913,ES,
2026-07-20,871,7504.25,948,ES,
2026-07-20,872,7504.25,821,ES,
2026-07-20,873,7502.25,603,ES,
2026-07-20,874,7500.0,806,ES,
2026-07-20,875,7502.5,854,ES,
2026-07-20,876,7505.5,704,ES,
2026-07-20,877,7503.0,570,ES,
2026-07-20,878,7501.5,506,ES,
2026-07-20,879,7499.25,759,ES,
2026-07-20,880,7496.5,718,ES,
2026-07-20,881,7495.75,1087,ES,
2026-07-20,882,7494.75,932,ES,
2026-07-20,883,7492.75,970,ES,
2026-07-20,884,7488.75,1319,ES,
2026-07-20,885,7489.5,1133,ES,
2026-07-20,886,7493.0,846,ES,
2026-07-20,887,7493.0,999,ES,
2026-07-20,888,7492.25,574,ES,
2026-07-20,889,7490.25,1457,ES,
2026-07-20,890,7491.5,757,ES,
2026-07-20,891,7491.0,629,ES,
2026-07-20,892,7492.25,619,ES,
2026-07-20,893,7493.25,717,ES,
2026-07-20,894,7494.0,715,ES,
2026-07-20,895,7494.25,661,ES,
2026-07-20,896,7493.25,392,ES,
2026-07-20,897,7491.0,599,ES,
2026-07-20,898,7490.75,771,ES,
2026-07-20,899,7490.5,690,ES,
2026-07-20,900,7495.0,914,ES,
2026-07-20,901,7494.75,635,ES,
2026-07-20,902,7490.75,805,ES,
2026-07-20,903,7489.0,834,ES,
2026-07-20,904,7489.25,865,ES,
2026-07-20,905,7487.5,765,ES,
2026-07-20,906,7490.0,716,ES,
2026-07-20,907,7489.75,828,ES,
2026-07-20,908,7489.0,813,ES,
2026-07-20,909,7490.25,766,ES,
2026-07-20,910,7493.25,761,ES,
2026-07-20,911,7488.75,777,ES,
2026-07-20,912,7487.25,610,ES,
2026-07-20,913,7483.5,914,ES,
2026-07-20,914,7480.25,1122,ES,
2026-07-20,915,7481.75,1423,ES,
2026-07-20,916,7483.0,1089,ES,
2026-07-20,917,7482.75,1117,ES,
2026-07-20,918,7483.0,694,ES,
2026-07-20,919,7482.5,807,ES,
2026-07-20,920,7482.25,850,ES,
2026-07-20,921,7482.75,553,ES,
2026-07-20,922,7483.0,605,ES,
2026-07-20,923,7486.25,883,ES,
2026-07-20,924,7486.5,789,ES,
2026-07-20,925,7484.0,815,ES,
2026-07-20,926,7483.25,639,ES,
2026-07-20,927,7483.75,779,ES,
2026-07-20,928,7483.0,722,ES,
2026-07-20,929,7490.5,1690,ES,
2026-07-20,930,7487.25,1217,ES,
2026-07-20,931,7493.0,1036,ES,
2026-07-20,932,7495.5,1149,ES,
2026-07-20,933,7492.75,963,ES,
2026-07-20,934,7493.0,698,ES,
2026-07-20,935,7490.0,740,ES,
2026-07-20,936,7489.75,871,ES,
2026-07-20,937,7489.75,601,ES,
2026-07-20,938,7492.0,795,ES,
2026-07-20,939,7493.5,596,ES,
2026-07-20,940,7495.0,859,ES,
2026-07-20,941,7496.0,661,ES,
2026-07-20,942,7492.75,1826,ES,
2026-07-20,943,7494.0,725,ES,
2026-07-20,944,7493.75,665,ES,
2026-07-20,945,7492.0,1504,ES,
2026-07-20,946,7494.5,769,ES,
2026-07-20,947,7492.0,830,ES,
2026-07-20,948,7492.5,577,ES,
2026-07-20,949,7494.75,740,ES,
2026-07-20,950,7489.0,2118,ES,
2026-07-20,951,7486.25,910,ES,
2026-07-20,952,7486.25,1399,ES,
2026-07-20,953,7484.25,926,ES,
2026-07-20,954,7485.75,1057,ES,
2026-07-20,955,7483.0,1767,ES,
2026-07-20,956,7485.5,1106,ES,
2026-07-20,957,7484.0,1058,ES,
2026-07-20,958,7484.5,1315,ES,
2026-07-20,959,7485.5,12096,ES,
2026-07-21,570,7520.75,3101,ES,
2026-07-21,571,7517.5,1629,ES,
2026-07-21,572,7517.25,1403,ES,
2026-07-21,573,7514.25,914,ES,
2026-07-21,574,7519.0,1138,ES,
2026-07-21,575,7521.25,1242,ES,
2026-07-21,576,7518.75,1109,ES,
2026-07-21,577,7517.25,1000,ES,
2026-07-21,578,7517.25,1255,ES,
2026-07-21,579,7515.5,1043,ES,
2026-07-21,580,7510.75,1370,ES,
2026-07-21,581,7507.5,1212,ES,
2026-07-21,582,7507.5,998,ES,
2026-07-21,583,7507.75,1294,ES,
2026-07-21,584,7508.0,1113,ES,
2026-07-21,585,7508.25,1191,ES,
2026-07-21,586,7507.5,1035,ES,
2026-07-21,587,7507.25,1061,ES,
2026-07-21,588,7511.75,1020,ES,
2026-07-21,589,7512.5,752,ES,
2026-07-21,590,7511.75,1179,ES,
2026-07-21,591,7507.25,821,ES,
2026-07-21,592,7510.5,814,ES,
2026-07-21,593,7514.0,892,ES,
2026-07-21,594,7513.5,796,ES,
2026-07-21,595,7511.5,988,ES,
2026-07-21,596,7510.75,803,ES,
2026-07-21,597,7512.25,829,ES,
2026-07-21,598,7511.25,854,ES,
2026-07-21,599,7516.5,856,ES,
2026-07-21,600,7518.75,1329,ES,
2026-07-21,601,7517.75,1014,ES,
2026-07-21,602,7516.5,981,ES,
2026-07-21,603,7517.0,1307,ES,
2026-07-21,604,7517.25,935,ES,
2026-07-21,605,7516.25,860,ES,
2026-07-21,606,7520.0,811,ES,
2026-07-21,607,7516.25,663,ES,
2026-07-21,608,7517.25,811,ES,
2026-07-21,609,7514.75,800,ES,
2026-07-21,610,7515.0,827,ES,
2026-07-21,611,7514.5,739,ES,
2026-07-21,612,7514.75,783,ES,
2026-07-21,613,7518.5,719,ES,
2026-07-21,614,7520.5,1079,ES,
2026-07-21,615,7513.75,1027,ES,
2026-07-21,616,7512.75,1061,ES,
2026-07-21,617,7517.0,803,ES,
2026-07-21,618,7523.25,1168,ES,
2026-07-21,619,7523.5,994,ES,
2026-07-21,620,7521.25,1110,ES,
2026-07-21,621,7518.25,1058,ES,
2026-07-21,622,7522.0,855,ES,
2026-07-21,623,7523.5,767,ES,
2026-07-21,624,7522.75,704,ES,
2026-07-21,625,7526.75,834,ES,
2026-07-21,626,7527.75,925,ES,
2026-07-21,627,7530.75,1378,ES,
2026-07-21,628,7529.25,1329,ES,
2026-07-21,629,7532.0,1076,ES,
2026-07-21,630,7533.25,1304,ES,
2026-07-21,631,7535.0,973,ES,
2026-07-21,632,7531.5,1158,ES,
2026-07-21,633,7530.25,722,ES,
2026-07-21,634,7531.25,914,ES,
2026-07-21,635,7530.25,916,ES,
2026-07-21,636,7529.0,861,ES,
2026-07-21,637,7528.5,376,ES,
2026-07-21,638,7526.0,383,ES,
2026-07-21,639,7526.5,716,ES,
2026-07-21,640,7526.5,644,ES,
2026-07-21,641,7522.5,881,ES,
2026-07-21,642,7523.75,925,ES,
2026-07-21,643,7528.5,827,ES,
2026-07-21,644,7529.25,954,ES,
2026-07-21,645,7531.25,1097,ES,
2026-07-21,646,7531.0,658,ES,
2026-07-21,647,7530.25,952,ES,
2026-07-21,648,7533.25,1239,ES,
2026-07-21,649,7533.0,990,ES,
2026-07-21,650,7532.75,819,ES,
2026-07-21,651,7531.75,741,ES,
2026-07-21,652,7530.75,685,ES,
2026-07-21,653,7529.75,660,ES,
2026-07-21,654,7530.25,663,ES,
2026-07-21,655,7530.5,612,ES,
2026-07-21,656,7527.25,804,ES,
2026-07-21,657,7528.5,900,ES,
2026-07-21,658,7530.5,722,ES,
2026-07-21,659,7531.25,660,ES,
2026-07-21,660,7531.5,976,ES,
2026-07-21,661,7527.5,727,ES,
2026-07-21,662,7523.0,1001,ES,
2026-07-21,663,7524.0,858,ES,
2026-07-21,664,7523.5,955,ES,
2026-07-21,665,7524.75,808,ES,
2026-07-21,666,7527.5,1007,ES,
2026-07-21,667,7530.0,847,ES,
2026-07-21,668,7530.75,793,ES,
2026-07-21,669,7533.0,1288,ES,
2026-07-21,670,7533.5,754,ES,
2026-07-21,671,7534.0,466,ES,
2026-07-21,672,7537.75,1028,ES,
2026-07-21,673,7535.0,905,ES,
2026-07-21,674,7535.5,683,ES,
2026-07-21,675,7536.0,622,ES,
2026-07-21,676,7535.75,416,ES,
2026-07-21,677,7537.75,518,ES,
2026-07-21,678,7537.75,723,ES,
2026-07-21,679,7537.5,678,ES,
2026-07-21,680,7537.5,1007,ES,
2026-07-21,681,7540.5,1456,ES,
2026-07-21,682,7539.75,1152,ES,
2026-07-21,683,7539.25,820,ES,
2026-07-21,684,7540.25,893,ES,
2026-07-21,685,7540.75,941,ES,
2026-07-21,686,7542.75,930,ES,
2026-07-21,687,7542.75,960,ES,
2026-07-21,688,7543.25,1073,ES,
2026-07-21,689,7543.75,833,ES,
2026-07-21,690,7542.25,992,ES,
2026-07-21,691,7541.0,887,ES,
2026-07-21,692,7542.0,772,ES,
2026-07-21,693,7539.5,1080,ES,
2026-07-21,694,7541.25,643,ES,
2026-07-21,695,7538.75,950,ES,
2026-07-21,696,7540.5,768,ES,
2026-07-21,697,7539.5,583,ES,
2026-07-21,698,7539.0,723,ES,
2026-07-21,699,7539.25,364,ES,
2026-07-21,700,7540.25,673,ES,
2026-07-21,701,7541.0,746,ES,
2026-07-21,702,7541.25,569,ES,
2026-07-21,703,7540.5,557,ES,
2026-07-21,704,7539.5,728,ES,
2026-07-21,705,7539.0,574,ES,
2026-07-21,706,7539.75,66,ES,
2026-07-21,707,7540.5,465,ES,
2026-07-21,708,7541.0,549,ES,
2026-07-21,709,7541.5,550,ES,
2026-07-21,710,7541.75,784,ES,
2026-07-21,711,7542.5,668,ES,
2026-07-21,712,7541.25,511,ES,
2026-07-21,713,7542.25,559,ES,
2026-07-21,714,7540.5,630,ES,
2026-07-21,715,7540.5,504,ES,
2026-07-21,716,7541.75,556,ES,
2026-07-21,717,7540.75,437,ES,
2026-07-21,718,7540.5,510,ES,
2026-07-21,719,7538.75,947,ES,
2026-07-21,720,7540.5,699,ES,
2026-07-21,721,7541.5,574,ES,
2026-07-21,722,7542.0,700,ES,
2026-07-21,723,7543.5,474,ES,
2026-07-21,724,7545.5,892,ES,
2026-07-21,725,7545.75,697,ES,
2026-07-21,726,7545.25,680,ES,
2026-07-21,727,7545.0,724,ES,
2026-07-21,728,7544.75,493,ES,
2026-07-21,729,7544.5,494,ES,
2026-07-21,730,7545.25,588,ES,
2026-07-21,731,7545.0,506,ES,
2026-07-21,732,7544.5,477,ES,
2026-07-21,733,7544.5,339,ES,
2026-07-21,734,7545.5,397,ES,
2026-07-21,735,7547.5,1085,ES,
2026-07-21,736,7547.5,444,ES,
2026-07-21,737,7547.25,411,ES,
2026-07-21,738,7547.0,517,ES,
2026-07-21,739,7548.0,653,ES,
2026-07-21,740,7547.75,478,ES,
2026-07-21,741,7549.0,732,ES,
2026-07-21,742,7549.25,733,ES,
2026-07-21,743,7549.75,1321,ES,
2026-07-21,744,7549.0,710,ES,
2026-07-21,745,7548.75,481,ES,
2026-07-21,746,7548.75,784,ES,
2026-07-21,747,7548.75,453,ES,
2026-07-21,748,7550.5,546,ES,
2026-07-21,749,7549.75,366,ES,
2026-07-21,750,7550.75,689,ES,
2026-07-21,751,7548.75,858,ES,
2026-07-21,752,7549.0,531,ES,
2026-07-21,753,7550.0,454,ES,
2026-07-21,754,7550.25,504,ES,
2026-07-21,755,7549.5,546,ES,
2026-07-21,756,7549.75,469,ES,
2026-07-21,757,7550.0,374,ES,
2026-07-21,758,7550.75,408,ES,
2026-07-21,759,7550.25,392,ES,
2026-07-21,760,7550.0,573,ES,
2026-07-21,761,7549.0,485,ES,
2026-07-21,762,7548.75,343,ES,
2026-07-21,763,7549.5,473,ES,
2026-07-21,764,7549.75,303,ES,
2026-07-21,765,7548.75,517,ES,
2026-07-21,766,7548.5,758,ES,
2026-07-21,767,7548.75,615,ES,
2026-07-21,768,7548.5,390,ES,
2026-07-21,769,7548.25,1022,ES,
2026-07-21,770,7549.5,540,ES,
2026-07-21,771,7551.5,526,ES,
2026-07-21,772,7552.5,873,ES,
2026-07-21,773,7552.25,621,ES,
2026-07-21,774,7553.0,497,ES,
2026-07-21,775,7553.75,644,ES,
2026-07-21,776,7552.25,491,ES,
2026-07-21,777,7551.75,813,ES,
2026-07-21,778,7551.25,389,ES,
2026-07-21,779,7550.5,604,ES,
2026-07-21,780,7551.0,489,ES,
2026-07-21,781,7550.75,431,ES,
2026-07-21,782,7550.25,557,ES,
2026-07-21,783,7549.5,472,ES,
2026-07-21,784,7549.5,459,ES,
2026-07-21,785,7550.5,586,ES,
2026-07-21,786,7550.25,378,ES,
2026-07-21,787,7549.75,287,ES,
2026-07-21,788,7550.5,527,ES,
2026-07-21,789,7550.5,365,ES,
2026-07-21,790,7549.0,651,ES,
2026-07-21,791,7549.0,690,ES,
2026-07-21,792,7549.25,271,ES,
2026-07-21,793,7549.5,530,ES,
2026-07-21,794,7549.25,430,ES,
2026-07-21,795,7547.75,509,ES,
2026-07-21,796,7547.75,650,ES,
2026-07-21,797,7547.75,571,ES,
2026-07-21,798,7548.25,373,ES,
2026-07-21,799,7546.25,490,ES,
2026-07-21,800,7546.5,590,ES,
2026-07-21,801,7546.25,824,ES,
2026-07-21,802,7547.0,459,ES,
2026-07-21,803,7546.75,443,ES,
2026-07-21,804,7547.25,515,ES,
2026-07-21,805,7547.0,402,ES,
2026-07-21,806,7547.0,463,ES,
2026-07-21,807,7546.25,402,ES,
2026-07-21,808,7546.25,329,ES,
2026-07-21,809,7547.0,516,ES,
2026-07-21,810,7547.75,865,ES,
2026-07-21,811,7548.75,512,ES,
2026-07-21,812,7548.5,515,ES,
2026-07-21,813,7547.25,290,ES,
2026-07-21,814,7547.0,428,ES,
2026-07-21,815,7547.5,332,ES,
2026-07-21,816,7549.0,548,ES,
2026-07-21,817,7549.25,573,ES,
2026-07-21,818,7549.75,655,ES,
2026-07-21,819,7550.25,489,ES,
2026-07-21,820,7549.0,747,ES,
2026-07-21,821,7548.75,377,ES,
2026-07-21,822,7548.25,320,ES,
2026-07-21,823,7549.25,224,ES,
2026-07-21,824,7549.75,248,ES,
2026-07-21,825,7548.75,475,ES,
2026-07-21,826,7549.0,463,ES,
2026-07-21,827,7550.25,285,ES,
2026-07-21,828,7550.25,317,ES,
2026-07-21,829,7551.25,435,ES,
2026-07-21,830,7551.75,787,ES,
2026-07-21,831,7551.0,450,ES,
2026-07-21,832,7551.5,320,ES,
2026-07-21,833,7551.0,445,ES,
2026-07-21,834,7549.75,375,ES,
2026-07-21,835,7549.75,392,ES,
2026-07-21,836,7548.75,509,ES,
2026-07-21,837,7548.5,441,ES,
2026-07-21,838,7549.0,291,ES,
2026-07-21,839,7549.25,376,ES,
2026-07-21,840,7550.0,483,ES,
2026-07-21,841,7549.5,510,ES,
2026-07-21,842,7547.5,757,ES,
2026-07-21,843,7545.5,825,ES,
2026-07-21,844,7546.25,783,ES,
2026-07-21,845,7546.25,642,ES,
2026-07-21,846,7547.0,386,ES,
2026-07-21,847,7547.25,437,ES,
2026-07-21,848,7547.5,480,ES,
2026-07-21,849,7547.5,337,ES,
2026-07-21,850,7547.0,534,ES,
2026-07-21,851,7548.0,349,ES,
2026-07-21,852,7547.0,246,ES,
2026-07-21,853,7546.5,301,ES,
2026-07-21,854,7544.75,660,ES,
2026-07-21,855,7544.75,778,ES,
2026-07-21,856,7544.75,351,ES,
2026-07-21,857,7545.5,407,ES,
2026-07-21,858,7544.25,386,ES,
2026-07-21,859,7545.0,505,ES,
2026-07-21,860,7545.25,518,ES,
2026-07-21,861,7545.0,549,ES,
2026-07-21,862,7546.25,498,ES,
2026-07-21,863,7546.0,376,ES,
2026-07-21,864,7546.0,520,ES,
2026-07-21,865,7544.75,457,ES,
2026-07-21,866,7544.25,294,ES,
2026-07-21,867,7544.0,407,ES,
2026-07-21,868,7544.25,317,ES,
2026-07-21,869,7545.0,345,ES,
2026-07-21,870,7543.75,656,ES,
2026-07-21,871,7543.0,586,ES,
2026-07-21,872,7543.0,467,ES,
2026-07-21,873,7543.25,311,ES,
2026-07-21,874,7542.5,408,ES,
2026-07-21,875,7544.5,453,ES,
2026-07-21,876,7544.25,328,ES,
2026-07-21,877,7544.5,332,ES,
2026-07-21,878,7545.25,642,ES,
2026-07-21,879,7544.25,350,ES,
2026-07-21,880,7544.75,495,ES,
2026-07-21,881,7544.5,574,ES,
2026-07-21,882,7546.0,393,ES,
2026-07-21,883,7548.0,773,ES,
2026-07-21,884,7548.25,1016,ES,
2026-07-21,885,7549.0,467,ES,
2026-07-21,886,7549.0,502,ES,
2026-07-21,887,7547.5,484,ES,
2026-07-21,888,7547.25,438,ES,
2026-07-21,889,7547.75,272,ES,
2026-07-21,890,7547.5,659,ES,
2026-07-21,891,7547.5,494,ES,
2026-07-21,892,7547.0,365,ES,
2026-07-21,893,7546.25,720,ES,
2026-07-21,894,7545.5,337,ES,
2026-07-21,895,7546.75,587,ES,
2026-07-21,896,7546.25,567,ES,
2026-07-21,897,7546.0,446,ES,
2026-07-21,898,7545.5,350,ES,
2026-07-21,899,7546.75,365,ES,
2026-07-21,900,7546.0,743,ES,
2026-07-21,901,7545.5,438,ES,
2026-07-21,902,7545.5,480,ES,
2026-07-21,903,7545.75,350,ES,
2026-07-21,904,7545.75,434,ES,
2026-07-21,905,7546.25,603,ES,
2026-07-21,906,7547.0,470,ES,
2026-07-21,907,7546.25,275,ES,
2026-07-21,908,7545.5,806,ES,
2026-07-21,909,7544.5,637,ES,
2026-07-21,910,7544.5,461,ES,
2026-07-21,911,7545.5,527,ES,
2026-07-21,912,7546.0,471,ES,
2026-07-21,913,7545.25,412,ES,
2026-07-21,914,7546.0,377,ES,
2026-07-21,915,7546.5,354,ES,
2026-07-21,916,7547.5,596,ES,
2026-07-21,917,7547.5,474,ES,
2026-07-21,918,7547.0,438,ES,
2026-07-21,919,7546.5,483,ES,
2026-07-21,920,7546.75,579,ES,
2026-07-21,921,7545.5,611,ES,
2026-07-21,922,7545.75,541,ES,
2026-07-21,923,7545.5,432,ES,
2026-07-21,924,7546.0,515,ES,
2026-07-21,925,7546.0,563,ES,
2026-07-21,926,7546.25,769,ES,
2026-07-21,927,7545.75,688,ES,
2026-07-21,928,7546.0,414,ES,
2026-07-21,929,7545.75,550,ES,
2026-07-21,930,7546.0,896,ES,
2026-07-21,931,7545.75,588,ES,
2026-07-21,932,7545.5,485,ES,
2026-07-21,933,7545.0,657,ES,
2026-07-21,934,7544.5,471,ES,
2026-07-21,935,7546.5,619,ES,
2026-07-21,936,7547.5,933,ES,
2026-07-21,937,7548.5,581,ES,
2026-07-21,938,7547.5,604,ES,
2026-07-21,939,7546.75,778,ES,
2026-07-21,940,7546.25,781,ES,
2026-07-21,941,7545.5,749,ES,
2026-07-21,942,7545.75,607,ES,
2026-07-21,943,7547.0,612,ES,
2026-07-21,944,7548.0,979,ES,
2026-07-21,945,7547.25,723,ES,
2026-07-21,946,7546.75,520,ES,
2026-07-21,947,7546.25,689,ES,
2026-07-21,948,7547.25,827,ES,
2026-07-21,949,7548.75,987,ES,
2026-07-21,950,7546.75,1479,ES,
2026-07-21,951,7546.5,921,ES,
2026-07-21,952,7547.25,1110,ES,
2026-07-21,953,7547.0,869,ES,
2026-07-21,954,7546.5,971,ES,
2026-07-21,955,7545.75,2183,ES,
2026-07-21,956,7548.0,1618,ES,
2026-07-21,957,7547.0,791,ES,
2026-07-21,958,7545.5,1576,ES,
2026-07-21,959,7546.0,5542,ES,
2026-07-22,570,7530.5,1297,ES,
2026-07-22,571,7535.25,1517,ES,
2026-07-22,572,7536.75,1105,ES,
2026-07-22,573,7533.5,924,ES,
2026-07-22,574,7534.75,1039,ES,
2026-07-22,575,7535.0,986,ES,
2026-07-22,576,7534.25,885,ES,
2026-07-22,577,7536.0,847,ES,
2026-07-22,578,7533.25,902,ES,
2026-07-22,579,7535.75,859,ES,
2026-07-22,580,7533.5,1087,ES,
2026-07-22,581,7534.5,766,ES,
2026-07-22,582,7533.5,781,ES,
2026-07-22,583,7537.0,823,ES,
2026-07-22,584,7537.5,756,ES,
2026-07-22,585,7541.0,1032,ES,
2026-07-22,586,7541.25,850,ES,
2026-07-22,587,7538.75,662,ES,
2026-07-22,588,7540.5,1023,ES,
2026-07-22,589,7539.25,797,ES,
2026-07-22,590,7536.25,969,ES,
2026-07-22,591,7537.25,808,ES,
2026-07-22,592,7540.5,1689,ES,
2026-07-22,593,7541.0,1117,ES,
2026-07-22,594,7543.25,720,ES,
2026-07-22,595,7543.75,740,ES,
2026-07-22,596,7546.25,1655,ES,
2026-07-22,597,7548.25,1304,ES,
2026-07-22,598,7547.5,914,ES,
2026-07-22,599,7549.75,1048,ES,
2026-07-22,600,7550.25,1270,ES,
2026-07-22,601,7550.25,1029,ES,
2026-07-22,602,7550.5,837,ES,
2026-07-22,603,7549.25,824,ES,
2026-07-22,604,7552.0,843,ES,
2026-07-22,605,7556.25,939,ES,
2026-07-22,606,7553.5,894,ES,
2026-07-22,607,7550.5,1172,ES,
2026-07-22,608,7548.5,853,ES,
2026-07-22,609,7547.75,823,ES,
2026-07-22,610,7548.5,778,ES,
2026-07-22,611,7548.75,668,ES,
2026-07-22,612,7548.0,819,ES,
2026-07-22,613,7544.5,851,ES,
2026-07-22,614,7544.5,779,ES,
2026-07-22,615,7542.25,976,ES,
2026-07-22,616,7542.25,965,ES,
2026-07-22,617,7542.5,795,ES,
2026-07-22,618,7541.0,1069,ES,
2026-07-22,619,7543.5,975,ES,
2026-07-22,620,7545.5,1026,ES,
2026-07-22,621,7544.75,680,ES,
2026-07-22,622,7540.75,877,ES,
2026-07-22,623,7537.5,1595,ES,
2026-07-22,624,7538.0,820,ES,
2026-07-22,625,7537.75,780,ES,
2026-07-22,626,7534.75,1031,ES,
2026-07-22,627,7534.75,863,ES,
2026-07-22,628,7534.75,1091,ES,
2026-07-22,629,7534.5,816,ES,
2026-07-22,630,7534.5,883,ES,
2026-07-22,631,7536.0,1007,ES,
2026-07-22,632,7539.25,1622,ES,
2026-07-22,633,7535.25,716,ES,
2026-07-22,634,7534.25,866,ES,
2026-07-22,635,7534.25,1006,ES,
2026-07-22,636,7535.25,694,ES,
2026-07-22,637,7534.0,589,ES,
2026-07-22,638,7534.75,860,ES,
2026-07-22,639,7535.25,652,ES,
2026-07-22,640,7534.25,785,ES,
2026-07-22,641,7531.25,773,ES,
2026-07-22,642,7531.75,985,ES,
2026-07-22,643,7531.0,736,ES,
2026-07-22,644,7529.5,793,ES,
2026-07-22,645,7532.75,1069,ES,
2026-07-22,646,7535.25,756,ES,
2026-07-22,647,7534.0,870,ES,
2026-07-22,648,7535.25,886,ES,
2026-07-22,649,7536.0,721,ES,
2026-07-22,650,7535.5,782,ES,
2026-07-22,651,7536.25,787,ES,
2026-07-22,652,7534.0,785,ES,
2026-07-22,653,7535.5,646,ES,
2026-07-22,654,7536.25,1028,ES,
2026-07-22,655,7535.5,723,ES,
2026-07-22,656,7536.5,673,ES,
2026-07-22,657,7539.75,699,ES,
2026-07-22,658,7542.0,1080,ES,
2026-07-22,659,7541.75,797,ES,
2026-07-22,660,7543.75,1088,ES,
2026-07-22,661,7541.75,824,ES,
2026-07-22,662,7543.75,723,ES,
2026-07-22,663,7544.25,776,ES,
2026-07-22,664,7545.25,735,ES,
2026-07-22,665,7546.75,866,ES,
2026-07-22,666,7547.5,870,ES,
2026-07-22,667,7548.5,980,ES,
2026-07-22,668,7549.25,922,ES,
2026-07-22,669,7548.25,1612,ES,
2026-07-22,670,7552.25,1144,ES,
2026-07-22,671,7550.25,1270,ES,
2026-07-22,672,7551.5,1006,ES,
2026-07-22,673,7550.75,718,ES,
2026-07-22,674,7551.0,875,ES,
2026-07-22,675,7551.25,726,ES,
2026-07-22,676,7551.25,807,ES,
2026-07-22,677,7549.25,534,ES,
2026-07-22,678,7547.75,958,ES,
2026-07-22,679,7551.0,651,ES,
2026-07-22,680,7553.5,951,ES,
2026-07-22,681,7552.0,1123,ES,
2026-07-22,682,7552.75,813,ES,
2026-07-22,683,7553.25,437,ES,
2026-07-22,684,7556.0,2014,ES,
2026-07-22,685,7557.75,915,ES,
2026-07-22,686,7558.25,855,ES,
2026-07-22,687,7558.75,817,ES,
2026-07-22,688,7559.25,1028,ES,
2026-07-22,689,7557.0,872,ES,
2026-07-22,690,7557.75,1179,ES,
2026-07-22,691,7556.5,750,ES,
2026-07-22,692,7555.75,1095,ES,
2026-07-22,693,7553.75,947,ES,
2026-07-22,694,7552.5,972,ES,
2026-07-22,695,7553.75,852,ES,
2026-07-22,696,7553.5,892,ES,
2026-07-22,697,7552.75,660,ES,
2026-07-22,698,7551.75,698,ES,
2026-07-22,699,7551.75,588,ES,
2026-07-22,700,7554.25,843,ES,
2026-07-22,701,7553.5,779,ES,
2026-07-22,702,7552.75,769,ES,
2026-07-22,703,7551.75,548,ES,
2026-07-22,704,7552.5,526,ES,
2026-07-22,705,7555.25,1016,ES,
2026-07-22,706,7553.5,547,ES,
2026-07-22,707,7555.0,608,ES,
2026-07-22,708,7555.5,547,ES,
2026-07-22,709,7556.0,453,ES,
2026-07-22,710,7556.0,580,ES,
2026-07-22,711,7557.0,458,ES,
2026-07-22,712,7558.0,836,ES,
2026-07-22,713,7555.5,643,ES,
2026-07-22,714,7555.25,421,ES,
2026-07-22,715,7556.25,429,ES,
2026-07-22,716,7556.0,446,ES,
2026-07-22,717,7556.5,362,ES,
2026-07-22,718,7557.75,316,ES,
2026-07-22,719,7560.0,618,ES,
2026-07-22,720,7559.5,902,ES,
2026-07-22,721,7558.0,843,ES,
2026-07-22,722,7558.75,539,ES,
2026-07-22,723,7558.75,399,ES,
2026-07-22,724,7559.5,313,ES,
2026-07-22,725,7560.5,589,ES,
2026-07-22,726,7560.75,803,ES,
2026-07-22,727,7560.75,505,ES,
2026-07-22,728,7560.5,377,ES,
2026-07-22,729,7560.25,259,ES,
2026-07-22,730,7559.75,558,ES,
2026-07-22,731,7559.0,560,ES,
2026-07-22,732,7559.25,292,ES,
2026-07-22,733,7559.5,243,ES,
2026-07-22,734,7559.5,439,ES,
2026-07-22,735,7560.0,725,ES,
2026-07-22,736,7559.75,572,ES,
2026-07-22,737,7560.25,366,ES,
2026-07-22,738,7562.5,424,ES,
2026-07-22,739,7562.75,463,ES,
2026-07-22,740,7561.5,507,ES,
2026-07-22,741,7561.5,340,ES,
2026-07-22,742,7561.5,604,ES,
2026-07-22,743,7560.75,363,ES,
2026-07-22,744,7561.5,361,ES,
2026-07-22,745,7561.25,488,ES,
2026-07-22,746,7561.0,497,ES,
2026-07-22,747,7561.0,294,ES,
2026-07-22,757,7561.0,4241,ES,
2026-07-22,758,7562.0,275,ES,
2026-07-22,759,7561.5,284,ES,
2026-07-22,760,7560.5,610,ES,
2026-07-22,761,7560.5,531,ES,
2026-07-22,762,7559.75,608,ES,
2026-07-22,763,7559.75,481,ES,
2026-07-22,764,7560.25,407,ES,
2026-07-22,765,7559.75,614,ES,
2026-07-22,766,7558.75,472,ES,
2026-07-22,767,7558.25,542,ES,
2026-07-22,768,7559.25,670,ES,
2026-07-22,769,7559.0,314,ES,
2026-07-22,770,7559.0,526,ES,
2026-07-22,771,7557.75,510,ES,
2026-07-22,772,7558.75,480,ES,
2026-07-22,773,7558.25,360,ES,
2026-07-22,774,7558.0,452,ES,
2026-07-22,775,7561.0,561,ES,
2026-07-22,776,7561.0,581,ES,
2026-07-22,777,7561.75,481,ES,
2026-07-22,778,7561.5,443,ES,
2026-07-22,779,7561.25,415,ES,
2026-07-22,780,7561.75,658,ES,
2026-07-22,781,7560.75,396,ES,
2026-07-22,782,7559.25,486,ES,
2026-07-22,783,7558.0,792,ES,
2026-07-22,784,7557.5,431,ES,
2026-07-22,785,7558.0,597,ES,
2026-07-22,786,7558.25,745,ES,
2026-07-22,787,7560.0,620,ES,
2026-07-22,788,7559.0,301,ES,
2026-07-22,789,7558.75,296,ES,
2026-07-22,790,7557.75,324,ES,
2026-07-22,791,7557.75,398,ES,
2026-07-22,792,7557.25,342,ES,
2026-07-22,793,7556.5,431,ES,
2026-07-22,794,7555.75,531,ES,
2026-07-22,795,7555.25,609,ES,
2026-07-22,796,7555.25,733,ES,
2026-07-22,797,7556.0,371,ES,
2026-07-22,798,7555.5,562,ES,
2026-07-22,799,7555.0,498,ES,
2026-07-22,800,7554.25,478,ES,
2026-07-22,801,7553.5,616,ES,
2026-07-22,802,7553.0,962,ES,
2026-07-22,803,7553.5,795,ES,
2026-07-22,804,7554.0,442,ES,
2026-07-22,805,7552.75,419,ES,
2026-07-22,806,7553.25,359,ES,
2026-07-22,807,7553.5,364,ES,
2026-07-22,808,7554.25,553,ES,
2026-07-22,809,7553.0,784,ES,
2026-07-22,810,7554.0,482,ES,
2026-07-22,811,7554.5,694,ES,
2026-07-22,812,7553.25,342,ES,
2026-07-22,813,7553.0,544,ES,
2026-07-22,814,7551.0,626,ES,
2026-07-22,815,7552.0,581,ES,
2026-07-22,816,7553.0,383,ES,
2026-07-22,817,7554.5,449,ES,
2026-07-22,818,7553.75,452,ES,
2026-07-22,819,7556.0,587,ES,
2026-07-22,820,7554.0,441,ES,
2026-07-22,821,7554.0,392,ES,
2026-07-22,822,7554.0,336,ES,
2026-07-22,823,7553.25,369,ES,
2026-07-22,824,7553.5,291,ES,
2026-07-22,825,7553.75,282,ES,
2026-07-22,826,7554.0,433,ES,
2026-07-22,827,7553.0,579,ES,
2026-07-22,828,7553.0,311,ES,
2026-07-22,829,7552.75,318,ES,
2026-07-22,830,7553.0,372,ES,
2026-07-22,831,7553.5,339,ES,
2026-07-22,832,7552.5,339,ES,
2026-07-22,833,7551.0,344,ES,
2026-07-22,834,7549.25,868,ES,
2026-07-22,835,7549.25,783,ES,
2026-07-22,836,7548.25,560,ES,
2026-07-22,837,7548.0,525,ES,
2026-07-22,838,7547.75,461,ES,
2026-07-22,839,7547.5,331,ES,
2026-07-22,840,7548.75,685,ES,
2026-07-22,841,7547.25,763,ES,
2026-07-22,842,7546.0,805,ES,
2026-07-22,843,7545.25,580,ES,
2026-07-22,844,7546.25,791,ES,
2026-07-22,845,7546.25,565,ES,
2026-07-22,846,7547.0,635,ES,
2026-07-22,847,7549.0,637,ES,
2026-07-22,848,7547.25,372,ES,
2026-07-22,849,7545.5,514,ES,
2026-07-22,850,7545.75,775,ES,
2026-07-22,851,7544.5,460,ES,
2026-07-22,852,7543.25,409,ES,
2026-07-22,853,7543.25,658,ES,
2026-07-22,854,7542.75,562,ES,
2026-07-22,855,7543.25,549,ES,
2026-07-22,856,7544.5,927,ES,
2026-07-22,857,7544.0,467,ES,
2026-07-22,858,7545.75,619,ES,
2026-07-22,859,7544.75,562,ES,
2026-07-22,860,7546.75,566,ES,
2026-07-22,861,7545.75,622,ES,
2026-07-22,862,7545.5,439,ES,
2026-07-22,863,7544.5,501,ES,
2026-07-22,864,7544.75,478,ES,
2026-07-22,865,7545.25,223,ES,
2026-07-22,866,7545.25,349,ES,
2026-07-22,867,7545.5,440,ES,
2026-07-22,868,7547.25,645,ES,
2026-07-22,869,7547.0,561,ES,
2026-07-22,870,7545.5,580,ES,
2026-07-22,871,7544.0,498,ES,
2026-07-22,872,7543.0,1058,ES,
2026-07-22,873,7544.5,609,ES,
2026-07-22,874,7544.5,474,ES,
2026-07-22,875,7546.75,649,ES,
2026-07-22,876,7546.5,727,ES,
2026-07-22,877,7546.25,426,ES,
2026-07-22,878,7546.25,353,ES,
2026-07-22,879,7546.5,524,ES,
2026-07-22,880,7545.25,492,ES,
2026-07-22,881,7546.5,466,ES,
2026-07-22,882,7545.25,534,ES,
2026-07-22,883,7545.5,916,ES,
2026-07-22,884,7545.25,615,ES,
2026-07-22,885,7547.75,1011,ES,
2026-07-22,886,7547.25,673,ES,
2026-07-22,887,7546.25,371,ES,
2026-07-22,888,7546.5,632,ES,
2026-07-22,889,7544.75,398,ES,
2026-07-22,890,7544.25,709,ES,
2026-07-22,891,7545.0,530,ES,
2026-07-22,892,7544.75,528,ES,
2026-07-22,893,7546.25,541,ES,
2026-07-22,894,7547.5,733,ES,
2026-07-22,895,7548.25,695,ES,
2026-07-22,896,7547.25,499,ES,
2026-07-22,897,7547.5,378,ES,
2026-07-22,898,7547.5,388,ES,
2026-07-22,899,7546.75,482,ES,
2026-07-22,900,7546.25,695,ES,
2026-07-22,901,7544.75,848,ES,
2026-07-22,902,7544.25,517,ES,
2026-07-22,903,7545.75,495,ES,
2026-07-22,904,7545.25,358,ES,
2026-07-22,905,7544.5,335,ES,
2026-07-22,906,7545.75,779,ES,
2026-07-22,907,7545.0,663,ES,
2026-07-22,908,7545.0,419,ES,
2026-07-22,909,7544.5,306,ES,
2026-07-22,910,7544.25,525,ES,
2026-07-22,911,7543.25,622,ES,
2026-07-22,912,7542.0,748,ES,
2026-07-22,913,7542.0,730,ES,
2026-07-22,914,7541.75,719,ES,
2026-07-22,915,7542.25,1032,ES,
2026-07-22,916,7543.75,835,ES,
2026-07-22,917,7543.75,529,ES,
2026-07-22,918,7544.0,392,ES,
2026-07-22,919,7543.75,347,ES,
2026-07-22,920,7543.0,654,ES,
2026-07-22,921,7541.5,514,ES,
2026-07-22,922,7542.75,609,ES,
2026-07-22,923,7542.25,551,ES,
2026-07-22,924,7541.5,397,ES,
2026-07-22,925,7540.5,864,ES,
2026-07-22,926,7539.75,763,ES,
2026-07-22,927,7541.25,878,ES,
2026-07-22,928,7543.0,783,ES,
2026-07-22,929,7542.5,385,ES,
2026-07-22,930,7540.25,940,ES,
2026-07-22,931,7540.25,741,ES,
2026-07-22,932,7540.75,724,ES,
2026-07-22,933,7539.75,713,ES,
2026-07-22,934,7539.75,794,ES,
2026-07-22,935,7539.25,610,ES,
2026-07-22,936,7539.0,548,ES,
2026-07-22,937,7538.5,498,ES,
2026-07-22,938,7537.25,861,ES,
2026-07-22,939,7536.75,987,ES,
2026-07-22,940,7537.75,905,ES,
2026-07-22,941,7539.25,931,ES,
2026-07-22,942,7540.75,807,ES,
2026-07-22,943,7541.25,712,ES,
2026-07-22,944,7540.75,911,ES,
2026-07-22,945,7540.75,949,ES,
2026-07-22,946,7540.75,839,ES,
2026-07-22,947,7541.75,534,ES,
2026-07-22,948,7542.0,608,ES,
2026-07-22,949,7542.5,825,ES,
2026-07-22,950,7541.5,2036,ES,
2026-07-22,951,7540.75,1073,ES,
2026-07-22,952,7542.75,955,ES,
2026-07-22,953,7542.5,1297,ES,
2026-07-22,954,7541.25,1078,ES,
2026-07-22,955,7540.0,1679,ES,
2026-07-22,956,7540.75,1079,ES,
2026-07-22,957,7543.25,1334,ES,
2026-07-22,958,7542.5,2398,ES,
2026-07-22,959,7536.5,7627,ES,
2026-07-23,570,7450.75,2418,ES,
2026-07-23,571,7458.25,1546,ES,
2026-07-23,572,7464.25,1694,ES,
2026-07-23,573,7468.0,1513,ES,
2026-07-23,574,7473.5,1340,ES,
2026-07-23,575,7472.75,1895,ES,
2026-07-23,576,7473.5,1203,ES,
2026-07-23,577,7476.75,1137,ES,
2026-07-23,578,7474.75,1091,ES,
2026-07-23,579,7474.5,995,ES,
2026-07-23,580,7475.75,1369,ES,
2026-07-23,581,7478.75,1127,ES,
2026-07-23,582,7483.0,1342,ES,
2026-07-23,583,7484.25,1153,ES,
2026-07-23,584,7479.0,1385,ES,
2026-07-23,585,7478.5,1445,ES,
2026-07-23,586,7476.25,2155,ES,
2026-07-23,587,7473.0,1405,ES,
2026-07-23,588,7469.0,1239,ES,
2026-07-23,589,7464.25,1011,ES,
2026-07-23,590,7464.25,1142,ES,
2026-07-23,591,7459.0,1033,ES,
2026-07-23,592,7461.25,971,ES,
2026-07-23,593,7462.75,1229,ES,
2026-07-23,594,7469.75,1053,ES,
2026-07-23,595,7467.5,1072,ES,
2026-07-23,596,7461.0,1068,ES,
2026-07-23,597,7458.0,910,ES,
2026-07-23,598,7458.25,951,ES,
2026-07-23,599,7455.75,1076,ES,
2026-07-23,600,7463.0,1321,ES,
2026-07-23,601,7457.5,885,ES,
2026-07-23,602,7458.25,677,ES,
2026-07-23,603,7460.25,799,ES,
2026-07-23,604,7463.75,850,ES,
2026-07-23,605,7467.5,1160,ES,
2026-07-23,606,7466.25,997,ES,
2026-07-23,607,7465.25,822,ES,
2026-07-23,608,7454.25,1001,ES,
2026-07-23,609,7453.75,1232,ES,
2026-07-23,610,7456.0,1382,ES,
2026-07-23,611,7459.75,948,ES,
2026-07-23,612,7463.75,978,ES,
2026-07-23,613,7461.0,752,ES,
2026-07-23,614,7457.0,1510,ES,
2026-07-23,615,7456.25,960,ES,
2026-07-23,616,7460.25,1028,ES,
2026-07-23,617,7462.0,974,ES,
2026-07-23,618,7460.25,897,ES,
2026-07-23,619,7455.0,1293,ES,
2026-07-23,620,7455.25,896,ES,
2026-07-23,621,7461.0,973,ES,
2026-07-23,622,7462.5,847,ES,
2026-07-23,623,7458.0,626,ES,
2026-07-23,624,7454.0,813,ES,
2026-07-23,625,7456.5,925,ES,
2026-07-23,626,7452.75,1156,ES,
2026-07-23,627,7451.75,982,ES,
2026-07-23,628,7452.25,1098,ES,
2026-07-23,629,7458.25,950,ES,
2026-07-23,630,7455.75,967,ES,
2026-07-23,631,7454.25,799,ES,
2026-07-23,632,7450.75,762,ES,
2026-07-23,633,7448.0,984,ES,
2026-07-23,634,7449.75,774,ES,
2026-07-23,635,7446.5,934,ES,
2026-07-23,636,7448.75,931,ES,
2026-07-23,637,7463.25,1224,ES,
2026-07-23,638,7459.75,1103,ES,
2026-07-23,639,7464.25,922,ES,
2026-07-23,640,7460.0,715,ES,
2026-07-23,641,7454.75,833,ES,
2026-07-23,642,7452.0,939,ES,
2026-07-23,643,7448.75,979,ES,
2026-07-23,644,7448.75,1003,ES,
2026-07-23,645,7447.25,1196,ES,
2026-07-23,646,7451.0,1070,ES,
2026-07-23,647,7452.0,902,ES,
2026-07-23,648,7449.5,872,ES,
2026-07-23,649,7448.5,1100,ES,
2026-07-23,650,7445.5,1033,ES,
2026-07-23,651,7440.5,1032,ES,
2026-07-23,652,7443.5,1403,ES,
2026-07-23,653,7441.5,1102,ES,
2026-07-23,654,7441.75,1099,ES,
2026-07-23,655,7441.0,1056,ES,
2026-07-23,656,7444.25,989,ES,
2026-07-23,657,7445.25,920,ES,
2026-07-23,658,7442.25,1075,ES,
2026-07-23,659,7443.5,915,ES,
2026-07-23,660,7442.75,1144,ES,
2026-07-23,661,7439.25,992,ES,
2026-07-23,662,7437.25,1004,ES,
2026-07-23,663,7437.75,798,ES,
2026-07-23,664,7436.75,829,ES,
2026-07-23,665,7433.0,1039,ES,
2026-07-23,666,7430.0,1720,ES,
2026-07-23,667,7433.0,1105,ES,
2026-07-23,668,7433.25,1236,ES,
2026-07-23,669,7431.5,1013,ES,
2026-07-23,670,7432.25,1212,ES,
2026-07-23,671,7428.25,1019,ES,
2026-07-23,672,7426.25,1319,ES,
2026-07-23,673,7428.0,964,ES,
2026-07-23,674,7426.25,1236,ES,
2026-07-23,675,7428.75,1690,ES,
2026-07-23,676,7428.75,1237,ES,
2026-07-23,677,7431.0,1394,ES,
2026-07-23,678,7430.25,1102,ES,
2026-07-23,679,7432.0,866,ES,
2026-07-23,680,7435.0,1376,ES,
2026-07-23,681,7429.5,910,ES,
2026-07-23,682,7423.25,1927,ES,
2026-07-23,683,7424.75,2230,ES,
2026-07-23,684,7426.75,1105,ES,
2026-07-23,685,7423.25,933,ES,
2026-07-23,686,7421.75,880,ES,
2026-07-23,687,7420.75,1099,ES,
2026-07-23,688,7418.5,1267,ES,
2026-07-23,689,7419.25,1195,ES,
2026-07-23,690,7414.5,1616,ES,
2026-07-23,691,7416.75,1242,ES,
2026-07-23,692,7420.25,1064,ES,
2026-07-23,693,7421.5,1208,ES,
2026-07-23,694,7424.0,973,ES,
2026-07-23,695,7425.75,950,ES,
2026-07-23,696,7427.5,1002,ES,
2026-07-23,697,7429.0,1690,ES,
2026-07-23,698,7433.5,1055,ES,
2026-07-23,699,7433.75,1013,ES,
2026-07-23,700,7433.25,1370,ES,
2026-07-23,701,7434.75,860,ES,
2026-07-23,702,7429.5,1142,ES,
2026-07-23,703,7427.5,714,ES,
2026-07-23,704,7426.5,566,ES,
2026-07-23,705,7428.0,1007,ES,
2026-07-23,706,7426.0,829,ES,
2026-07-23,707,7425.75,693,ES,
2026-07-23,708,7426.5,771,ES,
2026-07-23,709,7429.25,807,ES,
2026-07-23,710,7429.75,716,ES,
2026-07-23,711,7427.5,898,ES,
2026-07-23,712,7429.0,772,ES,
2026-07-23,713,7429.0,863,ES,
2026-07-23,714,7433.25,878,ES,
2026-07-23,715,7433.5,1089,ES,
2026-07-23,716,7434.0,1021,ES,
2026-07-23,717,7434.5,710,ES,
2026-07-23,718,7437.0,659,ES,
2026-07-23,719,7438.25,829,ES,
2026-07-23,720,7439.5,985,ES,
2026-07-23,721,7438.5,1073,ES,
2026-07-23,722,7442.0,861,ES,
2026-07-23,723,7441.25,1157,ES,
2026-07-23,724,7440.25,971,ES,
2026-07-23,725,7436.0,1033,ES,
2026-07-23,726,7437.75,1320,ES,
2026-07-23,727,7438.25,706,ES,
2026-07-23,728,7443.0,841,ES,
2026-07-23,729,7444.5,770,ES,
2026-07-23,730,7445.75,802,ES,
2026-07-23,731,7446.5,814,ES,
2026-07-23,732,7445.0,1003,ES,
2026-07-23,733,7444.5,1041,ES,
2026-07-23,734,7446.0,914,ES,
2026-07-23,735,7447.0,1062,ES,
2026-07-23,736,7446.25,846,ES,
2026-07-23,737,7448.0,906,ES,
2026-07-23,738,7446.5,827,ES,
2026-07-23,739,7445.5,983,ES,
2026-07-23,740,7449.25,949,ES,
2026-07-23,741,7450.5,742,ES,
2026-07-23,742,7452.75,982,ES,
2026-07-23,743,7455.75,963,ES,
2026-07-23,744,7454.75,1351,ES,
2026-07-23,745,7454.5,1255,ES,
2026-07-23,746,7452.0,1200,ES,
2026-07-23,747,7454.75,755,ES,
2026-07-23,757,7452.75,8039,ES,
2026-07-23,758,7455.75,885,ES,
2026-07-23,759,7457.0,1004,ES,
2026-07-23,760,7454.25,851,ES,
2026-07-23,761,7452.25,875,ES,
2026-07-23,762,7451.0,1045,ES,
2026-07-23,763,7451.5,783,ES,
2026-07-23,764,7449.75,605,ES,
2026-07-23,765,7444.0,1362,ES,
2026-07-23,766,7444.25,960,ES,
2026-07-23,767,7444.0,994,ES,
2026-07-23,768,7442.0,1065,ES,
2026-07-23,769,7440.25,917,ES,
2026-07-23,770,7439.25,1098,ES,
2026-07-23,771,7439.75,952,ES,
2026-07-23,772,7440.5,1133,ES,
2026-07-23,773,7439.0,1104,ES,
2026-07-23,774,7440.25,869,ES,
2026-07-23,775,7443.0,971,ES,
2026-07-23,776,7444.0,773,ES,
2026-07-23,777,7442.5,950,ES,
2026-07-23,778,7442.0,798,ES,
2026-07-23,779,7446.75,997,ES,
2026-07-23,780,7449.0,931,ES,
2026-07-23,781,7448.5,772,ES,
2026-07-23,782,7448.25,722,ES,
2026-07-23,783,7447.5,818,ES,
2026-07-23,784,7442.5,854,ES,
2026-07-23,785,7440.25,890,ES,
2026-07-23,786,7439.5,787,ES,
2026-07-23,787,7440.5,757,ES,
2026-07-23,788,7441.75,639,ES,
2026-07-23,789,7445.0,712,ES,
2026-07-23,790,7446.5,890,ES,
2026-07-23,791,7446.0,687,ES,
2026-07-23,792,7448.0,618,ES,
2026-07-23,793,7446.0,543,ES,
2026-07-23,794,7446.25,599,ES,
2026-07-23,795,7446.5,632,ES,
2026-07-23,796,7447.75,708,ES,
2026-07-23,797,7443.0,1504,ES,
2026-07-23,798,7443.75,1066,ES,
2026-07-23,799,7445.5,778,ES,
2026-07-23,800,7447.5,797,ES,
2026-07-23,801,7446.0,717,ES,
2026-07-23,802,7445.25,634,ES,
2026-07-23,803,7449.0,587,ES,
2026-07-23,804,7450.0,729,ES,
2026-07-23,805,7451.0,740,ES,
2026-07-23,806,7451.5,780,ES,
2026-07-23,807,7449.0,696,ES,
2026-07-23,808,7450.0,437,ES,
2026-07-23,809,7447.75,619,ES,
2026-07-23,810,7447.0,867,ES,
2026-07-23,811,7442.75,853,ES,
2026-07-23,812,7441.25,639,ES,
2026-07-23,813,7441.75,577,ES,
2026-07-23,814,7441.25,593,ES,
2026-07-23,815,7436.75,920,ES,
2026-07-23,816,7435.75,724,ES,
2026-07-23,817,7436.5,657,ES,
2026-07-23,818,7436.75,765,ES,
2026-07-23,819,7436.5,549,ES,
2026-07-23,820,7434.0,814,ES,
2026-07-23,821,7435.5,751,ES,
2026-07-23,822,7436.0,520,ES,
2026-07-23,823,7438.0,773,ES,
2026-07-23,824,7437.75,565,ES,
2026-07-23,825,7441.5,848,ES,
2026-07-23,826,7441.5,815,ES,
2026-07-23,827,7441.75,687,ES,
2026-07-23,828,7442.0,869,ES,
2026-07-23,829,7442.0,651,ES,
2026-07-23,830,7442.0,705,ES,
2026-07-23,831,7439.75,593,ES,
2026-07-23,832,7441.5,820,ES,
2026-07-23,833,7439.5,649,ES,
2026-07-23,834,7437.5,609,ES,
2026-07-23,835,7436.0,773,ES,
2026-07-23,836,7434.25,442,ES,
2026-07-23,837,7432.5,660,ES,
2026-07-23,838,7432.75,659,ES,
2026-07-23,839,7432.25,601,ES,
2026-07-23,840,7432.0,737,ES,
2026-07-23,841,7430.75,798,ES,
2026-07-23,842,7432.0,544,ES,
2026-07-23,843,7432.5,704,ES,
2026-07-23,844,7430.0,502,ES,
2026-07-23,845,7430.25,567,ES,
2026-07-23,846,7431.25,755,ES,
2026-07-23,847,7428.75,592,ES,
2026-07-23,848,7430.0,655,ES,
2026-07-23,849,7429.0,553,ES,
2026-07-23,850,7430.5,622,ES,
2026-07-23,851,7431.25,657,ES,
2026-07-23,852,7433.25,811,ES,
2026-07-23,853,7432.75,714,ES,
2026-07-23,854,7430.0,668,ES,
2026-07-23,855,7432.25,667,ES,
2026-07-23,856,7432.25,623,ES,
2026-07-23,857,7429.25,636,ES,
2026-07-23,858,7429.5,814,ES,
2026-07-23,859,7430.5,494,ES,
2026-07-23,860,7430.75,463,ES,
2026-07-23,861,7433.0,586,ES,
2026-07-23,862,7432.25,614,ES,
2026-07-23,863,7433.25,626,ES,
2026-07-23,864,7434.75,519,ES,
2026-07-23,865,7433.25,586,ES,
2026-07-23,866,7431.5,615,ES,
2026-07-23,867,7431.0,415,ES,
2026-07-23,868,7433.25,600,ES,
2026-07-23,869,7435.0,451,ES,
2026-07-23,870,7435.25,847,ES,
2026-07-23,871,7436.25,669,ES,
2026-07-23,872,7435.0,588,ES,
2026-07-23,873,7435.5,552,ES,
2026-07-23,874,7436.75,453,ES,
2026-07-23,875,7434.0,636,ES,
2026-07-23,876,7431.25,759,ES,
2026-07-23,877,7430.75,656,ES,
2026-07-23,878,7429.75,531,ES,
2026-07-23,879,7430.0,836,ES,
2026-07-23,880,7430.5,588,ES,
2026-07-23,881,7428.0,783,ES,
2026-07-23,882,7428.75,711,ES,
2026-07-23,883,7429.0,583,ES,
2026-07-23,884,7429.0,496,ES,
2026-07-23,885,7431.75,1029,ES,
2026-07-23,886,7432.75,530,ES,
2026-07-23,887,7434.75,900,ES,
2026-07-23,888,7434.75,778,ES,
2026-07-23,889,7434.0,843,ES,
2026-07-23,890,7432.75,998,ES,
2026-07-23,891,7432.75,488,ES,
2026-07-23,892,7432.75,716,ES,
2026-07-23,893,7432.0,602,ES,
2026-07-23,894,7428.0,543,ES,
2026-07-23,895,7429.0,783,ES,
2026-07-23,896,7429.0,541,ES,
2026-07-23,897,7428.0,433,ES,
2026-07-23,898,7428.75,865,ES,
2026-07-23,899,7431.5,947,ES,
2026-07-23,900,7433.5,1004,ES,
2026-07-23,901,7432.25,606,ES,
2026-07-23,902,7433.0,431,ES,
2026-07-23,903,7429.0,562,ES,
2026-07-23,904,7428.75,576,ES,
2026-07-23,905,7429.75,601,ES,
2026-07-23,906,7429.75,674,ES,
2026-07-23,907,7428.75,441,ES,
2026-07-23,908,7430.5,866,ES,
2026-07-23,909,7428.25,582,ES,
2026-07-23,910,7426.25,641,ES,
2026-07-23,911,7427.75,623,ES,
2026-07-23,912,7428.25,678,ES,
2026-07-23,913,7427.75,527,ES,
2026-07-23,914,7427.25,600,ES,
2026-07-23,915,7429.0,739,ES,
2026-07-23,916,7430.0,843,ES,
2026-07-23,917,7431.0,1124,ES,
2026-07-23,918,7430.25,1066,ES,
2026-07-23,919,7430.75,625,ES,
2026-07-23,920,7433.75,1042,ES,
2026-07-23,921,7435.5,946,ES,
2026-07-23,922,7434.25,972,ES,
2026-07-23,923,7435.75,771,ES,
2026-07-23,924,7437.5,750,ES,
2026-07-23,925,7439.0,1054,ES,
2026-07-23,926,7438.5,920,ES,
2026-07-23,927,7438.75,730,ES,
2026-07-23,928,7435.75,844,ES,
2026-07-23,929,7436.25,800,ES,
2026-07-23,930,7437.25,1251,ES,
2026-07-23,931,7431.5,1125,ES,
2026-07-23,932,7431.0,891,ES,
2026-07-23,933,7430.75,1277,ES,
2026-07-23,934,7432.75,581,ES,
2026-07-23,935,7431.5,583,ES,
2026-07-23,936,7431.75,641,ES,
2026-07-23,937,7432.0,521,ES,
2026-07-23,938,7430.0,739,ES,
2026-07-23,939,7430.25,685,ES,
2026-07-23,940,7429.75,829,ES,
2026-07-23,941,7429.5,691,ES,
2026-07-23,942,7425.5,937,ES,
2026-07-23,943,7426.0,1027,ES,
2026-07-23,944,7424.0,966,ES,
2026-07-23,945,7424.0,1315,ES,
2026-07-23,946,7421.75,754,ES,
2026-07-23,947,7423.25,926,ES,
2026-07-23,948,7421.25,801,ES,
2026-07-23,949,7420.75,958,ES,
2026-07-23,950,7429.25,2515,ES,
2026-07-23,951,7429.5,1075,ES,
2026-07-23,952,7427.75,747,ES,
2026-07-23,953,7425.0,1002,ES,
2026-07-23,954,7429.0,1749,ES,
2026-07-23,955,7437.25,1955,ES,
2026-07-23,956,7438.0,1510,ES,
2026-07-23,957,7442.5,1420,ES,
2026-07-23,958,7446.0,1243,ES,
2026-07-23,959,7443.5,8348,ES,
2026-07-24,570,7446.0,2562,ES,
2026-07-24,571,7445.75,1647,ES,
2026-07-24,572,7449.75,843,ES,
2026-07-24,573,7449.5,970,ES,
2026-07-24,574,7451.25,753,ES,
2026-07-24,575,7451.75,1181,ES,
2026-07-24,576,7448.0,1080,ES,
2026-07-24,577,7453.75,1010,ES,
2026-07-24,578,7451.0,884,ES,
2026-07-24,579,7449.5,999,ES,
2026-07-24,580,7447.5,1037,ES,
2026-07-24,581,7448.5,815,ES,
2026-07-24,582,7446.75,996,ES,
2026-07-24,583,7446.0,684,ES,
2026-07-24,584,7446.5,744,ES,
2026-07-24,585,7448.0,724,ES,
2026-07-24,586,7451.75,824,ES,
2026-07-24,587,7453.0,800,ES,
2026-07-24,588,7453.25,1354,ES,
2026-07-24,589,7457.0,1577,ES,
2026-07-24,590,7448.25,1601,ES,
2026-07-24,591,7441.5,972,ES,
2026-07-24,592,7438.75,1206,ES,
2026-07-24,593,7437.0,1016,ES,
2026-07-24,594,7436.75,868,ES,
2026-07-24,595,7433.75,1203,ES,
2026-07-24,596,7434.75,1091,ES,
2026-07-24,597,7436.0,1025,ES,
2026-07-24,598,7437.75,1026,ES,
2026-07-24,599,7433.0,703,ES,
2026-07-24,600,7440.25,1269,ES,
2026-07-24,601,7439.75,1195,ES,
2026-07-24,602,7441.0,882,ES,
2026-07-24,603,7442.75,1084,ES,
2026-07-24,604,7436.0,1320,ES,
2026-07-24,605,7439.75,1028,ES,
2026-07-24,606,7438.5,998,ES,
2026-07-24,607,7441.5,919,ES,
2026-07-24,608,7448.5,1020,ES,
2026-07-24,609,7451.0,1267,ES,
2026-07-24,610,7452.5,1177,ES,
2026-07-24,611,7451.25,1127,ES,
2026-07-24,612,7448.0,839,ES,
2026-07-24,613,7451.75,888,ES,
2026-07-24,614,7454.0,1627,ES,
2026-07-24,615,7450.0,956,ES,
2026-07-24,616,7449.0,1003,ES,
2026-07-24,617,7444.5,1219,ES,
2026-07-24,618,7441.0,1258,ES,
2026-07-24,619,7443.5,917,ES,
2026-07-24,620,7445.0,1021,ES,
2026-07-24,621,7451.0,887,ES,
2026-07-24,622,7452.25,895,ES,
2026-07-24,623,7456.75,966,ES,
2026-07-24,624,7454.0,903,ES,
2026-07-24,625,7452.25,1107,ES,
2026-07-24,626,7453.25,993,ES,
2026-07-24,627,7449.75,867,ES,
2026-07-24,628,7451.5,716,ES,
2026-07-24,629,7450.0,807,ES,
2026-07-24,630,7446.0,741,ES,
2026-07-24,631,7449.0,843,ES,
2026-07-24,632,7446.0,771,ES,
2026-07-24,633,7445.5,824,ES,
2026-07-24,634,7442.0,827,ES,
2026-07-24,635,7445.75,856,ES,
2026-07-24,636,7443.75,789,ES,
2026-07-24,637,7443.0,885,ES,
2026-07-24,638,7442.75,671,ES,
2026-07-24,639,7439.25,1060,ES,
2026-07-24,640,7441.25,953,ES,
2026-07-24,641,7440.5,684,ES,
2026-07-24,642,7438.25,991,ES,
2026-07-24,643,7439.0,861,ES,
2026-07-24,644,7437.5,1160,ES,
2026-07-24,645,7433.75,1061,ES,
2026-07-24,646,7439.25,1081,ES,
2026-07-24,647,7435.75,1085,ES,
2026-07-24,648,7437.75,852,ES,
2026-07-24,649,7444.0,1212,ES,
2026-07-24,650,7449.5,956,ES,
2026-07-24,651,7450.5,953,ES,
2026-07-24,652,7446.0,965,ES,
2026-07-24,653,7450.5,857,ES,
2026-07-24,654,7449.0,872,ES,
2026-07-24,655,7452.75,967,ES,
2026-07-24,656,7454.0,778,ES,
2026-07-24,657,7459.25,1191,ES,
2026-07-24,658,7463.25,1307,ES,
2026-07-24,659,7465.0,1664,ES,
2026-07-24,660,7467.75,1438,ES,
2026-07-24,661,7464.0,1277,ES,
2026-07-24,662,7464.0,927,ES,
2026-07-24,663,7463.0,918,ES,
2026-07-24,664,7461.5,837,ES,
2026-07-24,665,7463.25,798,ES,
2026-07-24,666,7460.0,898,ES,
2026-07-24,667,7461.25,965,ES,
2026-07-24,668,7461.5,1083,ES,
2026-07-24,669,7455.75,846,ES,
2026-07-24,670,7466.5,1803,ES,
2026-07-24,671,7468.25,2541,ES,
2026-07-24,672,7469.0,1126,ES,
2026-07-24,673,7467.75,835,ES,
2026-07-24,674,7478.0,1459,ES,
2026-07-24,675,7487.25,2721,ES,
2026-07-24,676,7481.5,1248,ES,
2026-07-24,677,7478.25,1036,ES,
2026-07-24,678,7477.5,1022,ES,
2026-07-24,679,7474.25,916,ES,
2026-07-24,680,7479.75,969,ES,
2026-07-24,681,7481.5,745,ES,
2026-07-24,682,7481.5,635,ES,
2026-07-24,683,7484.75,853,ES,
2026-07-24,684,7483.0,955,ES,
2026-07-24,685,7486.0,817,ES,
2026-07-24,686,7485.0,581,ES,
2026-07-24,687,7487.75,774,ES,
2026-07-24,688,7487.5,1187,ES,
2026-07-24,689,7485.25,1161,ES,
2026-07-24,690,7485.0,1150,ES,
2026-07-24,691,7487.5,807,ES,
2026-07-24,692,7483.0,758,ES,
2026-07-24,693,7482.0,740,ES,
2026-07-24,694,7480.0,889,ES,
2026-07-24,695,7483.75,1031,ES,
2026-07-24,696,7485.0,857,ES,
2026-07-24,697,7486.25,866,ES,
2026-07-24,698,7489.5,911,ES,
2026-07-24,699,7490.5,748,ES,
2026-07-24,700,7489.75,766,ES,
2026-07-24,701,7486.25,821,ES,
2026-07-24,702,7484.5,826,ES,
2026-07-24,703,7481.0,1161,ES,
2026-07-24,704,7481.75,800,ES,
2026-07-24,705,7484.25,710,ES,
2026-07-24,706,7483.5,558,ES,
2026-07-24,707,7482.0,762,ES,
2026-07-24,708,7482.75,648,ES,
2026-07-24,709,7480.5,733,ES,
2026-07-24,710,7486.0,774,ES,
2026-07-24,711,7483.75,695,ES,
2026-07-24,712,7482.5,695,ES,
2026-07-24,713,7485.25,670,ES,
2026-07-24,714,7485.0,667,ES,
2026-07-24,715,7485.5,570,ES,
2026-07-24,716,7488.0,836,ES,
2026-07-24,717,7487.0,670,ES,
2026-07-24,718,7488.75,777,ES,
2026-07-24,719,7489.75,1187,ES,
2026-07-24,720,7486.75,1066,ES,
2026-07-24,721,7488.0,675,ES,
2026-07-24,722,7488.0,563,ES,
2026-07-24,723,7489.25,631,ES,
2026-07-24,724,7491.5,654,ES,
2026-07-24,725,7491.0,807,ES,
2026-07-24,726,7489.0,987,ES,
2026-07-24,727,7494.25,1041,ES,
2026-07-24,728,7492.75,880,ES,
2026-07-24,729,7492.5,984,ES,
2026-07-24,730,7496.25,998,ES,
2026-07-24,731,7493.75,1036,ES,
2026-07-24,732,7492.25,925,ES,
2026-07-24,733,7489.25,1038,ES,
2026-07-24,734,7489.0,873,ES,
2026-07-24,735,7489.0,946,ES,
2026-07-24,736,7489.25,706,ES,
2026-07-24,737,7488.75,695,ES,
2026-07-24,738,7490.5,679,ES,
2026-07-24,739,7490.75,905,ES,
2026-07-24,740,7493.75,797,ES,
2026-07-24,741,7492.0,551,ES,
2026-07-24,742,7494.25,536,ES,
2026-07-24,743,7493.25,537,ES,
2026-07-24,744,7493.0,688,ES,
2026-07-24,745,7494.5,596,ES,
2026-07-24,746,7494.5,590,ES,
2026-07-24,747,7493.25,599,ES,
2026-07-24,748,7492.75,574,ES,
2026-07-24,749,7491.25,1080,ES,
2026-07-24,750,7486.0,2710,ES,
2026-07-24,751,7486.0,1165,ES,
2026-07-24,752,7486.25,100,ES,
2026-07-24,753,7483.75,921,ES,
2026-07-24,754,7484.5,1117,ES,
2026-07-24,755,7485.0,832,ES,
2026-07-24,756,7484.75,696,ES,
2026-07-24,757,7485.5,606,ES,
2026-07-24,758,7483.25,729,ES,
2026-07-24,770,7470.0,9318,ES,
2026-07-24,771,7470.5,933,ES,
2026-07-24,772,7468.5,750,ES,
2026-07-24,773,7468.25,754,ES,
2026-07-24,774,7469.5,963,ES,
2026-07-24,775,7471.0,911,ES,
2026-07-24,776,7472.0,774,ES,
2026-07-24,777,7474.25,795,ES,
2026-07-24,778,7475.25,549,ES,
2026-07-24,779,7473.5,861,ES,
2026-07-24,780,7472.75,704,ES,
2026-07-24,781,7472.5,725,ES,
2026-07-24,782,7470.75,662,ES,
2026-07-24,783,7470.25,749,ES,
2026-07-24,784,7470.75,651,ES,
2026-07-24,785,7471.0,787,ES,
2026-07-24,786,7467.5,1378,ES,
2026-07-24,787,7465.75,548,ES,
2026-07-24,788,7464.5,673,ES,
2026-07-24,789,7462.75,736,ES,
2026-07-24,790,7463.75,1082,ES,
2026-07-24,791,7465.75,842,ES,
2026-07-24,792,7466.5,678,ES,
2026-07-24,793,7467.25,656,ES,
2026-07-24,794,7468.5,636,ES,
2026-07-24,795,7466.75,586,ES,
2026-07-24,796,7466.5,574,ES,
2026-07-24,797,7470.5,807,ES,
2026-07-24,798,7471.75,913,ES,
2026-07-24,799,7473.5,594,ES,
2026-07-24,800,7472.25,584,ES,
2026-07-24,801,7471.75,552,ES,
2026-07-24,802,7469.5,661,ES,
2026-07-24,803,7469.0,486,ES,
2026-07-24,804,7472.0,562,ES,
2026-07-24,805,7472.5,485,ES,
2026-07-24,806,7474.5,508,ES,
2026-07-24,807,7476.25,926,ES,
2026-07-24,808,7476.0,816,ES,
2026-07-24,809,7476.25,470,ES,
2026-07-24,810,7476.25,564,ES,
2026-07-24,811,7477.5,539,ES,
2026-07-24,812,7476.75,613,ES,
2026-07-24,813,7478.5,646,ES,
2026-07-24,814,7480.25,600,ES,
2026-07-24,815,7480.0,578,ES,
2026-07-24,816,7478.25,538,ES,
2026-07-24,817,7475.75,741,ES,
2026-07-24,818,7476.0,448,ES,
2026-07-24,819,7474.25,787,ES,
2026-07-24,820,7472.5,630,ES,
2026-07-24,821,7472.0,577,ES,
2026-07-24,822,7471.75,557,ES,
2026-07-24,823,7471.0,484,ES,
2026-07-24,824,7470.0,551,ES,
2026-07-24,825,7469.75,599,ES,
2026-07-24,826,7471.75,403,ES,
2026-07-24,827,7470.25,474,ES,
2026-07-24,828,7470.0,466,ES,
2026-07-24,829,7472.25,522,ES,
2026-07-24,830,7473.5,526,ES,
2026-07-24,831,7470.0,636,ES,
2026-07-24,832,7469.75,447,ES,
2026-07-24,833,7470.5,461,ES,
2026-07-24,834,7472.0,401,ES,
2026-07-24,835,7470.75,458,ES,
2026-07-24,836,7472.5,460,ES,
2026-07-24,837,7470.25,474,ES,
2026-07-24,838,7470.75,597,ES,
2026-07-24,839,7469.0,453,ES,
2026-07-24,840,7470.75,725,ES,
2026-07-24,841,7468.25,687,ES,
2026-07-24,842,7468.25,481,ES,
2026-07-24,843,7467.25,349,ES,
2026-07-24,844,7468.0,535,ES,
2026-07-24,845,7468.25,610,ES,
2026-07-24,846,7468.0,604,ES,
2026-07-24,847,7471.25,664,ES,
2026-07-24,848,7470.0,449,ES,
2026-07-24,849,7469.25,590,ES,
2026-07-24,850,7467.75,486,ES,
2026-07-24,851,7466.5,666,ES,
2026-07-24,852,7465.75,760,ES,
2026-07-24,853,7465.0,917,ES,
2026-07-24,854,7465.25,548,ES,
2026-07-24,855,7464.75,676,ES,
2026-07-24,856,7464.5,591,ES,
2026-07-24,857,7464.25,443,ES,
2026-07-24,858,7464.25,850,ES,
2026-07-24,859,7461.0,912,ES,
2026-07-24,860,7458.25,881,ES,
2026-07-24,861,7457.0,762,ES,
2026-07-24,862,7457.75,607,ES,
2026-07-24,863,7458.0,642,ES,
2026-07-24,864,7457.25,798,ES,
2026-07-24,865,7455.25,810,ES,
2026-07-24,866,7453.25,829,ES,
2026-07-24,867,7452.0,610,ES,
2026-07-24,868,7450.75,1274,ES,
2026-07-24,869,7449.5,902,ES,
2026-07-24,870,7449.0,1252,ES,
2026-07-24,871,7445.5,1189,ES,
2026-07-24,872,7445.5,1205,ES,
2026-07-24,873,7442.75,911,ES,
2026-07-24,874,7440.5,1153,ES,
2026-07-24,875,7440.5,1272,ES,
2026-07-24,876,7441.25,722,ES,
2026-07-24,877,7440.5,667,ES,
2026-07-24,878,7443.25,757,ES,
2026-07-24,879,7441.25,1852,ES,
2026-07-24,880,7437.0,734,ES,
2026-07-24,881,7436.5,1103,ES,
2026-07-24,882,7437.75,1105,ES,
2026-07-24,883,7438.25,894,ES,
2026-07-24,884,7437.5,985,ES,
2026-07-24,885,7442.75,1031,ES,
2026-07-24,886,7443.5,873,ES,
2026-07-24,887,7445.5,714,ES,
2026-07-24,888,7441.5,926,ES,
2026-07-24,889,7442.0,610,ES,
2026-07-24,890,7441.0,693,ES,
2026-07-24,891,7441.75,506,ES,
2026-07-24,892,7443.0,556,ES,
2026-07-24,893,7442.75,773,ES,
2026-07-24,894,7441.0,478,ES,
2026-07-24,895,7442.75,470,ES,
2026-07-24,896,7444.75,769,ES,
2026-07-24,897,7444.5,744,ES,
2026-07-24,898,7443.25,743,ES,
2026-07-24,899,7443.25,729,ES,
2026-07-24,900,7444.5,1116,ES,
2026-07-24,901,7445.0,909,ES,
2026-07-24,902,7442.25,871,ES,
2026-07-24,903,7442.0,1175,ES,
2026-07-24,904,7442.0,1078,ES,
2026-07-24,905,7444.5,756,ES,
2026-07-24,906,7442.25,797,ES,
2026-07-24,907,7437.0,829,ES,
2026-07-24,908,7437.25,868,ES,
2026-07-24,909,7435.5,1322,ES,
2026-07-24,910,7435.25,1117,ES,
2026-07-24,911,7436.25,711,ES,
2026-07-24,912,7438.5,1030,ES,
2026-07-24,913,7438.0,885,ES,
2026-07-24,914,7435.5,599,ES,
2026-07-24,915,7435.25,715,ES,
2026-07-24,916,7435.0,1040,ES,
2026-07-24,917,7435.5,979,ES,
2026-07-24,918,7435.75,774,ES,
2026-07-24,919,7437.0,862,ES,
2026-07-24,920,7436.5,754,ES,
2026-07-24,921,7438.5,952,ES,
2026-07-24,922,7438.0,734,ES,
2026-07-24,923,7436.5,570,ES,
2026-07-24,924,7433.5,1018,ES,
2026-07-24,925,7433.25,704,ES,
2026-07-24,926,7434.0,661,ES,
2026-07-24,927,7435.0,860,ES,
2026-07-24,928,7435.75,834,ES,
2026-07-24,929,7435.5,908,ES,
2026-07-24,930,7437.0,1035,ES,
2026-07-24,931,7438.75,1228,ES,
2026-07-24,932,7440.75,1064,ES,
2026-07-24,933,7441.5,1217,ES,
2026-07-24,934,7440.0,1287,ES,
2026-07-24,935,7444.25,1510,ES,
2026-07-24,936,7441.75,988,ES,
2026-07-24,937,7444.0,868,ES,
2026-07-24,938,7444.0,907,ES,
2026-07-24,939,7440.25,884,ES,
2026-07-24,940,7441.0,823,ES,
2026-07-24,941,7439.5,962,ES,
2026-07-24,942,7439.5,1076,ES,
2026-07-24,943,7439.5,967,ES,
2026-07-24,944,7442.0,783,ES,
2026-07-24,945,7438.75,1080,ES,
2026-07-24,946,7438.5,734,ES,
2026-07-24,947,7437.5,787,ES,
2026-07-24,948,7437.5,807,ES,
2026-07-24,949,7442.75,978,ES,
2026-07-24,950,7437.75,2044,ES,
2026-07-24,951,7437.0,742,ES,
2026-07-24,952,7437.25,887,ES,
2026-07-24,953,7439.25,1007,ES,
2026-07-24,954,7444.25,1073,ES,
2026-07-24,955,7440.75,1404,ES,
2026-07-24,956,7442.0,1097,ES,
2026-07-24,957,7444.0,1357,ES,
2026-07-24,958,7444.0,1439,ES,
2026-07-24,959,7447.75,4229,ES,
2026-07-27,570,7505.25,2252,ES,
2026-07-27,571,7504.5,1214,ES,
2026-07-27,572,7503.5,1064,ES,
2026-07-27,573,7499.25,1263,ES,
2026-07-27,574,7505.25,1020,ES,
2026-07-27,575,7513.5,1638,ES,
2026-07-27,576,7511.5,1466,ES,
2026-07-27,577,7512.0,1163,ES,
2026-07-27,578,7510.25,1054,ES,
2026-07-27,579,7508.25,942,ES,
2026-07-27,580,7504.75,1128,ES,
2026-07-27,581,7505.0,823,ES,
2026-07-27,582,7498.75,1035,ES,
2026-07-27,583,7495.75,1116,ES,
2026-07-27,584,7493.25,1088,ES,
2026-07-27,585,7497.5,1453,ES,
2026-07-27,586,7491.0,1324,ES,
2026-07-27,587,7491.75,1225,ES,
2026-07-27,588,7496.0,865,ES,
2026-07-27,589,7496.25,871,ES,
2026-07-27,590,7497.75,1133,ES,
2026-07-27,591,7499.25,769,ES,
2026-07-27,592,7495.0,825,ES,
2026-07-27,593,7495.75,828,ES,
2026-07-27,594,7492.5,909,ES,
2026-07-27,595,7489.75,900,ES,
2026-07-27,596,7485.5,898,ES,
2026-07-27,597,7482.25,1287,ES,
2026-07-27,598,7476.5,1277,ES,
2026-07-27,599,7474.0,1031,ES,
2026-07-27,600,7476.75,1555,ES,
2026-07-27,601,7472.25,1480,ES,
2026-07-27,602,7476.0,1214,ES,
2026-07-27,603,7474.25,1492,ES,
2026-07-27,604,7474.25,918,ES,
2026-07-27,605,7474.25,1074,ES,
2026-07-27,606,7472.25,1188,ES,
2026-07-27,607,7473.5,1020,ES,
2026-07-27,608,7476.25,756,ES,
2026-07-27,609,7475.25,1209,ES,
2026-07-27,610,7467.5,1167,ES,
2026-07-27,611,7466.75,1512,ES,
2026-07-27,612,7468.75,1191,ES,
2026-07-27,613,7466.0,1131,ES,
2026-07-27,614,7467.25,1152,ES,
2026-07-27,615,7469.0,1172,ES,
2026-07-27,616,7469.25,1012,ES,
2026-07-27,617,7467.0,938,ES,
2026-07-27,618,7467.25,1087,ES,
2026-07-27,619,7467.5,1351,ES,
2026-07-27,620,7461.25,720,ES,
2026-07-27,621,7466.25,1031,ES,
2026-07-27,622,7461.0,907,ES,
2026-07-27,623,7457.0,999,ES,
2026-07-27,624,7456.0,1219,ES,
2026-07-27,625,7455.0,1075,ES,
2026-07-27,626,7454.75,1137,ES,
2026-07-27,627,7450.25,1019,ES,
2026-07-27,628,7447.5,1386,ES,
2026-07-27,629,7440.5,1578,ES,
2026-07-27,630,7439.5,1450,ES,
2026-07-27,631,7439.5,1093,ES,
2026-07-27,632,7440.5,1137,ES,
2026-07-27,633,7437.75,1235,ES,
2026-07-27,634,7437.5,1091,ES,
2026-07-27,635,7438.0,1079,ES,
2026-07-27,636,7432.0,1040,ES,
2026-07-27,637,7433.25,907,ES,
2026-07-27,638,7438.25,1261,ES,
2026-07-27,639,7438.75,1330,ES,
2026-07-27,640,7433.25,1098,ES,
2026-07-27,641,7427.25,1094,ES,
2026-07-27,642,7426.5,1150,ES,
2026-07-27,643,7429.0,1157,ES,
2026-07-27,644,7426.0,1185,ES,
2026-07-27,645,7429.75,1135,ES,
2026-07-27,646,7434.25,1338,ES,
2026-07-27,647,7433.0,979,ES,
2026-07-27,648,7433.5,1151,ES,
2026-07-27,649,7438.0,1099,ES,
2026-07-27,650,7441.75,1132,ES,
2026-07-27,651,7440.75,1200,ES,
2026-07-27,652,7444.25,1403,ES,
2026-07-27,653,7442.25,1211,ES,
2026-07-27,654,7444.0,1126,ES,
2026-07-27,655,7447.75,971,ES,
2026-07-27,656,7448.75,873,ES,
2026-07-27,657,7449.5,817,ES,
2026-07-27,658,7452.75,807,ES,
2026-07-27,659,7455.5,1176,ES,
2026-07-27,660,7456.25,1154,ES,
2026-07-27,661,7455.0,1063,ES,
2026-07-27,662,7454.0,1153,ES,
2026-07-27,663,7453.5,956,ES,
2026-07-27,664,7455.75,898,ES,
2026-07-27,665,7461.0,880,ES,
2026-07-27,666,7456.0,1205,ES,
2026-07-27,667,7457.5,738,ES,
2026-07-27,668,7455.75,839,ES,
2026-07-27,669,7451.0,871,ES,
2026-07-27,670,7451.5,1204,ES,
2026-07-27,671,7453.0,994,ES,
2026-07-27,672,7453.75,814,ES,
2026-07-27,673,7455.0,846,ES,
2026-07-27,674,7452.25,912,ES,
2026-07-27,675,7446.75,1261,ES,
2026-07-27,676,7446.25,969,ES,
2026-07-27,677,7443.25,825,ES,
2026-07-27,678,7442.75,868,ES,
2026-07-27,679,7446.5,803,ES,
2026-07-27,680,7449.75,955,ES,
2026-07-27,681,7446.25,755,ES,
2026-07-27,682,7447.75,934,ES,
2026-07-27,683,7441.25,734,ES,
2026-07-27,684,7440.0,905,ES,
2026-07-27,685,7439.75,883,ES,
2026-07-27,686,7442.0,632,ES,
2026-07-27,687,7439.75,822,ES,
2026-07-27,688,7439.0,831,ES,
2026-07-27,689,7441.0,893,ES,
2026-07-27,690,7437.75,1096,ES,
2026-07-27,691,7435.75,780,ES,
2026-07-27,692,7433.0,893,ES,
2026-07-27,693,7433.0,1157,ES,
2026-07-27,694,7432.25,859,ES,
2026-07-27,695,7429.0,1012,ES,
2026-07-27,696,7426.5,964,ES,
2026-07-27,697,7423.0,847,ES,
2026-07-27,698,7425.75,1011,ES,
2026-07-27,699,7427.75,964,ES,
2026-07-27,700,7426.25,1127,ES,
2026-07-27,701,7428.0,996,ES,
2026-07-27,702,7432.0,1051,ES,
2026-07-27,703,7428.5,875,ES,
2026-07-27,704,7432.5,671,ES,
2026-07-27,705,7428.5,703,ES,
2026-07-27,706,7429.0,888,ES,
2026-07-27,707,7426.5,688,ES,
2026-07-27,708,7427.5,819,ES,
2026-07-27,709,7427.0,610,ES,
2026-07-27,710,7428.25,769,ES,
2026-07-27,711,7430.0,1001,ES,
2026-07-27,712,7427.25,585,ES,
2026-07-27,713,7428.0,633,ES,
2026-07-27,714,7428.75,847,ES,
2026-07-27,715,7431.5,646,ES,
2026-07-27,716,7431.25,691,ES,
2026-07-27,717,7433.0,680,ES,
2026-07-27,718,7431.75,596,ES,
2026-07-27,719,7433.0,773,ES,
2026-07-27,720,7433.5,909,ES,
2026-07-27,721,7433.75,861,ES,
2026-07-27,722,7433.25,624,ES,
2026-07-27,723,7435.75,602,ES,
2026-07-27,724,7439.5,784,ES,
2026-07-27,725,7439.5,688,ES,
2026-07-27,726,7438.0,665,ES,
2026-07-27,727,7437.25,711,ES,
2026-07-27,728,7439.75,698,ES,
2026-07-27,729,7441.25,774,ES,
2026-07-27,730,7444.25,720,ES,
2026-07-27,731,7442.75,865,ES,
2026-07-27,732,7442.0,848,ES,
2026-07-27,733,7436.0,768,ES,
2026-07-27,734,7432.75,783,ES,
2026-07-27,735,7432.0,742,ES,
2026-07-27,736,7428.25,861,ES,
2026-07-27,737,7430.25,632,ES,
2026-07-27,738,7432.0,739,ES,
2026-07-27,739,7431.0,668,ES,
2026-07-27,740,7432.5,649,ES,
2026-07-27,741,7431.25,695,ES,
2026-07-27,742,7433.25,642,ES,
2026-07-27,743,7433.5,675,ES,
2026-07-27,744,7435.75,569,ES,
2026-07-27,745,7453.5,2230,ES,
2026-07-27,746,7446.75,1301,ES,
2026-07-27,747,7450.0,839,ES,
2026-07-27,748,7447.75,880,ES,
2026-07-27,749,7445.5,767,ES,
2026-07-27,750,7448.25,928,ES,
2026-07-27,751,7450.75,759,ES,
2026-07-27,752,7446.75,750,ES,
2026-07-27,753,7444.5,726,ES,
2026-07-27,754,7447.5,729,ES,
2026-07-27,755,7445.0,656,ES,
2026-07-27,756,7448.5,663,ES,
2026-07-27,757,7446.5,875,ES,
2026-07-27,758,7448.75,772,ES,
2026-07-27,759,7447.75,596,ES,
2026-07-27,760,7449.0,603,ES,
2026-07-27,761,7445.0,658,ES,
2026-07-27,762,7444.0,714,ES,
2026-07-27,763,7441.0,807,ES,
2026-07-27,764,7441.5,590,ES,
2026-07-27,765,7441.75,666,ES,
2026-07-27,766,7443.75,626,ES,
2026-07-27,767,7443.75,488,ES,
2026-07-27,768,7441.5,486,ES,
2026-07-27,769,7438.75,564,ES,
2026-07-27,770,7433.75,962,ES,
2026-07-27,771,7432.75,845,ES,
2026-07-27,772,7430.25,1035,ES,
2026-07-27,773,7428.75,764,ES,
2026-07-27,774,7429.25,765,ES,
2026-07-27,775,7425.25,990,ES,
2026-07-27,776,7427.75,921,ES,
2026-07-27,777,7427.25,1416,ES,
2026-07-27,778,7428.5,567,ES,
2026-07-27,779,7428.0,961,ES,
2026-07-27,780,7428.25,688,ES,
2026-07-27,781,7424.5,556,ES,
2026-07-27,782,7420.5,1119,ES,
2026-07-27,783,7420.75,811,ES,
2026-07-27,784,7420.0,796,ES,
2026-07-27,785,7420.0,703,ES,
2026-07-27,786,7421.25,790,ES,
2026-07-27,787,7423.25,848,ES,
2026-07-27,788,7421.5,655,ES,
2026-07-27,789,7421.5,642,ES,
2026-07-27,790,7422.25,940,ES,
2026-07-27,791,7420.25,754,ES,
2026-07-27,792,7424.25,965,ES,
2026-07-27,793,7423.5,770,ES,
2026-07-27,794,7424.25,675,ES,
2026-07-27,795,7425.0,684,ES,
2026-07-27,796,7421.75,581,ES,
2026-07-27,797,7418.5,712,ES,
2026-07-27,798,7417.75,749,ES,
2026-07-27,799,7420.0,811,ES,
2026-07-27,800,7425.0,664,ES,
2026-07-27,801,7423.25,665,ES,
2026-07-27,802,7424.0,505,ES,
2026-07-27,803,7421.0,587,ES,
2026-07-27,804,7421.75,557,ES,
2026-07-27,805,7421.5,398,ES,
2026-07-27,806,7423.0,541,ES,
2026-07-27,807,7422.5,558,ES,
2026-07-27,808,7423.25,489,ES,
2026-07-27,809,7420.0,671,ES,
2026-07-27,810,7421.5,705,ES,
2026-07-27,811,7422.5,696,ES,
2026-07-27,812,7426.75,901,ES,
2026-07-27,813,7429.0,710,ES,
2026-07-27,814,7429.25,683,ES,
2026-07-27,815,7428.75,709,ES,
2026-07-27,816,7426.5,664,ES,
2026-07-27,817,7424.5,642,ES,
2026-07-27,818,7427.75,541,ES,
2026-07-27,819,7424.75,510,ES,
2026-07-27,820,7423.0,590,ES,
2026-07-27,821,7426.25,590,ES,
2026-07-27,822,7423.75,463,ES,
2026-07-27,823,7425.5,539,ES,
2026-07-27,824,7426.0,449,ES,
2026-07-27,825,7424.5,405,ES,
2026-07-27,826,7427.0,764,ES,
2026-07-27,827,7427.0,489,ES,
2026-07-27,828,7425.75,504,ES,
2026-07-27,829,7425.25,470,ES,
2026-07-27,830,7426.75,562,ES,
2026-07-27,831,7426.75,465,ES,
2026-07-27,832,7430.5,650,ES,
2026-07-27,833,7430.5,624,ES,
2026-07-27,834,7433.0,773,ES,
2026-07-27,835,7432.0,1013,ES,
2026-07-27,836,7434.75,639,ES,
2026-07-27,837,7433.0,592,ES,
2026-07-27,838,7434.25,620,ES,
2026-07-27,839,7436.0,1079,ES,
2026-07-27,840,7434.25,841,ES,
2026-07-27,841,7434.75,818,ES,
2026-07-27,842,7433.75,743,ES,
2026-07-27,843,7436.5,664,ES,
2026-07-27,844,7433.75,596,ES,
2026-07-27,845,7436.25,592,ES,
2026-07-27,846,7434.0,639,ES,
2026-07-27,847,7435.5,487,ES,
2026-07-27,848,7434.75,496,ES,
2026-07-27,849,7434.75,521,ES,
2026-07-27,850,7435.0,587,ES,
2026-07-27,851,7434.5,713,ES,
2026-07-27,852,7435.75,694,ES,
2026-07-27,853,7436.5,668,ES,
2026-07-27,854,7435.5,658,ES,
2026-07-27,855,7430.75,1384,ES,
2026-07-27,856,7429.25,750,ES,
2026-07-27,857,7430.5,762,ES,
2026-07-27,858,7431.5,491,ES,
2026-07-27,859,7430.0,571,ES,
2026-07-27,860,7430.0,578,ES,
2026-07-27,861,7430.5,605,ES,
2026-07-27,862,7429.25,445,ES,
2026-07-27,863,7430.0,466,ES,
2026-07-27,864,7433.5,542,ES,
2026-07-27,865,7433.75,607,ES,
2026-07-27,866,7433.75,466,ES,
2026-07-27,867,7433.0,580,ES,
2026-07-27,868,7433.0,500,ES,
2026-07-27,869,7434.25,456,ES,
2026-07-27,870,7430.75,624,ES,
2026-07-27,871,7428.5,650,ES,
2026-07-27,872,7429.75,841,ES,
2026-07-27,873,7429.0,539,ES,
2026-07-27,874,7426.75,763,ES,
2026-07-27,875,7427.75,802,ES,
2026-07-27,876,7427.75,577,ES,
2026-07-27,877,7427.5,665,ES,
2026-07-27,878,7426.0,550,ES,
2026-07-27,879,7425.75,586,ES,
2026-07-27,880,7425.0,765,ES,
2026-07-27,881,7430.0,1837,ES,
2026-07-27,882,7429.5,662,ES,
2026-07-27,883,7432.75,743,ES,
2026-07-27,884,7432.75,552,ES,
2026-07-27,885,7433.25,743,ES,
2026-07-27,886,7433.25,595,ES,
2026-07-27,887,7433.25,478,ES,
2026-07-27,888,7434.5,441,ES,
2026-07-27,889,7431.75,587,ES,
2026-07-27,890,7433.75,787,ES,
2026-07-27,891,7435.75,849,ES,
2026-07-27,892,7441.5,1094,ES,
2026-07-27,893,7444.5,856,ES,
2026-07-27,894,7443.5,966,ES,
2026-07-27,895,7448.75,1366,ES,
2026-07-27,896,7446.25,964,ES,
2026-07-27,897,7446.0,1005,ES,
2026-07-27,898,7447.5,867,ES,
2026-07-27,899,7448.75,804,ES,
2026-07-27,900,7446.5,1009,ES,
2026-07-27,901,7447.75,851,ES,
2026-07-27,902,7446.75,809,ES,
2026-07-27,903,7446.5,670,ES,
2026-07-27,904,7443.75,1014,ES,
2026-07-27,905,7443.75,771,ES,
2026-07-27,906,7448.75,772,ES,
2026-07-27,907,7451.0,807,ES,
2026-07-27,908,7450.25,817,ES,
2026-07-27,909,7451.0,889,ES,
2026-07-27,910,7452.5,910,ES,
2026-07-27,911,7450.25,678,ES,
2026-07-27,912,7448.75,555,ES,
2026-07-27,913,7448.0,529,ES,
2026-07-27,914,7448.75,535,ES,
2026-07-27,915,7449.5,546,ES,
2026-07-27,916,7450.5,654,ES,
2026-07-27,917,7451.25,634,ES,
2026-07-27,918,7451.75,698,ES,
2026-07-27,919,7453.0,847,ES,
2026-07-27,920,7453.75,713,ES,
2026-07-27,921,7452.0,691,ES,
2026-07-27,922,7454.0,633,ES,
2026-07-27,923,7453.5,836,ES,
2026-07-27,924,7454.5,688,ES,
2026-07-27,925,7452.75,684,ES,
2026-07-27,926,7452.75,624,ES,
2026-07-27,927,7454.25,638,ES,
2026-07-27,928,7452.75,430,ES,
2026-07-27,929,7454.75,669,ES,
2026-07-27,930,7454.5,957,ES,
2026-07-27,931,7455.0,902,ES,
2026-07-27,932,7454.5,717,ES,
2026-07-27,933,7456.0,842,ES,
2026-07-27,934,7453.75,628,ES,
2026-07-27,935,7454.0,989,ES,
2026-07-27,936,7452.75,777,ES,
2026-07-27,937,7450.25,1171,ES,
2026-07-27,938,7450.25,769,ES,
2026-07-27,939,7448.25,1273,ES,
2026-07-27,940,7449.75,896,ES,
2026-07-27,941,7448.75,654,ES,
2026-07-27,942,7447.0,773,ES,
2026-07-27,943,7447.75,1048,ES,
2026-07-27,944,7448.25,702,ES,
2026-07-27,945,7447.25,988,ES,
2026-07-27,946,7445.5,804,ES,
2026-07-27,947,7447.5,983,ES,
2026-07-27,948,7446.25,919,ES,
2026-07-27,949,7448.75,966,ES,
2026-07-27,950,7447.75,798,ES,
2026-07-27,951,7445.0,771,ES,
2026-07-27,952,7446.0,829,ES,
2026-07-27,953,7445.5,847,ES,
2026-07-27,954,7446.5,1262,ES,
2026-07-27,955,7447.0,1757,ES,
2026-07-27,956,7449.0,985,ES,
2026-07-27,957,7446.5,1210,ES,
2026-07-27,958,7447.75,1474,ES,
2026-07-27,959,7449.0,7125,ES,
2026-07-28,570,7446.25,2184,ES,
2026-07-28,571,7441.75,1913,ES,
2026-07-28,572,7439.75,1902,ES,
2026-07-28,573,7440.5,1531,ES,
2026-07-28,574,7439.25,930,ES,
2026-07-28,575,7447.75,1324,ES,
2026-07-28,576,7442.25,839,ES,
2026-07-28,577,7440.0,855,ES,
2026-07-28,578,7438.0,792,ES,
2026-07-28,579,7435.75,998,ES,
2026-07-28,580,7438.0,1301,ES,
2026-07-28,581,7435.75,742,ES,
2026-07-28,582,7430.5,1022,ES,
2026-07-28,583,7424.25,1184,ES,
2026-07-28,584,7428.25,1012,ES,
2026-07-28,585,7426.0,1146,ES,
2026-07-28,586,7421.75,1185,ES,
2026-07-28,587,7417.75,1209,ES,
2026-07-28,588,7429.0,1207,ES,
2026-07-28,589,7433.0,1261,ES,
2026-07-28,590,7429.25,1169,ES,
2026-07-28,591,7429.0,1097,ES,
2026-07-28,592,7432.5,948,ES,
2026-07-28,593,7430.75,999,ES,
2026-07-28,594,7428.0,855,ES,
2026-07-28,595,7424.75,923,ES,
2026-07-28,596,7427.75,1025,ES,
2026-07-28,597,7424.5,751,ES,
2026-07-28,598,7421.75,692,ES,
2026-07-28,599,7422.25,916,ES,
2026-07-28,600,7431.75,809,ES,
2026-07-28,601,7428.5,709,ES,
2026-07-28,602,7431.5,681,ES,
2026-07-28,603,7430.5,530,ES,
2026-07-28,604,7429.75,642,ES,
2026-07-28,605,7436.75,904,ES,
2026-07-28,606,7438.0,872,ES,
2026-07-28,607,7432.0,1038,ES,
2026-07-28,608,7431.25,1011,ES,
2026-07-28,609,7427.75,708,ES,
2026-07-28,610,7431.75,962,ES,
2026-07-28,611,7433.75,760,ES,
2026-07-28,612,7425.5,683,ES,
2026-07-28,613,7424.25,740,ES,
2026-07-28,614,7423.25,1118,ES,
2026-07-28,615,7428.25,828,ES,
2026-07-28,616,7423.25,783,ES,
2026-07-28,617,7424.0,1011,ES,
2026-07-28,618,7427.0,773,ES,
2026-07-28,619,7423.5,889,ES,
2026-07-28,620,7423.25,744,ES,
2026-07-28,621,7429.75,790,ES,
2026-07-28,622,7423.5,947,ES,
2026-07-28,623,7433.5,862,ES,
2026-07-28,624,7430.25,887,ES,
2026-07-28,625,7431.5,774,ES,
2026-07-28,626,7431.5,632,ES,
2026-07-28,627,7430.75,721,ES,
2026-07-28,628,7429.75,650,ES,
2026-07-28,629,7434.5,729,ES,
2026-07-28,630,7432.0,852,ES,
2026-07-28,631,7434.25,651,ES,
2026-07-28,632,7433.75,676,ES,
2026-07-28,633,7435.25,600,ES,
2026-07-28,634,7429.5,607,ES,
2026-07-28,635,7436.75,664,ES,
2026-07-28,636,7440.75,984,ES,
2026-07-28,637,7442.0,708,ES,
2026-07-28,638,7434.5,997,ES,
2026-07-28,639,7432.75,963,ES,
2026-07-28,640,7437.25,895,ES,
2026-07-28,641,7441.0,835,ES,
2026-07-28,642,7440.0,617,ES,
2026-07-28,643,7441.75,749,ES,
2026-07-28,644,7439.75,703,ES,
2026-07-28,645,7436.75,1053,ES,
2026-07-28,646,7441.0,980,ES,
2026-07-28,647,7444.5,817,ES,
2026-07-28,648,7449.25,1094,ES,
2026-07-28,649,7450.5,994,ES,
2026-07-28,650,7452.0,872,ES,
2026-07-28,651,7454.5,961,ES,
2026-07-28,652,7450.0,985,ES,
2026-07-28,653,7452.75,857,ES,
2026-07-28,654,7451.75,939,ES,
2026-07-28,655,7453.5,946,ES,
2026-07-28,656,7450.75,942,ES,
2026-07-28,657,7447.5,664,ES,
2026-07-28,658,7445.75,713,ES,
2026-07-28,659,7444.0,637,ES,
2026-07-28,660,7448.75,754,ES,
2026-07-28,661,7447.5,726,ES,
2026-07-28,662,7444.75,732,ES,
2026-07-28,663,7440.5,886,ES,
2026-07-28,664,7439.0,673,ES,
2026-07-28,665,7441.25,689,ES,
2026-07-28,666,7442.5,711,ES,
2026-07-28,667,7441.5,604,ES,
2026-07-28,668,7440.75,717,ES,
2026-07-28,669,7445.25,678,ES,
2026-07-28,670,7445.0,1653,ES,
2026-07-28,671,7446.0,645,ES,
2026-07-28,672,7452.75,996,ES,
2026-07-28,673,7451.75,647,ES,
2026-07-28,674,7451.5,853,ES,
2026-07-28,675,7453.25,914,ES,
2026-07-28,676,7454.25,840,ES,
2026-07-28,677,7456.0,813,ES,
2026-07-28,678,7462.5,1303,ES,
2026-07-28,679,7463.5,1225,ES,
2026-07-28,680,7467.75,1715,ES,
2026-07-28,681,7467.75,1139,ES,
2026-07-28,682,7467.0,1504,ES,
2026-07-28,683,7468.25,819,ES,
2026-07-28,684,7471.25,1195,ES,
2026-07-28,685,7471.5,1112,ES,
2026-07-28,686,7475.25,1595,ES,
2026-07-28,687,7470.75,1108,ES,
2026-07-28,688,7470.0,1166,ES,
2026-07-28,689,7469.25,692,ES,
2026-07-28,690,7468.75,1251,ES,
2026-07-28,691,7469.0,791,ES,
2026-07-28,692,7469.0,802,ES,
2026-07-28,693,7471.5,622,ES,
2026-07-28,694,7470.0,726,ES,
2026-07-28,695,7472.75,665,ES,
2026-07-28,696,7474.0,931,ES,
2026-07-28,697,7475.0,772,ES,
2026-07-28,698,7474.75,722,ES,
2026-07-28,699,7474.0,701,ES,
2026-07-28,700,7473.5,826,ES,
2026-07-28,701,7474.5,606,ES,
2026-07-28,702,7474.25,628,ES,
2026-07-28,703,7476.5,1058,ES,
2026-07-28,704,7478.0,1064,ES,
2026-07-28,705,7478.0,1663,ES,
2026-07-28,706,7480.0,1439,ES,
2026-07-28,707,7480.25,189,ES,
2026-07-29,570,7451.0,2316,ES,
2026-07-29,571,7445.25,1330,ES,
2026-07-29,572,7450.75,1226,ES,
2026-07-29,573,7457.75,1201,ES,
2026-07-29,574,7457.25,1200,ES,
2026-07-29,575,7458.0,1229,ES,
2026-07-29,576,7457.0,920,ES,
2026-07-29,577,7455.0,906,ES,
2026-07-29,578,7449.25,1130,ES,
2026-07-29,579,7455.75,1023,ES,
2026-07-29,580,7456.75,964,ES,
2026-07-29,581,7454.0,835,ES,
2026-07-29,582,7452.5,695,ES,
2026-07-29,583,7450.75,131,ES,
2026-07-29,593,7436.5,11354,ES,
2026-07-29,594,7434.25,1152,ES,
2026-07-29,595,7428.75,1166,ES,
2026-07-29,596,7425.5,1025,ES,
2026-07-29,597,7426.75,1704,ES,
2026-07-29,598,7431.0,980,ES,
2026-07-29,599,7430.0,1182,ES,
2026-07-29,600,7432.0,1538,ES,
2026-07-29,601,7431.25,907,ES,
2026-07-29,602,7434.25,850,ES,
2026-07-29,603,7431.5,1105,ES,
2026-07-29,604,7434.0,948,ES,
2026-07-29,605,7434.75,1056,ES,
2026-07-29,606,7429.25,899,ES,
2026-07-29,607,7426.75,997,ES,
2026-07-29,608,7425.25,975,ES,
2026-07-29,609,7424.0,846,ES,
2026-07-29,610,7423.75,965,ES,
2026-07-29,611,7425.25,911,ES,
2026-07-29,612,7413.75,1188,ES,
2026-07-29,613,7409.5,1453,ES,
2026-07-29,614,7410.0,1531,ES,
2026-07-29,615,7413.0,1185,ES,
2026-07-29,616,7414.5,1345,ES,
2026-07-29,617,7412.0,1347,ES,
2026-07-29,618,7416.5,969,ES,
2026-07-29,619,7414.5,972,ES,
2026-07-29,620,7416.0,826,ES,
2026-07-29,621,7418.0,996,ES,
2026-07-29,622,7418.25,890,ES,
2026-07-29,623,7415.75,1051,ES,
2026-07-29,624,7410.75,951,ES,
2026-07-29,625,7403.75,1181,ES,
2026-07-29,626,7402.5,1776,ES,
2026-07-29,627,7404.25,1285,ES,
2026-07-29,628,7406.25,1402,ES,
2026-07-29,629,7404.75,964,ES,
2026-07-29,630,7408.75,878,ES,
2026-07-29,631,7407.75,914,ES,
2026-07-29,632,7410.5,1260,ES,
2026-07-29,633,7410.5,973,ES,
2026-07-29,634,7409.0,821,ES,
2026-07-29,635,7408.75,918,ES,
2026-07-29,636,7409.0,822,ES,
2026-07-29,637,7407.5,721,ES,
2026-07-29,638,7409.75,808,ES,
2026-07-29,639,7403.75,809,ES,
2026-07-29,640,7398.5,1459,ES,
2026-07-29,641,7399.5,863,ES,
2026-07-29,642,7395.5,833,ES,
2026-07-29,643,7397.25,1621,ES,
2026-07-29,644,7398.0,892,ES,
2026-07-29,645,7398.0,973,ES,
2026-07-29,646,7401.0,919,ES,
2026-07-29,647,7398.5,900,ES,
2026-07-29,648,7396.0,740,ES,
2026-07-29,649,7400.25,927,ES,
2026-07-29,650,7401.25,1044,ES,
2026-07-29,651,7401.5,1134,ES,
2026-07-29,652,7405.5,1321,ES,
2026-07-29,653,7407.0,1260,ES,
2026-07-29,654,7406.25,804,ES,
2026-07-29,655,7401.5,712,ES,
2026-07-29,656,7400.75,1018,ES,
2026-07-29,657,7399.5,760,ES,
2026-07-29,658,7402.5,731,ES,
2026-07-29,659,7403.75,747,ES,
2026-07-29,660,7402.25,991,ES,
2026-07-29,661,7407.25,840,ES,
2026-07-29,662,7408.75,931,ES,
2026-07-29,663,7408.75,948,ES,
2026-07-29,664,7409.25,851,ES,
2026-07-29,665,7405.5,878,ES,
2026-07-29,666,7405.25,778,ES,
2026-07-29,667,7409.25,843,ES,
2026-07-29,668,7408.0,987,ES,
2026-07-29,669,7411.75,1080,ES,
2026-07-29,670,7408.0,766,ES,
2026-07-29,671,7403.75,900,ES,
2026-07-29,672,7405.0,880,ES,
2026-07-29,673,7403.5,788,ES,
2026-07-29,674,7402.25,952,ES,
2026-07-29,675,7406.0,759,ES,
2026-07-29,676,7409.75,850,ES,
2026-07-29,677,7407.75,818,ES,
2026-07-29,678,7408.0,783,ES,
2026-07-29,679,7401.25,724,ES,
2026-07-29,680,7402.5,856,ES,
2026-07-29,681,7403.0,645,ES,
2026-07-29,682,7402.5,761,ES,
2026-07-29,683,7405.25,771,ES,
2026-07-29,684,7406.0,709,ES,
2026-07-29,685,7405.25,757,ES,
2026-07-29,686,7402.0,773,ES,
2026-07-29,687,7400.5,592,ES,
2026-07-29,688,7401.5,770,ES,
2026-07-29,689,7400.0,730,ES,
2026-07-29,690,7401.25,809,ES,
2026-07-29,691,7402.5,626,ES,
2026-07-29,692,7402.75,1010,ES,
2026-07-29,693,7404.0,898,ES,
2026-07-29,694,7401.5,905,ES,
2026-07-29,695,7404.5,773,ES,
2026-07-29,705,7395.0,7789,ES,
2026-07-29,706,7397.0,872,ES,
2026-07-29,707,7398.75,846,ES,
2026-07-29,708,7398.25,805,ES,
2026-07-29,709,7400.0,904,ES,
2026-07-29,710,7399.25,772,ES,
2026-07-29,711,7398.5,799,ES,
2026-07-29,712,7399.5,1071,ES,
2026-07-29,713,7396.5,738,ES,
2026-07-29,714,7390.25,1433,ES,
2026-07-29,715,7388.0,1036,ES,
2026-07-29,716,7389.5,1129,ES,
2026-07-29,717,7389.75,762,ES,
2026-07-29,718,7391.0,718,ES,
2026-07-29,719,7393.0,932,ES,
2026-07-29,720,7389.25,1151,ES,
2026-07-29,721,7387.25,921,ES,
2026-07-29,722,7387.5,590,ES,
2026-07-29,723,7386.75,594,ES,
2026-07-29,724,7383.75,1078,ES,
2026-07-29,725,7380.5,1140,ES,
2026-07-29,726,7380.75,934,ES,
2026-07-29,727,7382.0,906,ES,
2026-07-29,728,7383.0,1055,ES,
2026-07-29,729,7382.75,714,ES,
2026-07-29,730,7382.0,781,ES,
2026-07-29,731,7380.5,707,ES,
2026-07-29,732,7380.5,848,ES,
2026-07-29,733,7380.5,585,ES,
2026-07-29,734,7375.5,899,ES,
2026-07-29,735,7376.0,1249,ES,
2026-07-29,736,7376.0,726,ES,
2026-07-29,737,7377.5,887,ES,
2026-07-29,738,7378.25,944,ES,
2026-07-29,739,7377.75,615,ES,
2026-07-29,740,7380.5,779,ES,
2026-07-29,741,7380.25,889,ES,
2026-07-29,742,7385.0,929,ES,
2026-07-29,743,7388.0,1579,ES,
2026-07-29,744,7388.75,931,ES,
2026-07-29,745,7389.5,868,ES,
2026-07-29,746,7392.0,683,ES,
2026-07-29,747,7391.0,613,ES,
2026-07-29,748,7393.25,691,ES,
2026-07-29,749,7394.0,844,ES,
2026-07-29,750,7397.0,1008,ES,
2026-07-29,751,7395.25,787,ES,
2026-07-29,752,7391.75,591,ES,
2026-07-29,753,7392.75,613,ES,
2026-07-29,754,7389.5,764,ES,
2026-07-29,755,7388.0,694,ES,
2026-07-29,756,7386.0,691,ES,
2026-07-29,757,7389.25,751,ES,
2026-07-29,758,7388.75,535,ES,
2026-07-29,759,7391.5,672,ES,
2026-07-29,760,7392.0,572,ES,
2026-07-29,761,7389.0,531,ES,
2026-07-29,762,7386.5,684,ES,
2026-07-29,763,7385.0,708,ES,
2026-07-29,764,7388.0,847,ES,
2026-07-29,765,7387.25,809,ES,
2026-07-29,766,7387.0,675,ES,
2026-07-29,767,7391.5,618,ES,
2026-07-29,768,7391.0,803,ES,
2026-07-29,769,7394.75,699,ES,
2026-07-29,770,7395.5,755,ES,
2026-07-29,771,7395.25,726,ES,
2026-07-29,772,7399.0,909,ES,
2026-07-29,773,7399.25,882,ES,
2026-07-29,774,7398.5,923,ES,
2026-07-29,775,7398.75,804,ES,
2026-07-29,776,7400.25,774,ES,
2026-07-29,777,7400.5,766,ES,
2026-07-29,778,7400.75,900,ES,
2026-07-29,779,7404.25,601,ES,
2026-07-29,780,7404.25,1127,ES,
2026-07-29,781,7405.75,1022,ES,
2026-07-29,782,7406.0,766,ES,
2026-07-29,783,7411.25,979,ES,
2026-07-29,784,7414.5,1365,ES,
2026-07-29,785,7411.75,1034,ES,
2026-07-29,786,7413.75,868,ES,
2026-07-29,787,7409.75,813,ES,
2026-07-29,788,7410.75,974,ES,
2026-07-29,789,7409.5,1253,ES,
2026-07-29,790,7414.25,918,ES,
2026-07-29,791,7415.25,756,ES,
2026-07-29,792,7417.25,831,ES,
2026-07-29,793,7418.75,950,ES,
2026-07-29,794,7421.5,788,ES,
2026-07-29,795,7419.75,727,ES,
2026-07-29,796,7420.0,795,ES,
2026-07-29,797,7422.0,825,ES,
2026-07-29,798,7422.25,769,ES,
2026-07-29,799,7423.25,760,ES,
2026-07-29,800,7424.0,871,ES,
2026-07-29,801,7428.0,777,ES,
2026-07-29,802,7424.5,688,ES,
2026-07-29,803,7424.75,916,ES,
2026-07-29,804,7419.0,781,ES,
2026-07-29,805,7418.0,998,ES,
2026-07-29,806,7419.75,986,ES,
2026-07-29,807,7418.25,618,ES,
2026-07-29,808,7418.75,833,ES,
2026-07-29,809,7412.75,987,ES,
2026-07-29,810,7409.25,1168,ES,
2026-07-29,811,7413.25,1014,ES,
2026-07-29,812,7416.25,1059,ES,
2026-07-29,813,7418.75,898,ES,
2026-07-29,814,7414.0,803,ES,
2026-07-29,815,7411.0,580,ES,
2026-07-29,816,7409.75,638,ES,
2026-07-29,817,7410.25,700,ES,
2026-07-29,818,7410.75,581,ES,
2026-07-29,819,7412.0,899,ES,
2026-07-29,820,7411.5,712,ES,
2026-07-29,821,7412.5,689,ES,
2026-07-29,822,7410.75,989,ES,
2026-07-29,823,7414.0,546,ES,
2026-07-29,824,7413.25,605,ES,
2026-07-29,825,7410.75,687,ES,
2026-07-29,826,7412.25,714,ES,
2026-07-29,827,7413.0,552,ES,
2026-07-29,828,7415.0,599,ES,
2026-07-29,829,7415.75,506,ES,
2026-07-29,830,7417.0,632,ES,
2026-07-29,831,7418.0,903,ES,
2026-07-29,832,7417.25,681,ES,
2026-07-29,833,7418.25,818,ES,
2026-07-29,834,7417.5,516,ES,
2026-07-29,835,7415.0,1216,ES,
2026-07-29,836,7413.5,705,ES,
2026-07-29,837,7413.75,566,ES,
2026-07-29,838,7414.5,688,ES,
2026-07-29,839,7419.5,523,ES,
2026-07-29,840,7444.25,1558,ES,
2026-07-29,841,7448.0,1581,ES,
2026-07-29,842,7443.5,1221,ES,
2026-07-29,843,7441.25,1103,ES,
2026-07-29,844,7437.25,711,ES,
2026-07-29,845,7439.75,934,ES,
2026-07-29,846,7443.0,804,ES,
2026-07-29,847,7438.5,711,ES,
2026-07-29,848,7437.0,973,ES,
2026-07-29,849,7436.5,825,ES,
2026-07-29,850,7433.5,833,ES,
2026-07-29,851,7437.5,821,ES,
2026-07-29,852,7434.0,648,ES,
2026-07-29,853,7432.25,868,ES,
2026-07-29,854,7429.5,708,ES,
2026-07-29,855,7434.75,735,ES,
2026-07-29,856,7432.75,636,ES,
2026-07-29,857,7430.75,605,ES,
2026-07-29,858,7428.0,487,ES,
2026-07-29,859,7425.5,708,ES,
2026-07-29,860,7423.5,762,ES,
2026-07-29,861,7422.25,623,ES,
2026-07-29,862,7422.25,875,ES,
2026-07-29,863,7418.75,713,ES,
2026-07-29,864,7421.75,818,ES,
2026-07-29,865,7422.25,801,ES,
2026-07-29,866,7423.25,794,ES,
2026-07-29,867,7422.0,627,ES,
2026-07-29,868,7424.75,587,ES,
2026-07-29,869,7428.5,500,ES,
2026-07-29,870,7433.5,636,ES,
2026-07-29,871,7424.75,1093,ES,
2026-07-29,872,7422.75,1300,ES,
2026-07-29,873,7425.25,1142,ES,
2026-07-29,874,7424.0,426,ES,
2026-07-29,875,7421.5,643,ES,
2026-07-29,876,7429.25,531,ES,
2026-07-29,877,7433.5,770,ES,
2026-07-29,878,7440.75,794,ES,
2026-07-29,879,7444.25,874,ES,
2026-07-29,880,7451.25,1006,ES,
2026-07-29,881,7454.0,952,ES,
2026-07-29,882,7454.25,1044,ES,
2026-07-29,883,7459.25,826,ES,
2026-07-29,884,7463.25,1219,ES,
2026-07-29,885,7464.5,852,ES,
2026-07-29,886,7467.0,700,ES,
2026-07-29,887,7472.0,829,ES,
2026-07-29,888,7468.0,828,ES,
2026-07-29,889,7475.0,833,ES,
2026-07-29,890,7474.5,880,ES,
2026-07-29,891,7474.75,1167,ES,
2026-07-29,892,7474.75,733,ES,
2026-07-29,893,7478.75,913,ES,
2026-07-29,894,7481.75,843,ES,
2026-07-29,895,7479.75,1048,ES,
2026-07-29,896,7474.75,1111,ES,
2026-07-29,897,7475.5,864,ES,
2026-07-29,898,7475.25,701,ES,
2026-07-29,899,7475.25,757,ES,
2026-07-29,900,7471.25,1298,ES,
2026-07-29,901,7480.5,960,ES,
2026-07-29,902,7475.0,826,ES,
2026-07-29,903,7467.25,1431,ES,
2026-07-29,904,7461.0,1126,ES,
2026-07-29,905,7454.0,866,ES,
2026-07-29,906,7452.75,1025,ES,
2026-07-29,907,7446.5,923,ES,
2026-07-29,908,7443.5,946,ES,
2026-07-29,909,7439.0,808,ES,
2026-07-29,910,7438.25,1010,ES,
2026-07-29,911,7445.5,920,ES,
2026-07-29,912,7444.0,871,ES,
2026-07-29,913,7443.5,787,ES,
2026-07-29,914,7443.25,697,ES,
2026-07-29,915,7451.0,892,ES,
2026-07-29,916,7443.5,890,ES,
2026-07-29,917,7435.0,974,ES,
2026-07-29,918,7431.5,1062,ES,
2026-07-29,919,7430.0,1008,ES,
2026-07-29,920,7421.5,1229,ES,
2026-07-29,921,7417.25,1842,ES,
2026-07-29,922,7414.25,1297,ES,
2026-07-29,923,7411.0,1265,ES,
2026-07-29,924,7407.5,1212,ES,
2026-07-29,925,7403.0,1362,ES,
2026-07-29,926,7402.0,1373,ES,
2026-07-29,927,7402.75,1403,ES,
2026-07-29,928,7404.5,1152,ES,
2026-07-29,929,7405.5,903,ES,
2026-07-29,930,7408.0,1523,ES,
2026-07-29,931,7406.75,1255,ES,
2026-07-29,932,7399.5,968,ES,
2026-07-29,933,7384.5,1235,ES,
2026-07-29,934,7389.5,1335,ES,
2026-07-29,935,7385.0,1117,ES,
2026-07-29,936,7393.0,1270,ES,
2026-07-29,937,7383.25,928,ES,
2026-07-29,938,7373.25,1040,ES,
2026-07-29,939,7369.5,1769,ES,
2026-07-29,940,7372.25,1658,ES,
2026-07-29,941,7371.25,1851,ES,
2026-07-29,942,7369.75,1188,ES,
2026-07-29,943,7371.0,1282,ES,
2026-07-29,944,7366.5,1142,ES,
2026-07-29,945,7362.25,1437,ES,
2026-07-29,946,7362.0,1197,ES,
2026-07-29,947,7363.0,1278,ES,
2026-07-29,948,7368.5,1118,ES,
2026-07-29,949,7373.0,1162,ES,
2026-07-29,950,7365.5,2396,ES,
2026-07-29,951,7364.0,1043,ES,
2026-07-29,952,7361.5,1370,ES,
2026-07-29,953,7361.25,1075,ES,
2026-07-29,954,7363.5,1293,ES,
2026-07-29,955,7356.0,2116,ES,
2026-07-29,956,7353.25,1058,ES,
2026-07-29,957,7352.0,1610,ES,
2026-07-29,958,7351.0,1544,ES,
2026-07-29,959,7349.75,10549,ES,
2026-07-30,570,7409.25,3270,ES,
2026-07-30,571,7409.0,1299,ES,
2026-07-30,572,7408.5,1121,ES,
2026-07-30,573,7407.0,1411,ES,
2026-07-30,574,7408.5,1461,ES,
2026-07-30,575,7409.75,1717,ES,
2026-07-30,576,7411.25,1199,ES,
2026-07-30,577,7413.75,1224,ES,
2026-07-30,578,7409.0,1425,ES,
2026-07-30,579,7407.0,1185,ES,
2026-07-30,580,7400.75,1180,ES,
2026-07-30,581,7405.25,1064,ES,
2026-07-30,582,7412.25,1021,ES,
2026-07-30,583,7418.25,1120,ES,
2026-07-30,584,7417.5,1391,ES,
2026-07-30,585,7421.75,1336,ES,
2026-07-30,586,7426.25,2132,ES,
2026-07-30,587,7424.75,1263,ES,
2026-07-30,588,7425.0,1103,ES,
2026-07-30,589,7427.5,1065,ES,
2026-07-30,590,7434.75,1730,ES,
2026-07-30,591,7432.25,1204,ES,
2026-07-30,592,7429.5,1160,ES,
2026-07-30,593,7429.75,1136,ES,
2026-07-30,594,7432.25,1164,ES,
2026-07-30,595,7432.75,1138,ES,
2026-07-30,596,7432.0,1133,ES,
2026-07-30,597,7433.0,841,ES,
2026-07-30,598,7434.25,1395,ES,
2026-07-30,599,7439.75,1202,ES,
2026-07-30,600,7440.5,1334,ES,
2026-07-30,601,7440.5,1615,ES,
2026-07-30,602,7440.25,1317,ES,
2026-07-30,603,7437.0,1248,ES,
2026-07-30,604,7439.25,1078,ES,
2026-07-30,605,7439.5,980,ES,
2026-07-30,606,7440.0,1192,ES,
2026-07-30,607,7434.5,1064,ES,
2026-07-30,608,7431.25,1151,ES,
2026-07-30,609,7431.0,1269,ES,
2026-07-30,610,7429.75,1148,ES,
2026-07-30,611,7433.75,1077,ES,
2026-07-30,612,7432.75,889,ES,
2026-07-30,613,7429.75,1077,ES,
2026-07-30,614,7433.0,960,ES,
2026-07-30,615,7434.0,665,ES,
2026-07-30,616,7436.5,1073,ES,
2026-07-30,617,7432.25,1086,ES,
2026-07-30,618,7431.0,1260,ES,
2026-07-30,619,7431.0,948,ES,
2026-07-30,620,7431.75,1207,ES,
2026-07-30,621,7434.75,1299,ES,
2026-07-30,622,7436.5,1193,ES,
2026-07-30,623,7435.0,757,ES,
2026-07-30,624,7432.75,936,ES,
2026-07-30,625,7434.25,933,ES,
2026-07-30,626,7434.75,825,ES,
2026-07-30,627,7440.5,1047,ES,
2026-07-30,628,7443.25,1381,ES,
2026-07-30,629,7439.5,922,ES,
2026-07-30,630,7439.5,1101,ES,
2026-07-30,631,7441.25,949,ES,
2026-07-30,632,7440.5,978,ES,
2026-07-30,633,7438.0,878,ES,
2026-07-30,634,7436.5,992,ES,
2026-07-30,635,7434.0,814,ES,
2026-07-30,636,7441.25,1275,ES,
2026-07-30,637,7441.75,842,ES,
2026-07-30,638,7438.75,1045,ES,
2026-07-30,639,7440.25,1269,ES,
2026-07-30,640,7442.5,867,ES,
2026-07-30,641,7443.5,993,ES,
2026-07-30,642,7438.5,1262,ES,
2026-07-30,643,7434.0,958,ES,
2026-07-30,644,7431.5,975,ES,
2026-07-30,645,7434.0,1062,ES,
2026-07-30,646,7430.0,1065,ES,
2026-07-30,647,7426.5,1360,ES,
2026-07-30,648,7424.5,1044,ES,
2026-07-30,649,7425.25,1087,ES,
2026-07-30,650,7423.5,1008,ES,
2026-07-30,651,7423.0,723,ES,
2026-07-30,652,7419.75,1117,ES,
2026-07-30,653,7417.5,1717,ES,
2026-07-30,654,7415.0,1455,ES,
2026-07-30,655,7414.5,1000,ES,
2026-07-30,656,7411.0,1096,ES,
2026-07-30,657,7413.0,1243,ES,
2026-07-30,658,7415.0,1248,ES,
2026-07-30,659,7415.25,1351,ES,
2026-07-30,660,7407.75,1212,ES,
2026-07-30,661,7407.25,1218,ES,
2026-07-30,662,7412.25,1217,ES,
2026-07-30,663,7417.0,1150,ES,
2026-07-30,664,7415.5,1056,ES,
2026-07-30,665,7414.5,1242,ES,
2026-07-30,666,7411.0,1248,ES,
2026-07-30,667,7408.75,1284,ES,
2026-07-30,668,7412.25,1164,ES,
2026-07-30,669,7420.5,1188,ES,
2026-07-30,670,7412.25,970,ES,
2026-07-30,671,7407.5,1027,ES,
2026-07-30,672,7408.0,1045,ES,
2026-07-30,673,7403.5,1128,ES,
2026-07-30,674,7401.5,1355,ES,
2026-07-30,675,7407.0,1237,ES,
2026-07-30,676,7406.75,927,ES,
2026-07-30,677,7403.5,923,ES,
2026-07-30,678,7406.75,882,ES,
2026-07-30,679,7407.75,906,ES,
2026-07-30,680,7407.5,892,ES,
2026-07-30,681,7412.0,1263,ES,
2026-07-30,682,7411.75,963,ES,
2026-07-30,683,7409.25,1141,ES,
2026-07-30,684,7407.25,1019,ES,
2026-07-30,685,7404.25,1174,ES,
2026-07-30,686,7406.0,1358,ES,
2026-07-30,687,7403.5,1075,ES,
2026-07-30,688,7403.0,1061,ES,
2026-07-30,689,7400.75,858,ES,
2026-07-30,690,7400.75,1033,ES,
2026-07-30,691,7402.75,932,ES,
2026-07-30,692,7404.25,1120,ES,
2026-07-30,693,7405.25,964,ES,
2026-07-30,694,7413.75,1109,ES,
2026-07-30,695,7411.75,1183,ES,
2026-07-30,696,7417.5,809,ES,
2026-07-30,697,7408.75,788,ES,
2026-07-30,698,7409.5,878,ES,
2026-07-30,699,7412.25,998,ES,
2026-07-30,700,7413.75,982,ES,
2026-07-30,701,7415.25,653,ES,
2026-07-30,702,7417.25,785,ES,
2026-07-30,703,7420.25,1176,ES,
2026-07-30,704,7419.25,910,ES,
2026-07-30,705,7421.25,927,ES,
2026-07-30,706,7423.5,771,ES,
2026-07-30,707,7424.25,965,ES,
2026-07-30,708,7422.0,685,ES,
2026-07-30,709,7423.75,746,ES,
2026-07-30,710,7421.5,934,ES,
2026-07-30,711,7424.0,721,ES,
2026-07-30,712,7419.5,658,ES,
2026-07-30,713,7423.25,1299,ES,
2026-07-30,714,7425.0,858,ES,
2026-07-30,715,7428.0,977,ES,
2026-07-30,716,7427.0,1359,ES,
2026-07-30,717,7428.25,878,ES,
2026-07-30,718,7426.75,752,ES,
2026-07-30,719,7424.5,756,ES,
2026-07-30,720,7423.5,936,ES,
2026-07-30,721,7428.0,971,ES,
2026-07-30,722,7430.75,1786,ES,
2026-07-30,723,7431.0,1049,ES,
2026-07-30,724,7436.0,1093,ES,
2026-07-30,725,7434.0,1189,ES,
2026-07-30,726,7433.0,809,ES,
2026-07-30,727,7434.5,779,ES,
2026-07-30,728,7435.25,838,ES,
2026-07-30,729,7435.0,1138,ES,
2026-07-30,730,7437.0,1058,ES,
2026-07-30,731,7439.5,1297,ES,
2026-07-30,732,7441.25,1106,ES,
2026-07-30,733,7442.75,1206,ES,
2026-07-30,734,7441.75,1009,ES,
2026-07-30,735,7441.75,997,ES,
2026-07-30,736,7443.75,1095,ES,
2026-07-30,737,7444.0,1023,ES,
2026-07-30,738,7444.0,1016,ES,
2026-07-30,739,7442.5,1052,ES,
2026-07-30,740,7444.0,1015,ES,
2026-07-30,741,7444.5,1075,ES,
2026-07-30,742,7441.75,953,ES,
2026-07-30,743,7441.25,1521,ES,
2026-07-30,744,7440.0,1176,ES,
2026-07-30,745,7440.0,973,ES,
2026-07-30,746,7440.5,905,ES,
2026-07-30,747,7442.75,976,ES,
2026-07-30,748,7441.5,997,ES,
2026-07-30,749,7441.0,937,ES,
2026-07-30,750,7438.5,1152,ES,
2026-07-30,751,7438.75,777,ES,
2026-07-30,752,7440.5,888,ES,
2026-07-30,753,7440.75,864,ES,
2026-07-30,754,7441.0,1226,ES,
2026-07-30,755,7442.0,1017,ES,
2026-07-30,756,7442.0,912,ES,
2026-07-30,757,7439.75,801,ES,
2026-07-30,758,7439.25,673,ES,
2026-07-30,759,7438.5,641,ES,
2026-07-30,760,7434.75,1169,ES,
2026-07-30,761,7434.25,1040,ES,
2026-07-30,762,7432.25,1058,ES,
2026-07-30,763,7433.5,1302,ES,
2026-07-30,764,7434.25,1043,ES,
2026-07-30,765,7438.0,959,ES,
2026-07-30,766,7439.25,1038,ES,
2026-07-30,767,7438.5,626,ES,
2026-07-30,768,7438.25,587,ES,
2026-07-30,769,7439.25,710,ES,
2026-07-30,770,7437.75,1085,ES,
2026-07-30,771,7442.0,718,ES,
2026-07-30,772,7445.25,1070,ES,
2026-07-30,773,7443.75,936,ES,
2026-07-30,774,7443.5,544,ES,
2026-07-30,775,7444.75,769,ES,
2026-07-30,776,7444.5,689,ES,
2026-07-30,777,7442.75,486,ES,
2026-07-30,778,7444.0,675,ES,
2026-07-30,779,7443.75,517,ES,
2026-07-30,780,7452.0,1836,ES,
2026-07-30,781,7454.25,989,ES,
2026-07-30,782,7452.0,954,ES,
2026-07-30,783,7451.75,768,ES,
2026-07-30,784,7453.5,615,ES,
2026-07-30,785,7453.25,1038,ES,
2026-07-30,786,7453.25,1187,ES,
2026-07-30,787,7451.75,638,ES,
2026-07-30,788,7451.5,645,ES,
2026-07-30,789,7451.75,700,ES,
2026-07-30,790,7452.5,597,ES,
2026-07-30,791,7452.75,742,ES,
2026-07-30,792,7450.75,888,ES,
2026-07-30,793,7451.25,632,ES,
2026-07-30,794,7451.0,592,ES,
2026-07-30,795,7450.5,554,ES,
2026-07-30,796,7454.0,559,ES,
2026-07-30,797,7453.75,628,ES,
2026-07-30,798,7452.5,690,ES,
2026-07-30,799,7456.0,606,ES,
2026-07-30,800,7455.5,661,ES,
2026-07-30,801,7455.0,589,ES,
2026-07-30,802,7452.25,617,ES,
2026-07-30,803,7454.0,466,ES,
2026-07-30,804,7453.75,687,ES,
2026-07-30,805,7452.75,542,ES,
2026-07-30,806,7452.0,385,ES,
2026-07-30,807,7452.75,592,ES,
2026-07-30,808,7451.75,663,ES,
2026-07-30,809,7451.75,1022,ES,
2026-07-30,810,7452.25,849,ES,
2026-07-30,811,7451.75,498,ES,
2026-07-30,812,7450.5,459,ES,
2026-07-30,813,7449.5,612,ES,
2026-07-30,814,7449.25,529,ES,
2026-07-30,815,7451.5,447,ES,
2026-07-30,816,7452.75,574,ES,
2026-07-30,817,7449.5,641,ES,
2026-07-30,818,7448.75,761,ES,
2026-07-30,819,7447.25,657,ES,
2026-07-30,820,7449.75,623,ES,
2026-07-30,821,7451.25,687,ES,
2026-07-30,822,7451.75,810,ES,
2026-07-30,823,7453.5,536,ES,
2026-07-30,824,7453.25,702,ES,
2026-07-30,825,7452.75,1059,ES,
2026-07-30,826,7454.75,804,ES,
2026-07-30,827,7453.5,536,ES,
2026-07-30,828,7454.75,507,ES,
2026-07-30,829,7452.5,615,ES,
2026-07-30,830,7454.75,743,ES,
2026-07-30,831,7456.75,753,ES,
2026-07-30,832,7454.75,579,ES,
2026-07-30,833,7452.5,548,ES,
2026-07-30,834,7452.5,480,ES,
2026-07-30,835,7453.0,628,ES,
2026-07-30,836,7452.75,556,ES,
2026-07-30,837,7453.25,405,ES,
2026-07-30,838,7451.75,502,ES,
2026-07-30,839,7451.5,442,ES,
2026-07-30,840,7454.25,625,ES,
2026-07-30,841,7455.5,460,ES,
2026-07-30,842,7455.75,684,ES,
2026-07-30,843,7453.75,710,ES,
2026-07-30,844,7451.0,489,ES,
2026-07-30,845,7453.0,530,ES,
2026-07-30,846,7454.5,527,ES,
2026-07-30,847,7453.75,414,ES,
2026-07-30,848,7455.25,1011,ES,
2026-07-30,849,7454.75,715,ES,
2026-07-30,850,7454.75,689,ES,
2026-07-30,851,7455.25,620,ES,
2026-07-30,852,7455.0,603,ES,
2026-07-30,853,7454.75,509,ES,
2026-07-30,854,7456.0,580,ES,
2026-07-30,855,7455.25,808,ES,
2026-07-30,856,7455.5,568,ES,
2026-07-30,857,7455.25,522,ES,
2026-07-30,858,7456.5,773,ES,
2026-07-30,859,7455.5,555,ES,
2026-07-30,860,7455.75,614,ES,
2026-07-30,861,7457.0,451,ES,
2026-07-30,862,7457.5,747,ES,
2026-07-30,863,7457.0,549,ES,
2026-07-30,864,7456.75,482,ES,
2026-07-30,865,7456.0,662,ES,
2026-07-30,866,7455.75,772,ES,
2026-07-30,867,7456.5,416,ES,
2026-07-30,868,7457.25,522,ES,
2026-07-30,869,7457.5,476,ES,
2026-07-30,870,7459.0,886,ES,
2026-07-30,871,7457.5,781,ES,
2026-07-30,872,7456.5,505,ES,
2026-07-30,873,7456.75,435,ES,
2026-07-30,874,7457.0,535,ES,
2026-07-30,875,7456.75,677,ES,
2026-07-30,876,7456.5,513,ES,
2026-07-30,877,7455.25,687,ES,
2026-07-30,878,7454.75,707,ES,
2026-07-30,879,7454.75,864,ES,
2026-07-30,880,7456.75,726,ES,
2026-07-30,881,7455.25,734,ES,
2026-07-30,882,7455.0,512,ES,
2026-07-30,883,7455.75,547,ES,
2026-07-30,884,7457.0,549,ES,
2026-07-30,885,7458.0,939,ES,
2026-07-30,886,7458.75,803,ES,
2026-07-30,887,7459.25,567,ES,
2026-07-30,888,7458.0,596,ES,
2026-07-30,889,7459.0,521,ES,
2026-07-30,890,7459.25,843,ES,
2026-07-30,891,7458.75,747,ES,
2026-07-30,892,7459.0,472,ES,
2026-07-30,893,7459.75,556,ES,
2026-07-30,894,7459.0,485,ES,
2026-07-30,895,7459.0,559,ES,
2026-07-30,896,7459.75,666,ES,
2026-07-30,897,7459.5,489,ES,
2026-07-30,898,7459.25,612,ES,
2026-07-30,899,7461.5,979,ES,
2026-07-30,900,7464.0,1181,ES,
2026-07-30,901,7464.75,665,ES,
2026-07-30,902,7465.75,872,ES,
2026-07-30,903,7464.75,698,ES,
2026-07-30,904,7466.25,665,ES,
2026-07-30,905,7467.0,579,ES,
2026-07-30,906,7468.25,687,ES,
2026-07-30,907,7469.5,889,ES,
2026-07-30,908,7470.75,1145,ES,
2026-07-30,909,7471.75,717,ES,
2026-07-30,910,7475.5,1096,ES,
2026-07-30,911,7473.75,718,ES,
2026-07-30,912,7476.25,1403,ES,
2026-07-30,913,7476.0,699,ES,
2026-07-30,914,7474.25,903,ES,
2026-07-30,915,7473.0,832,ES,
2026-07-30,916,7475.75,651,ES,
2026-07-30,917,7476.25,831,ES,
2026-07-30,918,7478.0,881,ES,
2026-07-30,919,7476.75,582,ES,
2026-07-30,920,7476.0,759,ES,
2026-07-30,921,7474.75,831,ES,
2026-07-30,922,7473.5,581,ES,
2026-07-30,923,7475.0,738,ES,
2026-07-30,924,7474.0,585,ES,
2026-07-30,925,7474.25,727,ES,
2026-07-30,926,7475.25,686,ES,
2026-07-30,927,7474.25,603,ES,
2026-07-30,928,7473.5,728,ES,
2026-07-30,929,7471.5,1028,ES,
2026-07-30,930,7473.0,956,ES,
2026-07-30,931,7472.5,781,ES,
2026-07-30,932,7470.5,719,ES,
2026-07-30,933,7471.5,734,ES,
2026-07-30,934,7471.75,887,ES,
2026-07-30,935,7470.25,916,ES,
2026-07-30,936,7468.5,773,ES,
2026-07-30,937,7470.5,705,ES,
2026-07-30,938,7470.75,815,ES,
2026-07-30,939,7471.0,717,ES,
2026-07-30,940,7470.25,847,ES,
2026-07-30,941,7471.5,837,ES,
2026-07-30,942,7470.5,605,ES,
2026-07-30,943,7472.0,814,ES,
2026-07-30,944,7471.75,703,ES,
2026-07-30,945,7471.75,995,ES,
2026-07-30,946,7470.0,1121,ES,
2026-07-30,947,7469.75,1249,ES,
2026-07-30,948,7468.0,914,ES,
2026-07-30,949,7470.0,1224,ES,
2026-07-30,950,7468.5,2019,ES,
2026-07-30,951,7467.5,1072,ES,
2026-07-30,952,7469.0,1322,ES,
2026-07-30,953,7466.0,1310,ES,
2026-07-30,954,7468.5,1318,ES,
2026-07-30,955,7466.25,1429,ES,
2026-07-30,956,7468.5,1692,ES,
2026-07-30,957,7470.5,1299,ES,
2026-07-30,958,7470.0,2296,ES,
2026-07-30,959,7472.5,13439,ES,
2026-07-31,570,7502.0,2587,ES,
2026-07-31,571,7506.75,1190,ES,
2026-07-31,572,7510.75,1003,ES,
2026-07-31,573,7510.0,1281,ES,
2026-07-31,574,7512.0,1399,ES,
2026-07-31,575,7512.5,1406,ES,
2026-07-31,576,7512.0,1273,ES,
2026-07-31,577,7508.5,1117,ES,
2026-07-31,578,7504.25,1287,ES,
2026-07-31,579,7493.0,1328,ES,
2026-07-31,580,7488.0,1678,ES,
2026-07-31,581,7488.75,793,ES,
2026-07-31,582,7485.25,995,ES,
2026-07-31,583,7487.25,1267,ES,
2026-07-31,584,7482.75,919,ES,
2026-07-31,585,7481.25,1351,ES,
2026-07-31,586,7480.25,1395,ES,
2026-07-31,587,7478.0,1151,ES,
2026-07-31,588,7476.5,1182,ES,
2026-07-31,589,7474.25,1394,ES,
2026-07-31,590,7471.75,1582,ES,
2026-07-31,591,7477.5,1310,ES,
2026-07-31,592,7471.5,1212,ES,
2026-07-31,593,7471.25,1631,ES,
2026-07-31,594,7471.5,1281,ES,
2026-07-31,595,7474.0,1033,ES,
2026-07-31,596,7479.5,1354,ES,
2026-07-31,597,7474.75,1238,ES,
2026-07-31,598,7470.25,771,ES,
2026-07-31,599,7470.75,603,ES,
2026-07-31,600,7469.5,968,ES,
2026-07-31,601,7466.5,1127,ES,
2026-07-31,602,7462.0,1239,ES,
2026-07-31,603,7460.75,1426,ES,
2026-07-31,604,7454.5,1277,ES,
2026-07-31,605,7456.5,1391,ES,
2026-07-31,606,7450.0,1477,ES,
2026-07-31,607,7445.25,1390,ES,
2026-07-31,608,7440.0,2037,ES,
2026-07-31,609,7442.5,2143,ES,
2026-07-31,610,7435.75,1769,ES,
2026-07-31,611,7440.0,1568,ES,
2026-07-31,612,7434.25,1656,ES,
2026-07-31,613,7433.25,1209,ES,
2026-07-31,614,7435.75,1612,ES,
2026-07-31,615,7434.0,1526,ES,
2026-07-31,616,7432.0,1372,ES,
2026-07-31,617,7436.25,1431,ES,
2026-07-31,618,7444.5,1557,ES,
2026-07-31,619,7437.0,1690,ES,
2026-07-31,620,7443.5,1461,ES,
2026-07-31,621,7444.25,1365,ES,
2026-07-31,622,7451.0,1216,ES,
2026-07-31,623,7450.25,1379,ES,
2026-07-31,624,7446.0,1126,ES,
2026-07-31,625,7447.75,1166,ES,
2026-07-31,626,7448.75,1017,ES,
2026-07-31,627,7452.5,976,ES,
2026-07-31,628,7455.75,1355,ES,
2026-07-31,629,7455.75,902,ES,
2026-07-31,630,7454.25,895,ES,
2026-07-31,631,7458.25,1148,ES,
2026-07-31,632,7459.75,978,ES,
2026-07-31,633,7457.0,997,ES,
2026-07-31,634,7456.0,1070,ES,
2026-07-31,635,7463.0,915,ES,
2026-07-31,636,7463.0,804,ES,
2026-07-31,637,7463.5,943,ES,
2026-07-31,638,7462.0,927,ES,
2026-07-31,639,7463.75,745,ES,
2026-07-31,640,7466.75,937,ES,
2026-07-31,641,7462.25,1133,ES,
2026-07-31,642,7461.0,1104,ES,
2026-07-31,643,7465.25,884,ES,
2026-07-31,644,7467.5,924,ES,
2026-07-31,645,7467.25,1329,ES,
2026-07-31,646,7470.0,983,ES,
2026-07-31,647,7469.75,996,ES,
2026-07-31,648,7473.5,853,ES,
2026-07-31,649,7475.75,1241,ES,
2026-07-31,650,7475.75,1110,ES,
2026-07-31,651,7478.5,1010,ES,
2026-07-31,652,7479.0,1070,ES,
2026-07-31,653,7480.0,1071,ES,
2026-07-31,654,7473.5,995,ES,
2026-07-31,655,7470.0,1028,ES,
2026-07-31,656,7476.0,1441,ES,
2026-07-31,657,7475.5,914,ES,
2026-07-31,658,7478.0,1104,ES,
2026-07-31,659,7477.0,764,ES,
2026-07-31,660,7473.25,721,ES,
2026-07-31,661,7473.0,1177,ES,
2026-07-31,662,7474.0,790,ES,
2026-07-31,663,7471.25,798,ES,
2026-07-31,664,7476.75,970,ES,
2026-07-31,665,7475.5,927,ES,
2026-07-31,666,7473.75,770,ES,
2026-07-31,667,7473.25,1071,ES,
2026-07-31,668,7470.25,900,ES,
2026-07-31,669,7470.0,818,ES,
2026-07-31,670,7470.0,943,ES,
2026-07-31,671,7465.25,930,ES,
2026-07-31,672,7470.25,1258,ES,
2026-07-31,673,7473.5,790,ES,
2026-07-31,674,7473.25,910,ES,
2026-07-31,675,7476.25,1842,ES,
2026-07-31,676,7471.0,1355,ES,
2026-07-31,677,7468.5,659,ES,
2026-07-31,678,7470.0,666,ES,
2026-07-31,679,7471.0,684,ES,
2026-07-31,680,7468.75,555,ES,
2026-07-31,681,7466.5,599,ES,
2026-07-31,682,7465.25,730,ES,
2026-07-31,683,7465.25,576,ES,
2026-07-31,684,7462.0,844,ES,
2026-07-31,685,7459.75,822,ES,
2026-07-31,686,7455.0,1140,ES,
2026-07-31,687,7453.5,848,ES,
2026-07-31,688,7456.75,853,ES,
2026-07-31,689,7454.5,995,ES,
2026-07-31,690,7453.5,1030,ES,
2026-07-31,691,7454.75,1051,ES,
2026-07-31,692,7455.25,952,ES,
2026-07-31,693,7454.75,1096,ES,
2026-07-31,694,7459.0,1339,ES,
2026-07-31,695,7462.0,1304,ES,
2026-07-31,696,7466.0,565,ES,
2026-07-31,697,7469.0,212,ES,
2026-07-31,698,7473.5,411,ES,
2026-07-31,699,7472.0,344,ES,
2026-07-31,700,7472.0,427,ES,
2026-07-31,701,7464.0,615,ES,
2026-07-31,702,7463.5,444,ES,
2026-07-31,703,7466.75,499,ES,
2026-07-31,704,7470.0,228,ES,
2026-07-31,705,7469.0,420,ES,
2026-07-31,706,7468.0,858,ES,
2026-07-31,707,7464.75,989,ES,
2026-07-31,708,7467.5,755,ES,
2026-07-31,709,7466.0,809,ES,
2026-07-31,710,7471.25,918,ES,
2026-07-31,711,7476.5,1757,ES,
2026-07-31,712,7479.0,974,ES,
2026-07-31,713,7476.75,537,ES,
2026-07-31,714,7479.5,886,ES,
2026-07-31,715,7478.25,747,ES,
2026-07-31,716,7479.25,585,ES,
2026-07-31,717,7481.75,561,ES,
2026-07-31,718,7481.75,1097,ES,
2026-07-31,719,7482.5,975,ES,
2026-07-31,720,7485.25,772,ES,
2026-07-31,721,7483.75,1119,ES,
2026-07-31,722,7482.75,592,ES,
2026-07-31,723,7483.25,744,ES,
2026-07-31,724,7483.75,673,ES,
2026-07-31,725,7481.0,737,ES,
2026-07-31,726,7479.75,925,ES,
2026-07-31,727,7478.0,885,ES,
2026-07-31,728,7481.75,641,ES,
2026-07-31,729,7481.75,639,ES,
2026-07-31,730,7483.25,507,ES,
2026-07-31,731,7486.25,738,ES,
2026-07-31,732,7485.0,814,ES,
2026-07-31,733,7487.5,597,ES,
2026-07-31,734,7486.75,645,ES,
2026-07-31,735,7480.25,800,ES,
2026-07-31,736,7483.0,645,ES,
2026-07-31,737,7484.5,587,ES,
2026-07-31,738,7485.0,651,ES,
2026-07-31,739,7484.5,639,ES,
2026-07-31,740,7488.0,787,ES,
2026-07-31,741,7488.75,650,ES,
2026-07-31,742,7490.0,822,ES,
2026-07-31,743,7491.75,737,ES,
2026-07-31,744,7494.5,899,ES,
2026-07-31,745,7491.25,852,ES,
2026-07-31,746,7491.75,958,ES,
2026-07-31,747,7490.25,757,ES,
2026-07-31,748,7493.0,705,ES,
2026-07-31,749,7496.0,611,ES,
2026-07-31,750,7495.5,1293,ES,
2026-07-31,751,7499.25,860,ES,
2026-07-31,752,7498.0,695,ES,
2026-07-31,753,7499.5,660,ES,
2026-07-31,754,7499.5,629,ES,
2026-07-31,755,7500.5,877,ES,
2026-07-31,756,7496.75,884,ES,
2026-07-31,757,7497.5,765,ES,
2026-07-31,758,7495.75,961,ES,
2026-07-31,759,7497.0,765,ES,
2026-07-31,760,7498.5,716,ES,
2026-07-31,761,7494.0,760,ES,
2026-07-31,762,7495.25,996,ES,
2026-07-31,763,7494.0,648,ES,
2026-07-31,764,7493.5,886,ES,
2026-07-31,765,7494.0,933,ES,
2026-07-31,766,7497.5,761,ES,
2026-07-31,767,7496.75,551,ES,
2026-07-31,768,7496.5,1007,ES,
2026-07-31,769,7497.0,831,ES,
2026-07-31,770,7498.25,799,ES,
2026-07-31,771,7499.5,935,ES,
2026-07-31,772,7499.0,670,ES,
2026-07-31,773,7499.75,727,ES,
2026-07-31,774,7497.5,777,ES,
2026-07-31,775,7498.25,811,ES,
2026-07-31,776,7498.25,597,ES,
2026-07-31,777,7500.0,514,ES,
2026-07-31,778,7499.25,689,ES,
2026-07-31,779,7497.5,788,ES,
2026-07-31,780,7500.0,877,ES,
2026-07-31,781,7503.25,1088,ES,
2026-07-31,782,7503.0,931,ES,
2026-07-31,783,7504.0,763,ES,
2026-07-31,784,7502.25,751,ES,
2026-07-31,785,7503.25,821,ES,
2026-07-31,786,7500.5,1126,ES,
2026-07-31,787,7497.5,828,ES,
2026-07-31,788,7499.0,766,ES,
2026-07-31,789,7499.75,616,ES,
2026-07-31,790,7500.75,815,ES,
2026-07-31,791,7503.5,633,ES,
2026-07-31,792,7503.5,629,ES,
2026-07-31,793,7503.5,469,ES,
2026-07-31,794,7504.0,781,ES,
2026-07-31,795,7505.5,1057,ES,
2026-07-31,796,7505.0,727,ES,
2026-07-31,797,7503.5,667,ES,
2026-07-31,798,7504.25,585,ES,
2026-07-31,799,7506.25,537,ES,
2026-07-31,800,7507.25,610,ES,
2026-07-31,801,7505.5,637,ES,
2026-07-31,802,7505.75,856,ES,
2026-07-31,803,7508.25,549,ES,
2026-07-31,804,7512.25,1574,ES,
2026-07-31,805,7512.5,1018,ES,
2026-07-31,806,7513.25,983,ES,
2026-07-31,807,7512.25,1229,ES,
2026-07-31,808,7513.5,978,ES,
2026-07-31,809,7514.75,794,ES,
2026-07-31,810,7513.75,828,ES,
2026-07-31,811,7513.75,990,ES,
2026-07-31,812,7513.5,665,ES,
2026-07-31,813,7516.0,869,ES,
2026-07-31,814,7515.5,913,ES,
2026-07-31,815,7515.75,808,ES,
2026-07-31,816,7515.0,905,ES,
2026-07-31,817,7516.0,638,ES,
2026-07-31,818,7512.25,1101,ES,
2026-07-31,819,7509.5,1105,ES,
2026-07-31,820,7510.75,1089,ES,
2026-07-31,821,7510.0,756,ES,
2026-07-31,822,7508.5,1174,ES,
2026-07-31,823,7510.0,555,ES,
2026-07-31,824,7510.0,654,ES,
2026-07-31,825,7509.5,859,ES,
2026-07-31,826,7511.5,621,ES,
2026-07-31,827,7506.5,852,ES,
2026-07-31,828,7505.75,1019,ES,
2026-07-31,829,7504.5,708,ES,
2026-07-31,830,7505.5,814,ES,
2026-07-31,831,7507.25,618,ES,
2026-07-31,832,7507.5,838,ES,
2026-07-31,833,7506.5,520,ES,
2026-07-31,834,7507.25,613,ES,
2026-07-31,835,7507.5,639,ES,
2026-07-31,836,7508.25,552,ES,
2026-07-31,837,7508.75,634,ES,
2026-07-31,838,7508.0,539,ES,
2026-07-31,839,7506.0,583,ES,
2026-07-31,840,7509.0,1251,ES,
2026-07-31,841,7510.5,631,ES,
2026-07-31,842,7509.75,738,ES,
2026-07-31,843,7508.75,731,ES,
2026-07-31,844,7508.0,632,ES,
2026-07-31,845,7507.75,651,ES,
2026-07-31,846,7511.0,853,ES,
2026-07-31,847,7510.25,653,ES,
2026-07-31,848,7510.75,627,ES,
2026-07-31,849,7510.5,470,ES,
2026-07-31,850,7510.0,608,ES,
2026-07-31,851,7507.75,784,ES,
2026-07-31,852,7507.0,782,ES,
2026-07-31,853,7508.5,686,ES,
2026-07-31,854,7508.5,651,ES,
2026-07-31,855,7509.75,767,ES,
2026-07-31,856,7510.75,768,ES,
2026-07-31,857,7511.5,586,ES,
2026-07-31,858,7513.5,799,ES,
2026-07-31,859,7512.5,599,ES,
2026-07-31,860,7513.5,871,ES,
2026-07-31,861,7514.25,544,ES,
2026-07-31,862,7514.5,602,ES,
2026-07-31,863,7514.5,584,ES,
2026-07-31,864,7515.25,775,ES,
2026-07-31,865,7512.75,912,ES,
2026-07-31,866,7511.75,755,ES,
2026-07-31,867,7512.0,621,ES,
2026-07-31,868,7512.0,550,ES,
2026-07-31,869,7512.0,693,ES,
2026-07-31,870,7514.0,575,ES,
2026-07-31,871,7514.0,571,ES,
2026-07-31,872,7514.0,803,ES,
2026-07-31,873,7512.5,432,ES,
2026-07-31,874,7512.5,469,ES,
2026-07-31,875,7511.25,1439,ES,
2026-07-31,876,7511.25,433,ES,
2026-07-31,877,7510.5,498,ES,
2026-07-31,878,7510.75,589,ES,
2026-07-31,879,7509.75,487,ES,
2026-07-31,880,7510.0,729,ES,
2026-07-31,881,7510.75,597,ES,
2026-07-31,882,7513.0,737,ES,
2026-07-31,883,7512.5,495,ES,
2026-07-31,884,7512.0,571,ES,
2026-07-31,885,7513.5,695,ES,
2026-07-31,886,7511.25,566,ES,
2026-07-31,887,7512.5,564,ES,
2026-07-31,888,7513.5,450,ES,
2026-07-31,889,7514.5,542,ES,
2026-07-31,890,7516.25,778,ES,
2026-07-31,891,7515.5,663,ES,
2026-07-31,892,7514.5,586,ES,
2026-07-31,893,7514.75,454,ES,
2026-07-31,894,7513.75,505,ES,
2026-07-31,895,7512.0,587,ES,
2026-07-31,896,7513.0,778,ES,
2026-07-31,897,7512.0,767,ES,
2026-07-31,898,7512.5,534,ES,
2026-07-31,899,7513.0,770,ES,
2026-07-31,900,7515.5,1124,ES,
2026-07-31,901,7514.0,832,ES,
2026-07-31,902,7513.25,806,ES,
2026-07-31,903,7511.75,805,ES,
2026-07-31,904,7510.5,684,ES,
2026-07-31,905,7511.75,1209,ES,
2026-07-31,906,7510.75,540,ES,
2026-07-31,907,7511.75,693,ES,
2026-07-31,908,7513.25,714,ES,
2026-07-31,909,7513.25,707,ES,
2026-07-31,910,7514.75,943,ES,
2026-07-31,911,7513.75,560,ES,
2026-07-31,912,7516.25,848,ES,
2026-07-31,913,7515.75,862,ES,
2026-07-31,914,7514.75,634,ES,
2026-07-31,915,7516.5,744,ES,
2026-07-31,916,7517.5,877,ES,
2026-07-31,917,7521.75,1147,ES,
2026-07-31,918,7524.0,1640,ES,
2026-07-31,919,7526.5,1189,ES,
2026-07-31,920,7527.25,1147,ES,
2026-07-31,921,7528.75,1320,ES,
2026-07-31,922,7529.0,1371,ES,
2026-07-31,923,7527.75,1383,ES,
2026-07-31,924,7526.25,1206,ES,
2026-07-31,925,7526.75,974,ES,
2026-07-31,926,7526.5,1042,ES,
2026-07-31,927,7527.25,940,ES,
2026-07-31,928,7526.75,955,ES,
2026-07-31,929,7526.75,939,ES,
2026-07-31,930,7522.5,1745,ES,
2026-07-31,931,7521.75,896,ES,
2026-07-31,932,7522.5,1165,ES,
2026-07-31,933,7521.75,1077,ES,
2026-07-31,934,7523.25,840,ES,
2026-07-31,935,7525.5,1146,ES,
2026-07-31,936,7527.0,954,ES,
2026-07-31,937,7526.75,928,ES,
2026-07-31,938,7526.75,1229,ES,
2026-07-31,939,7527.0,938,ES,
2026-07-31,940,7526.0,1117,ES,
2026-07-31,941,7525.0,1340,ES,
2026-07-31,942,7527.0,1017,ES,
2026-07-31,943,7531.25,1339,ES,
2026-07-31,944,7532.75,1484,ES,
2026-07-31,945,7533.25,1239,ES,
2026-07-31,946,7536.0,1197,ES,
2026-07-31,947,7533.0,1228,ES,
2026-07-31,948,7533.75,929,ES,
2026-07-31,949,7537.0,1145,ES,
2026-07-31,950,7535.5,2580,ES,
2026-07-31,951,7532.75,1354,ES,
2026-07-31,952,7535.5,1148,ES,
2026-07-31,953,7539.0,1248,ES,
2026-07-31,954,7537.75,1556,ES,
2026-07-31,955,7533.5,2158,ES,
2026-07-31,956,7533.75,1711,ES,
2026-07-31,957,7532.0,1924,ES,
2026-07-31,958,7533.5,2274,ES,
2026-07-31,959,7519.75,12078,ES,
2026-08-03,570,7549.25,2812,ES,
2026-08-03,571,7551.0,1379,ES,
2026-08-03,572,7553.75,1718,ES,
2026-08-03,573,7558.75,1364,ES,
2026-08-03,574,7559.25,1337,ES,
2026-08-03,575,7564.0,1385,ES,
2026-08-03,576,7568.75,1295,ES,
2026-08-03,577,7567.5,1579,ES,
2026-08-03,578,7567.5,1123,ES,
2026-08-03,579,7568.75,1165,ES,
2026-08-03,580,7567.5,1600,ES,
2026-08-03,581,7567.25,1281,ES,
2026-08-03,582,7562.5,911,ES,
2026-08-03,583,7562.75,980,ES,
2026-08-03,584,7567.25,891,ES,
2026-08-03,585,7567.5,911,ES,
2026-08-03,586,7565.5,793,ES,
2026-08-03,587,7571.5,1069,ES,
2026-08-03,588,7570.0,1698,ES,
2026-08-03,589,7571.0,1088,ES,
2026-08-03,590,7570.5,1295,ES,
2026-08-03,591,7576.75,1321,ES,
2026-08-03,592,7577.25,1088,ES,
2026-08-03,593,7581.0,1160,ES,
2026-08-03,594,7579.5,1104,ES,
2026-08-03,595,7582.5,1152,ES,
2026-08-03,596,7582.25,1015,ES,
2026-08-03,597,7584.25,1244,ES,
2026-08-03,598,7585.75,1706,ES,
2026-08-03,599,7588.0,1168,ES,
2026-08-03,600,7585.75,1411,ES,
2026-08-03,601,7585.5,1304,ES,
2026-08-03,602,7589.25,2019,ES,
2026-08-03,603,7587.75,1396,ES,
2026-08-03,604,7585.75,1117,ES,
2026-08-03,605,7586.75,965,ES,
2026-08-03,606,7587.25,1314,ES,
2026-08-03,607,7585.0,1086,ES,
2026-08-03,608,7586.5,901,ES,
2026-08-03,609,7587.5,978,ES,
2026-08-03,610,7590.25,1306,ES,
2026-08-03,611,7590.75,982,ES,
2026-08-03,612,7591.25,871,ES,
2026-08-03,613,7589.5,1139,ES,
2026-08-03,614,7591.0,1356,ES,
2026-08-03,615,7592.25,1018,ES,
2026-08-03,616,7595.25,1501,ES,
2026-08-03,617,7595.75,1140,ES,
2026-08-03,618,7596.75,1279,ES,
2026-08-03,619,7593.75,1477,ES,
2026-08-03,620,7595.5,990,ES,
2026-08-03,621,7597.0,975,ES,
2026-08-03,622,7596.5,1037,ES,
2026-08-03,623,7598.25,862,ES,
2026-08-03,624,7598.25,1058,ES,
2026-08-03,625,7598.0,1372,ES,
2026-08-03,626,7598.0,879,ES,
2026-08-03,627,7597.25,897,ES,
2026-08-03,628,7597.0,1010,ES,
2026-08-03,629,7597.25,922,ES,
2026-08-03,630,7596.75,1362,ES,
2026-08-03,631,7596.5,1182,ES,
2026-08-03,632,7596.25,751,ES,
2026-08-03,633,7596.0,778,ES,
2026-08-03,634,7597.25,815,ES,
2026-08-03,635,7597.5,800,ES,
2026-08-03,636,7599.0,875,ES,
2026-08-03,637,7599.25,835,ES,
2026-08-03,638,7599.0,1094,ES,
2026-08-03,639,7600.0,958,ES,
2026-08-03,640,7602.5,1279,ES,
2026-08-03,641,7602.0,1217,ES,
2026-08-03,642,7601.75,886,ES,
2026-08-03,643,7602.0,888,ES,
2026-08-03,644,7600.5,997,ES,
2026-08-03,645,7599.25,756,ES,
2026-08-03,646,7600.5,1138,ES,
2026-08-03,647,7600.75,977,ES,
2026-08-03,648,7600.5,858,ES,
2026-08-03,649,7600.75,1230,ES,
2026-08-03,650,7601.5,1357,ES,
2026-08-03,651,7602.75,1103,ES,
2026-08-03,652,7601.5,695,ES,
2026-08-03,653,7602.75,1873,ES,
2026-08-03,654,7601.0,835,ES,
2026-08-03,655,7602.75,1060,ES,
2026-08-03,656,7604.75,1085,ES,
2026-08-03,657,7604.25,1014,ES,
2026-08-03,658,7605.25,987,ES,
2026-08-03,659,7606.0,974,ES,
2026-08-03,660,7605.0,1136,ES,
2026-08-03,661,7605.25,883,ES,
2026-08-03,662,7605.0,726,ES,
2026-08-03,663,7604.5,1076,ES,
2026-08-03,664,7604.5,719,ES,
2026-08-03,665,7602.0,757,ES,
2026-08-03,666,7602.0,1193,ES,
2026-08-03,667,7602.75,1122,ES,
2026-08-03,668,7601.75,935,ES,
2026-08-03,669,7601.25,905,ES,
2026-08-03,670,7601.0,1107,ES,
2026-08-03,671,7601.75,965,ES,
2026-08-03,672,7603.0,1230,ES,
2026-08-03,673,7602.5,737,ES,
2026-08-03,674,7602.5,641,ES,
2026-08-03,675,7604.25,770,ES,
2026-08-03,676,7604.5,944,ES,
2026-08-03,677,7604.0,791,ES,
2026-08-03,678,7605.0,653,ES,
2026-08-03,679,7606.0,889,ES,
2026-08-03,680,7607.75,1065,ES,
2026-08-03,681,7606.25,1021,ES,
2026-08-03,682,7608.0,764,ES,
2026-08-03,683,7608.0,888,ES,
2026-08-03,684,7607.75,538,ES,
2026-08-03,685,7606.0,1446,ES,
2026-08-03,686,7606.25,1124,ES,
2026-08-03,687,7606.0,963,ES,
2026-08-03,688,7603.5,1276,ES,
2026-08-03,689,7603.25,1279,ES,
2026-08-03,690,7604.5,1147,ES,
2026-08-03,691,7604.5,806,ES,
2026-08-03,692,7604.5,799,ES,
2026-08-03,693,7606.25,816,ES,
2026-08-03,694,7604.75,825,ES,
2026-08-03,695,7605.5,908,ES,
2026-08-03,696,7605.25,1112,ES,
2026-08-03,697,7605.75,985,ES,
2026-08-03,698,7607.0,734,ES,
2026-08-03,699,7607.25,583,ES,
2026-08-03,700,7608.75,779,ES,
2026-08-03,701,7609.5,785,ES,
2026-08-03,702,7609.0,834,ES,
2026-08-03,703,7608.0,583,ES,
2026-08-03,704,7608.5,596,ES,
2026-08-03,705,7611.0,1341,ES,
2026-08-03,706,7611.5,1254,ES,
2026-08-03,707,7611.5,745,ES,
2026-08-03,708,7611.0,867,ES,
2026-08-03,709,7612.5,931,ES,
2026-08-03,710,7612.25,1270,ES,
2026-08-03,711,7612.5,924,ES,
2026-08-03,712,7612.25,829,ES,
2026-08-03,713,7613.75,1063,ES,
2026-08-03,714,7613.75,627,ES,
2026-08-03,715,7612.25,1052,ES,
2026-08-03,716,7611.5,1338,ES,
2026-08-03,717,7610.75,1085,ES,
2026-08-03,718,7611.5,814,ES,
2026-08-03,719,7611.25,714,ES,
2026-08-03,720,7612.0,919,ES,
2026-08-03,721,7612.5,544,ES,
2026-08-03,722,7612.25,719,ES,
2026-08-03,723,7612.25,880,ES,
2026-08-03,724,7611.5,884,ES,
2026-08-03,725,7611.75,398,ES,
2026-08-03,726,7611.25,702,ES,
2026-08-03,727,7611.25,1043,ES,
2026-08-03,728,7610.25,944,ES,
2026-08-03,729,7611.75,731,ES,
2026-08-03,730,7610.25,744,ES,
2026-08-03,731,7609.5,1025,ES,
2026-08-03,732,7610.75,1060,ES,
2026-08-03,733,7610.25,657,ES,
2026-08-03,734,7611.5,711,ES,
2026-08-03,735,7612.75,817,ES,
2026-08-03,736,7613.5,798,ES,
2026-08-03,737,7614.25,647,ES,
2026-08-03,738,7613.75,659,ES,
2026-08-03,739,7614.25,712,ES,
2026-08-03,740,7612.25,700,ES,
2026-08-03,741,7613.25,1029,ES,
2026-08-03,742,7614.0,627,ES,
2026-08-03,743,7613.75,544,ES,
2026-08-03,744,7614.25,524,ES,
2026-08-03,745,7614.25,763,ES,
2026-08-03,746,7614.25,704,ES,
2026-08-03,747,7615.75,820,ES,
2026-08-03,748,7616.25,899,ES,
2026-08-03,749,7617.0,562,ES,
2026-08-03,750,7616.5,1050,ES,
2026-08-03,751,7616.0,714,ES,
2026-08-03,752,7616.25,1007,ES,
2026-08-03,753,7616.0,797,ES,
2026-08-03,754,7616.0,650,ES,
2026-08-03,755,7615.0,908,ES,
2026-08-03,756,7615.0,627,ES,
2026-08-03,757,7615.25,483,ES,
2026-08-03,758,7615.5,716,ES,
2026-08-03,759,7614.5,520,ES,
2026-08-03,760,7615.25,755,ES,
2026-08-03,761,7614.75,639,ES,
2026-08-03,762,7614.0,628,ES,
2026-08-03,763,7615.5,691,ES,
2026-08-03,764,7616.0,663,ES,
2026-08-03,765,7615.5,796,ES,
2026-08-03,766,7616.0,469,ES,
2026-08-03,767,7615.0,537,ES,
2026-08-03,768,7614.75,352,ES,
2026-08-03,769,7614.75,486,ES,
2026-08-03,770,7615.25,767,ES,
2026-08-03,771,7613.0,768,ES,
2026-08-03,772,7612.25,914,ES,
2026-08-03,773,7613.5,750,ES,
2026-08-03,774,7612.0,743,ES,
2026-08-03,775,7612.25,1101,ES,
2026-08-03,776,7613.25,519,ES,
2026-08-03,777,7614.75,698,ES,
2026-08-03,778,7613.75,636,ES,
2026-08-03,779,7613.75,720,ES,
2026-08-03,780,7612.5,896,ES,
2026-08-03,781,7613.5,732,ES,
2026-08-03,782,7613.25,736,ES,
2026-08-03,783,7612.5,725,ES,
2026-08-03,784,7613.75,619,ES,
2026-08-03,785,7613.0,710,ES,
2026-08-03,786,7612.0,912,ES,
2026-08-03,787,7612.0,676,ES,
2026-08-03,788,7612.5,401,ES,
2026-08-03,789,7613.75,684,ES,
2026-08-03,790,7616.0,885,ES,
2026-08-03,791,7616.75,1077,ES,
2026-08-03,792,7616.75,757,ES,
2026-08-03,793,7617.0,455,ES,
2026-08-03,794,7616.75,457,ES,
2026-08-03,795,7617.0,900,ES,
2026-08-03,796,7617.5,464,ES,
2026-08-03,797,7618.0,709,ES,
2026-08-03,798,7618.5,794,ES,
2026-08-03,799,7619.5,554,ES,
2026-08-03,800,7618.5,833,ES,
2026-08-03,801,7619.75,901,ES,
2026-08-03,802,7621.25,851,ES,
2026-08-03,803,7621.0,768,ES,
2026-08-03,804,7621.5,1069,ES,
2026-08-03,805,7620.75,698,ES,
2026-08-03,806,7621.5,564,ES,
2026-08-03,807,7622.25,966,ES,
2026-08-03,808,7622.25,789,ES,
2026-08-03,809,7622.75,895,ES,
2026-08-03,810,7623.0,745,ES,
2026-08-03,811,7622.75,634,ES,
2026-08-03,812,7622.5,745,ES,
2026-08-03,813,7623.75,642,ES,
2026-08-03,814,7625.5,815,ES,
2026-08-03,815,7625.5,957,ES,
2026-08-03,816,7624.5,714,ES,
2026-08-03,817,7624.25,513,ES,
2026-08-03,818,7623.75,702,ES,
2026-08-03,819,7624.0,719,ES,
2026-08-03,820,7624.5,593,ES,
2026-08-03,821,7624.25,571,ES,
2026-08-03,822,7624.5,538,ES,
2026-08-03,823,7624.25,628,ES,
2026-08-03,824,7625.25,503,ES,
2026-08-03,825,7626.0,950,ES,
2026-08-03,826,7626.75,730,ES,
2026-08-03,827,7626.5,832,ES,
2026-08-03,828,7626.0,587,ES,
2026-08-03,829,7626.5,1662,ES,
2026-08-03,830,7626.5,868,ES,
2026-08-03,831,7627.25,603,ES,
2026-08-03,832,7627.0,452,ES,
2026-08-03,833,7627.25,414,ES,
2026-08-03,834,7628.25,787,ES,
2026-08-03,835,7628.25,1214,ES,
2026-08-03,836,7628.0,1225,ES,
2026-08-03,837,7629.25,736,ES,
2026-08-03,838,7629.25,757,ES,
2026-08-03,839,7628.0,675,ES,
2026-08-03,840,7629.0,1152,ES,
2026-08-03,841,7628.5,922,ES,
2026-08-03,842,7629.5,1398,ES,
2026-08-03,843,7631.0,1387,ES,
2026-08-03,844,7633.0,1025,ES,
2026-08-03,845,7634.5,1031,ES,
2026-08-03,846,7634.25,1110,ES,
2026-08-03,847,7633.5,1046,ES,
2026-08-03,848,7634.25,756,ES,
2026-08-03,849,7635.0,720,ES,
2026-08-03,850,7634.75,1029,ES,
2026-08-03,851,7631.25,1211,ES,
2026-08-03,852,7631.75,920,ES,
2026-08-03,853,7632.25,1063,ES,
2026-08-03,854,7631.75,904,ES,
2026-08-03,855,7633.75,843,ES,
2026-08-03,856,7634.0,802,ES,
2026-08-03,857,7632.75,709,ES,
2026-08-03,858,7632.0,935,ES,
2026-08-03,859,7631.25,660,ES,
2026-08-03,860,7630.75,800,ES,
2026-08-03,861,7632.5,832,ES,
2026-08-03,862,7633.0,711,ES,
2026-08-03,863,7633.25,675,ES,
2026-08-03,864,7631.25,1131,ES,
2026-08-03,865,7630.25,865,ES,
2026-08-03,866,7629.75,758,ES,
2026-08-03,867,7628.5,1348,ES,
2026-08-03,868,7626.75,1058,ES,
2026-08-03,869,7627.5,786,ES,
2026-08-03,870,7627.0,1002,ES,
2026-08-03,871,7627.5,608,ES,
2026-08-03,872,7627.75,608,ES,
2026-08-03,873,7625.5,1296,ES,
2026-08-03,874,7626.5,1613,ES,
2026-08-03,875,7628.25,849,ES,
2026-08-03,876,7627.25,515,ES,
2026-08-03,877,7628.25,688,ES,
2026-08-03,878,7629.5,811,ES,
2026-08-03,879,7628.25,600,ES,
2026-08-03,880,7628.0,813,ES,
2026-08-03,881,7630.0,714,ES,
2026-08-03,882,7630.5,839,ES,
2026-08-03,883,7631.5,622,ES,
2026-08-03,884,7632.5,779,ES,
2026-08-03,885,7631.25,1157,ES,
2026-08-03,886,7631.25,888,ES,
2026-08-03,887,7630.5,700,ES,
2026-08-03,888,7631.25,479,ES,
2026-08-03,889,7632.5,841,ES,
2026-08-03,890,7631.0,1783,ES,
2026-08-03,891,7631.75,632,ES,
2026-08-03,892,7632.25,742,ES,
2026-08-03,893,7634.0,1005,ES,
2026-08-03,894,7632.5,790,ES,
2026-08-03,895,7632.75,533,ES,
2026-08-03,896,7631.75,585,ES,
2026-08-03,897,7633.0,670,ES,
2026-08-03,898,7633.0,853,ES,
2026-08-03,899,7631.0,784,ES,
2026-08-03,900,7633.75,1639,ES,
2026-08-03,901,7635.75,1117,ES,
2026-08-03,902,7637.0,980,ES,
2026-08-03,903,7636.75,842,ES,
2026-08-03,904,7636.75,599,ES,
2026-08-03,905,7635.75,1234,ES,
2026-08-03,906,7635.5,825,ES,
2026-08-03,907,7634.0,597,ES,
2026-08-03,908,7633.75,811,ES,
2026-08-03,909,7633.5,572,ES,
2026-08-03,910,7634.75,625,ES,
2026-08-03,911,7635.5,884,ES,
2026-08-03,912,7635.0,634,ES,
2026-08-03,913,7633.5,699,ES,
2026-08-03,914,7633.5,742,ES,
2026-08-03,915,7635.0,793,ES,
2026-08-03,916,7634.75,916,ES,
2026-08-03,917,7636.0,875,ES,
2026-08-03,918,7635.0,779,ES,
2026-08-03,919,7635.25,1149,ES,
2026-08-03,920,7634.25,1826,ES,
2026-08-03,921,7635.25,734,ES,
2026-08-03,922,7634.75,986,ES,
2026-08-03,923,7635.25,338,ES,
2026-08-03,924,7636.0,995,ES,
2026-08-03,925,7636.25,923,ES,
2026-08-03,926,7636.25,1021,ES,
2026-08-03,927,7637.0,1256,ES,
2026-08-03,928,7635.0,1238,ES,
2026-08-03,929,7635.25,928,ES,
2026-08-03,930,7635.75,1152,ES,
2026-08-03,931,7636.5,997,ES,
2026-08-03,932,7635.5,920,ES,
2026-08-03,933,7634.75,1081,ES,
2026-08-03,934,7635.5,765,ES,
2026-08-03,935,7636.0,728,ES,
2026-08-03,936,7633.25,946,ES,
2026-08-03,937,7633.0,1031,ES,
2026-08-03,938,7631.75,1313,ES,
2026-08-03,939,7631.5,887,ES,
2026-08-03,940,7632.25,1464,ES,
2026-08-03,941,7631.25,822,ES,
2026-08-03,942,7631.5,757,ES,
2026-08-03,943,7631.0,1799,ES,
2026-08-03,944,7632.5,1012,ES,
2026-08-03,945,7632.75,1109,ES,
2026-08-03,946,7631.75,785,ES,
2026-08-03,947,7633.25,1219,ES,
2026-08-03,948,7632.75,823,ES,
2026-08-03,949,7633.25,1170,ES,
2026-08-03,950,7632.0,3669,ES,
2026-08-03,951,7634.0,1053,ES,
2026-08-03,952,7634.25,1518,ES,
2026-08-03,953,7631.5,1399,ES,
2026-08-03,954,7629.0,1886,ES,
2026-08-03,955,7628.0,2914,ES,
2026-08-03,956,7629.0,1872,ES,
2026-08-03,957,7629.25,1749,ES,
2026-08-03,958,7630.0,2315,ES,
2026-08-03,959,7628.25,12545,ES,
2026-08-04,570,7664.75,3075,ES,
2026-08-04,571,7666.5,1564,ES,
2026-08-04,572,7669.75,1759,ES,
2026-08-04,573,7668.75,960,ES,
2026-08-04,574,7669.5,806,ES,
2026-08-04,575,7671.75,1016,ES,
2026-08-04,576,7670.0,1075,ES,
2026-08-04,577,7669.5,1316,ES,
2026-08-04,578,7667.0,1182,ES,
2026-08-04,579,7670.25,997,ES,
2026-08-04,580,7670.0,1688,ES,
2026-08-04,581,7672.0,1075,ES,
2026-08-04,582,7672.5,1356,ES,
2026-08-04,583,7671.75,1041,ES,
2026-08-04,584,7670.0,1012,ES,
2026-08-04,585,7675.75,1130,ES,
2026-08-04,586,7673.0,1190,ES,
2026-08-04,587,7671.25,1254,ES,
2026-08-04,588,7674.5,1474,ES,
2026-08-04,589,7677.0,1474,ES,
2026-08-04,590,7681.0,1652,ES,
2026-08-04,591,7680.5,1065,ES,
2026-08-04,592,7682.0,1838,ES,
2026-08-04,593,7683.75,2260,ES,
2026-08-04,594,7685.75,1493,ES,
2026-08-04,595,7681.0,1041,ES,
2026-08-04,596,7680.5,1033,ES,
2026-08-04,597,7680.25,1290,ES,
2026-08-04,598,7683.5,1225,ES,
2026-08-04,599,7685.5,991,ES,
2026-08-04,600,7686.25,1181,ES,
2026-08-04,601,7689.75,1289,ES,
2026-08-04,602,7691.75,1669,ES,
2026-08-04,603,7692.75,1112,ES,
2026-08-04,604,7690.5,964,ES,
2026-08-04,605,7695.0,1401,ES,
2026-08-04,606,7695.75,1058,ES,
2026-08-04,607,7697.25,1116,ES,
2026-08-04,608,7697.0,1115,ES,
2026-08-04,609,7695.25,1342,ES,
2026-08-04,610,7696.5,1311,ES,
2026-08-04,611,7696.25,1415,ES,
2026-08-04,612,7698.0,1361,ES,
2026-08-04,613,7698.75,969,ES,
2026-08-04,614,7700.5,1984,ES,
2026-08-04,615,7702.25,1531,ES,
2026-08-04,616,7701.0,987,ES,
2026-08-04,617,7705.0,1479,ES,
2026-08-04,618,7704.5,1054,ES,
2026-08-04,619,7704.75,977,ES,
2026-08-04,620,7700.5,1247,ES,
2026-08-04,621,7697.75,1006,ES,
2026-08-04,622,7696.75,1214,ES,
2026-08-04,623,7697.75,1189,ES,
2026-08-04,624,7695.25,1190,ES,
2026-08-04,625,7699.0,1253,ES,
2026-08-04,626,7698.75,1189,ES,
2026-08-04,627,7699.0,1077,ES,
2026-08-04,628,7697.0,1199,ES,
2026-08-04,629,7697.0,1257,ES,
2026-08-04,630,7695.75,1011,ES,
2026-08-04,631,7695.25,683,ES,
2026-08-04,632,7700.0,964,ES,
2026-08-04,633,7701.5,1004,ES,
2026-08-04,634,7701.5,924,ES,
2026-08-04,635,7703.0,973,ES,
2026-08-04,636,7701.25,967,ES,
2026-08-04,637,7703.25,915,ES,
2026-08-04,638,7702.5,2020,ES,
2026-08-04,639,7704.0,997,ES,
2026-08-04,640,7704.5,1153,ES,
2026-08-04,641,7705.0,807,ES,
2026-08-04,642,7706.25,1265,ES,
2026-08-04,643,7708.75,1550,ES,
2026-08-04,644,7710.5,1687,ES,
2026-08-04,645,7709.0,1125,ES,
2026-08-04,646,7708.75,1259,ES,
2026-08-04,647,7709.75,1209,ES,
2026-08-04,648,7710.25,954,ES,
2026-08-04,649,7711.25,1221,ES,
2026-08-04,650,7709.5,869,ES,
2026-08-04,651,7709.75,1073,ES,
2026-08-04,652,7711.25,1212,ES,
2026-08-04,653,7710.5,881,ES,
2026-08-04,654,7711.25,863,ES,
2026-08-04,655,7711.25,602,ES,
2026-08-04,656,7712.0,1082,ES,
2026-08-04,657,7712.0,961,ES,
2026-08-04,658,7714.25,826,ES,
2026-08-04,659,7715.25,1861,ES,
2026-08-04,660,7714.0,1434,ES,
2026-08-04,661,7717.75,1644,ES,
2026-08-04,662,7719.0,948,ES,
2026-08-04,663,7719.5,879,ES,
2026-08-04,664,7720.75,1022,ES,
2026-08-04,665,7719.5,1349,ES,
2026-08-04,666,7719.5,1376,ES,
2026-08-04,667,7717.75,1268,ES,
2026-08-04,668,7717.25,1423,ES,
2026-08-04,669,7720.75,1235,ES,
2026-08-04,670,7720.25,1243,ES,
2026-08-04,671,7720.75,1364,ES,
2026-08-04,672,7722.0,838,ES,
2026-08-04,673,7723.5,1286,ES,
2026-08-04,674,7721.25,1425,ES,
2026-08-04,675,7724.5,958,ES,
2026-08-04,676,7724.5,1074,ES,
2026-08-04,677,7724.0,925,ES,
2026-08-04,678,7725.0,1052,ES,
2026-08-04,679,7725.75,855,ES,
2026-08-04,680,7726.25,853,ES,
2026-08-04,681,7725.75,637,ES,
2026-08-04,682,7725.25,1579,ES,
2026-08-04,683,7728.5,891,ES,
2026-08-04,684,7730.0,1165,ES,
2026-08-04,685,7730.0,1301,ES,
2026-08-04,686,7729.75,1105,ES,
2026-08-04,687,7726.5,1493,ES,
2026-08-04,688,7727.0,1357,ES,
2026-08-04,689,7725.75,999,ES,
2026-08-04,690,7727.25,1320,ES,
2026-08-04,691,7728.0,823,ES,
2026-08-04,692,7726.75,803,ES,
2026-08-04,693,7724.25,803,ES,
2026-08-04,694,7724.75,800,ES,
2026-08-04,695,7727.0,961,ES,
2026-08-04,696,7726.75,1079,ES,
2026-08-04,697,7727.0,1073,ES,
2026-08-04,698,7731.75,1781,ES,
2026-08-04,699,7730.5,1609,ES,
2026-08-04,700,7730.25,1009,ES,
2026-08-04,701,7731.0,702,ES,
2026-08-04,702,7732.25,662,ES,
2026-08-04,703,7733.75,897,ES,
2026-08-04,704,7735.25,1044,ES,
2026-08-04,705,7737.0,1325,ES,
2026-08-04,706,7738.0,1360,ES,
2026-08-04,707,7738.25,1262,ES,
2026-08-04,708,7739.5,1009,ES,
2026-08-04,709,7738.75,1156,ES,
2026-08-04,710,7740.75,1011,ES,
2026-08-04,711,7740.5,1238,ES,
2026-08-04,712,7740.5,972,ES,
2026-08-04,713,7735.5,2123,ES,
2026-08-04,714,7734.75,1363,ES,
2026-08-04,715,7736.75,887,ES,
2026-08-04,716,7736.25,1089,ES,
2026-08-04,717,7738.0,828,ES,
2026-08-04,718,7737.5,669,ES,
2026-08-04,719,7736.25,1256,ES,
2026-08-04,720,7739.5,1476,ES,
2026-08-04,721,7740.5,937,ES,
2026-08-04,722,7740.0,874,ES,
2026-08-04,723,7740.25,829,ES,
2026-08-04,724,7739.5,881,ES,
2026-08-04,725,7740.5,966,ES,
2026-08-04,726,7737.75,1236,ES,
2026-08-04,727,7737.75,670,ES,
2026-08-04,728,7736.5,926,ES,
2026-08-04,729,7736.0,859,ES,
2026-08-04,730,7737.25,755,ES,
2026-08-04,731,7734.0,902,ES,
2026-08-04,732,7735.0,796,ES,
2026-08-04,733,7736.25,886,ES,
2026-08-04,734,7734.75,660,ES,
2026-08-04,735,7736.25,893,ES,
2026-08-04,736,7737.75,1003,ES,
2026-08-04,737,7738.0,569,ES,
2026-08-04,738,7738.25,564,ES,
2026-08-04,739,7739.5,1073,ES,
2026-08-04,740,7740.25,928,ES,
2026-08-04,741,7742.5,1157,ES,
2026-08-04,742,7743.5,870,ES,
2026-08-04,743,7744.25,890,ES,
2026-08-04,744,7744.5,848,ES,
2026-08-04,745,7744.25,975,ES,
2026-08-04,746,7744.5,1129,ES,
2026-08-04,747,7744.25,599,ES,
2026-08-04,748,7745.25,840,ES,
2026-08-04,749,7744.5,826,ES,
2026-08-04,750,7744.5,809,ES,
2026-08-04,751,7745.25,411,ES,
2026-08-04,752,7747.0,1221,ES,
2026-08-04,753,7748.25,725,ES,
2026-08-04,754,7747.0,1150,ES,
2026-08-04,755,7747.75,627,ES,
2026-08-04,756,7748.5,727,ES,
2026-08-04,757,7747.5,964,ES,
2026-08-04,758,7746.25,1036,ES,
2026-08-04,759,7747.25,865,ES,
2026-08-04,760,7747.0,722,ES,
2026-08-04,761,7747.0,1086,ES,
2026-08-04,762,7748.25,1017,ES,
2026-08-04,763,7749.25,977,ES,
2026-08-04,764,7752.25,1532,ES,
2026-08-04,765,7753.75,801,ES,
2026-08-04,766,7753.0,784,ES,
2026-08-04,767,7753.75,1007,ES,
2026-08-04,768,7752.75,1195,ES,
2026-08-04,769,7754.25,1150,ES,
2026-08-04,770,7754.25,920,ES,
2026-08-04,771,7754.0,1165,ES,
2026-08-04,772,7753.75,831,ES,
2026-08-04,773,7755.0,987,ES,
2026-08-04,774,7754.25,851,ES,
2026-08-04,775,7753.5,942,ES,
2026-08-04,776,7754.0,809,ES,
2026-08-04,777,7754.75,781,ES,
2026-08-04,778,7753.75,673,ES,
2026-08-04,779,7755.25,834,ES,
2026-08-04,780,7758.25,983,ES,
2026-08-04,781,7760.5,1096,ES,
2026-08-04,782,7759.75,1386,ES,
2026-08-04,783,7761.75,1076,ES,
2026-08-04,784,7762.75,1171,ES,
2026-08-04,785,7761.5,1224,ES,
2026-08-04,786,7760.75,1428,ES,
2026-08-04,787,7764.25,905,ES,
2026-08-04,788,7764.25,773,ES,
2026-08-04,789,7763.0,745,ES,
2026-08-04,790,7762.75,756,ES,
2026-08-04,791,7763.75,1027,ES,
2026-08-04,792,7764.75,712,ES,
2026-08-04,793,7763.75,1266,ES,
2026-08-04,794,7764.75,517,ES,
2026-08-04,795,7766.75,1200,ES,
2026-08-04,796,7765.5,822,ES,
2026-08-04,797,7767.25,1364,ES,
2026-08-04,798,7766.25,887,ES,
2026-08-04,799,7766.25,786,ES,
2026-08-04,800,7763.75,975,ES,
2026-08-04,801,7764.0,804,ES,
2026-08-04,802,7762.75,1012,ES,
2026-08-04,803,7764.5,1130,ES,
2026-08-04,804,7764.75,876,ES,
2026-08-04,805,7765.25,603,ES,
2026-08-04,806,7765.5,878,ES,
2026-08-04,807,7766.75,786,ES,
2026-08-04,808,7765.25,728,ES,
2026-08-04,809,7765.5,852,ES,
2026-08-04,810,7763.75,1047,ES,
2026-08-04,811,7763.75,693,ES,
2026-08-04,812,7766.25,462,ES,
2026-08-04,813,7765.0,740,ES,
2026-08-04,814,7766.25,294,ES,
2026-08-04,815,7767.25,851,ES,
2026-08-04,816,7769.5,842,ES,
2026-08-04,817,7769.5,943,ES,
2026-08-04,818,7770.25,714,ES,
2026-08-04,819,7771.25,972,ES,
2026-08-04,820,7773.0,702,ES,
2026-08-04,821,7773.25,1198,ES,
2026-08-04,822,7774.5,890,ES,
2026-08-04,823,7773.75,1020,ES,
2026-08-04,824,7775.75,465,ES,
2026-08-04,826,7778.25,608,ES,
2026-08-04,827,7779.5,371,ES,
2026-08-04,828,7783.0,681,ES,
2026-08-04,829,7779.75,621,ES,
2026-08-04,830,7773.25,778,ES,
2026-08-04,831,7769.75,1373,ES,
2026-08-04,832,7771.75,1634,ES,
2026-08-04,833,7773.75,662,ES,
2026-08-04,834,7771.0,880,ES,
2026-08-04,835,7772.5,836,ES,
2026-08-04,836,7772.0,840,ES,
2026-08-04,837,7772.0,831,ES,
2026-08-04,838,7772.0,691,ES,
2026-08-04,839,7771.5,255,ES,
2026-08-04,840,7765.0,603,ES,
2026-08-04,841,7769.5,1134,ES,
2026-08-04,842,7770.5,1227,ES,
2026-08-04,843,7769.75,1182,ES,
2026-08-04,844,7765.5,1575,ES,
2026-08-04,845,7770.75,885,ES,
2026-08-04,846,7769.25,804,ES,
2026-08-04,847,7770.0,1021,ES,
2026-08-04,848,7769.75,718,ES,
2026-08-04,849,7770.75,803,ES,
2026-08-04,850,7771.25,887,ES,
2026-08-04,851,7770.5,746,ES,
2026-08-04,852,7770.5,657,ES,
2026-08-04,853,7772.0,828,ES,
2026-08-04,854,7774.25,919,ES,
2026-08-04,855,7775.25,1156,ES,
2026-08-04,856,7773.5,765,ES,
2026-08-04,857,7772.25,658,ES,
2026-08-04,858,7774.0,718,ES,
2026-08-04,859,7773.0,508,ES,
2026-08-04,860,7775.25,1110,ES,
2026-08-04,861,7773.5,1138,ES,
2026-08-04,862,7775.0,892,ES,
2026-08-04,863,7775.25,596,ES,
2026-08-04,864,7773.5,728,ES,
2026-08-04,865,7774.25,140,ES,
2026-08-04,866,7773.5,592,ES,
2026-08-04,867,7773.0,750,ES,
2026-08-04,868,7774.5,637,ES,
2026-08-04,869,7776.0,839,ES,
2026-08-04,870,7776.75,688,ES,
2026-08-04,871,7774.75,967,ES,
2026-08-04,872,7776.0,387,ES,
2026-08-04,873,7775.0,652,ES,
2026-08-04,874,7774.0,1065,ES,
2026-08-04,875,7774.0,480,ES,
2026-08-04,876,7774.75,706,ES,
2026-08-04,877,7772.0,767,ES,
2026-08-04,878,7770.75,738,ES,
2026-08-04,879,7770.5,961,ES,
2026-08-04,880,7768.25,1192,ES,
2026-08-04,881,7770.25,1175,ES,
2026-08-04,882,7767.25,694,ES,
2026-08-04,883,7768.0,788,ES,
2026-08-04,884,7769.25,1055,ES,
2026-08-04,885,7771.0,1340,ES,
2026-08-04,886,7773.0,1192,ES,
2026-08-04,887,7773.25,972,ES,
2026-08-04,888,7773.75,1131,ES,
2026-08-04,889,7772.75,1318,ES,
2026-08-04,890,7774.75,603,ES,
2026-08-04,891,7774.0,850,ES,
2026-08-04,892,7773.75,932,ES,
2026-08-04,893,7773.0,749,ES,
2026-08-04,894,7772.0,1091,ES,
2026-08-04,895,7771.75,907,ES,
2026-08-04,896,7772.75,1048,ES,
2026-08-04,897,7772.75,912,ES,
2026-08-04,898,7772.5,548,ES,
2026-08-04,899,7773.0,781,ES,
2026-08-04,900,7777.0,1201,ES,
2026-08-04,901,7779.5,1243,ES,
2026-08-04,902,7780.25,1110,ES,
2026-08-04,903,7781.75,1169,ES,
2026-08-04,904,7779.75,1011,ES,
2026-08-04,905,7779.25,813,ES,
2026-08-04,906,7780.75,914,ES,
2026-08-04,907,7779.75,872,ES,
2026-08-04,908,7780.75,1228,ES,
2026-08-04,909,7782.25,817,ES,
2026-08-04,910,7781.5,1013,ES,
2026-08-04,911,7781.25,1202,ES,
2026-08-04,912,7779.75,841,ES,
2026-08-04,913,7781.0,1041,ES,
2026-08-04,914,7780.75,1150,ES,
2026-08-04,915,7780.25,1455,ES,
2026-08-04,916,7782.5,712,ES,
2026-08-04,917,7782.0,631,ES,
2026-08-04,918,7781.5,850,ES,
2026-08-04,919,7782.0,878,ES,
2026-08-04,920,7782.75,893,ES,
2026-08-04,921,7781.75,926,ES,
2026-08-04,922,7781.25,872,ES,
2026-08-04,923,7780.5,818,ES,
2026-08-04,924,7780.25,931,ES,
2026-08-04,925,7778.0,595,ES,
2026-08-04,926,7776.75,338,ES,
2026-08-04,927,7776.75,931,ES,
2026-08-04,928,7774.5,1429,ES,
2026-08-04,929,7775.0,1189,ES,
2026-08-04,930,7776.5,1308,ES,
2026-08-04,931,7777.75,1041,ES,
2026-08-04,932,7776.75,914,ES,
2026-08-04,933,7776.75,324,ES,
2026-08-04,934,7777.75,316,ES,
2026-08-04,935,7776.75,529,ES,
2026-08-04,936,7777.25,620,ES,
2026-08-04,937,7779.75,1161,ES,
2026-08-04,938,7779.25,892,ES,
2026-08-04,939,7779.25,994,ES,
2026-08-04,940,7780.75,1217,ES,
2026-08-04,941,7781.25,912,ES,
2026-08-04,942,7782.0,891,ES,
2026-08-04,943,7780.75,365,ES,
2026-08-04,944,7784.25,1179,ES,
2026-08-04,945,7784.25,1595,ES,
2026-08-04,946,7783.75,775,ES,
2026-08-04,947,7781.75,843,ES,
2026-08-04,948,7781.25,164,ES,
2026-08-04,949,7780.75,870,ES,
2026-08-04,950,7775.25,2669,ES,
2026-08-04,951,7774.5,596,ES,
2026-08-04,952,7775.25,1485,ES,
2026-08-04,953,7773.0,1137,ES,
2026-08-04,954,7769.75,2330,ES,
2026-08-04,955,7766.75,1000,ES,
2026-08-04,956,7764.0,2033,ES,
2026-08-04,957,7766.25,1240,ES,
2026-08-04,958,7766.25,226,ES,
2026-08-05,570,7814.25,2548,ES,
2026-08-05,571,7813.5,1273,ES,
2026-08-05,572,7808.25,1178,ES,
2026-08-05,573,7809.25,1036,ES,
2026-08-05,574,7813.75,1314,ES,
2026-08-05,575,7814.75,1358,ES,
2026-08-05,576,7807.5,1526,ES,
2026-08-05,577,7808.0,1324,ES,
2026-08-05,578,7811.0,1447,ES,
2026-08-05,579,7817.25,1687,ES,
2026-08-05,580,7815.25,1489,ES,
2026-08-05,581,7816.25,1015,ES,
2026-08-05,582,7815.25,922,ES,
2026-08-05,583,7814.25,941,ES,
2026-08-05,584,7817.0,830,ES,
2026-08-05,585,7807.0,1629,ES,
2026-08-05,586,7806.5,1164,ES,
2026-08-05,587,7810.0,1099,ES,
2026-08-05,588,7809.75,869,ES,
2026-08-05,589,7805.75,910,ES,
2026-08-05,590,7798.5,1602,ES,
2026-08-05,591,7800.75,929,ES,
2026-08-05,592,7803.75,1326,ES,
2026-08-05,593,7805.75,858,ES,
2026-08-05,594,7811.0,914,ES,
2026-08-05,595,7808.5,910,ES,
2026-08-05,596,7808.0,1756,ES,
2026-08-05,597,7813.5,685,ES,
2026-08-05,598,7818.0,1273,ES,
2026-08-05,599,7819.25,753,ES,
2026-08-05,600,7812.0,1505,ES,
2026-08-05,601,7807.75,906,ES,
2026-08-05,602,7804.5,1014,ES,
2026-08-05,603,7810.0,1080,ES,
2026-08-05,604,7810.0,958,ES,
2026-08-05,605,7812.0,1221,ES,
2026-08-05,606,7812.0,1359,ES,
2026-08-05,607,7810.5,1201,ES,
2026-08-05,608,7810.75,779,ES,
2026-08-05,609,7812.5,799,ES,
2026-08-05,610,7815.0,776,ES,
2026-08-05,611,7811.25,712,ES,
2026-08-05,612,7810.5,743,ES,
2026-08-05,613,7813.5,1119,ES,
2026-08-05,614,7814.0,765,ES,
2026-08-05,615,7814.5,825,ES,
2026-08-05,616,7810.75,846,ES,
2026-08-05,617,7814.25,729,ES,
2026-08-05,618,7815.0,1551,ES,
2026-08-05,619,7808.75,1113,ES,
2026-08-05,620,7808.5,967,ES,
2026-08-05,621,7806.25,1006,ES,
2026-08-05,622,7804.5,1029,ES,
2026-08-05,623,7801.75,1089,ES,
2026-08-05,624,7809.5,917,ES,
2026-08-05,625,7808.5,1022,ES,
2026-08-05,626,7805.75,800,ES,
2026-08-05,627,7808.0,855,ES,
2026-08-05,628,7802.75,811,ES,
2026-08-05,629,7800.0,851,ES,
2026-08-05,630,7799.5,2054,ES,
2026-08-05,631,7794.75,1123,ES,
2026-08-05,632,7798.5,1435,ES,
2026-08-05,633,7801.0,1083,ES,
2026-08-05,634,7798.0,965,ES,
2026-08-05,635,7798.25,949,ES,
2026-08-05,636,7795.0,929,ES,
2026-08-05,637,7791.5,931,ES,
2026-08-05,638,7794.75,892,ES,
2026-08-05,639,7791.0,1040,ES,
2026-08-05,640,7789.75,1022,ES,
2026-08-05,641,7792.5,1693,ES,
2026-08-05,642,7794.5,877,ES,
2026-08-05,643,7794.0,1113,ES,
2026-08-05,644,7792.25,927,ES,
2026-08-05,645,7791.75,600,ES,
2026-08-05,646,7796.25,982,ES,
2026-08-05,647,7796.5,500,ES,
2026-08-05,744,7762.5,9807,ES,
2026-08-05,745,7766.0,730,ES,
2026-08-05,746,7769.0,920,ES,
2026-08-05,747,7768.5,1876,ES,
2026-08-05,748,7769.5,667,ES,
2026-08-05,749,7772.25,786,ES,
2026-08-05,750,7768.5,935,ES,
2026-08-05,751,7767.0,794,ES,
2026-08-05,752,7769.0,779,ES,
2026-08-05,753,7764.25,956,ES,
2026-08-05,754,7768.25,679,ES,
2026-08-05,755,7766.75,741,ES,
2026-08-05,756,7766.75,807,ES,
2026-08-05,757,7767.0,669,ES,
2026-08-05,758,7769.0,685,ES,
2026-08-05,759,7766.75,907,ES,
2026-08-05,760,7769.25,889,ES,
2026-08-05,761,7768.5,782,ES,
2026-08-05,762,7765.5,809,ES,
2026-08-05,763,7768.25,585,ES,
2026-08-05,764,7767.25,660,ES,
2026-08-05,765,7767.75,622,ES,
2026-08-05,766,7765.75,886,ES,
2026-08-05,767,7765.75,597,ES,
2026-08-05,768,7766.0,763,ES,
2026-08-05,769,7765.5,582,ES,
2026-08-05,770,7770.0,843,ES,
2026-08-05,771,7768.5,728,ES,
2026-08-05,772,7768.75,732,ES,
2026-08-05,773,7771.75,1018,ES,
2026-08-05,774,7771.25,965,ES,
2026-08-05,775,7770.25,911,ES,
2026-08-05,776,7770.0,763,ES,
2026-08-05,777,7771.75,857,ES,
2026-08-05,778,7769.5,912,ES,
2026-08-05,779,7769.5,937,ES,
2026-08-05,780,7769.75,1017,ES,
2026-08-05,781,7772.0,761,ES,
2026-08-05,782,7767.0,835,ES,
2026-08-05,783,7767.5,724,ES,
2026-08-05,784,7765.5,556,ES,
2026-08-05,785,7766.5,690,ES,
2026-08-05,786,7763.0,860,ES,
2026-08-05,787,7764.75,929,ES,
2026-08-05,788,7765.75,1012,ES,
2026-08-05,789,7764.75,712,ES,
2026-08-05,790,7762.75,811,ES,
2026-08-05,791,7767.5,793,ES,
2026-08-05,792,7768.0,644,ES,
2026-08-05,793,7766.0,531,ES,
2026-08-05,794,7766.5,648,ES,
2026-08-05,795,7769.0,980,ES,
2026-08-05,796,7766.5,877,ES,
2026-08-05,797,7765.5,705,ES,
2026-08-05,798,7766.5,548,ES,
2026-08-05,799,7765.0,457,ES,
2026-08-05,800,7765.75,453,ES,
2026-08-05,801,7765.5,396,ES,
2026-08-05,802,7762.25,578,ES,
2026-08-05,803,7763.5,579,ES,
2026-08-05,804,7765.75,423,ES,
2026-08-05,805,7766.25,648,ES,
2026-08-05,806,7768.5,504,ES,
2026-08-05,807,7767.25,593,ES,
2026-08-05,808,7766.75,548,ES,
2026-08-05,809,7764.75,678,ES,
2026-08-05,810,7763.75,611,ES,
2026-08-05,811,7764.5,557,ES,
2026-08-05,812,7766.0,696,ES,
2026-08-05,813,7767.0,586,ES,
2026-08-05,814,7767.5,721,ES,
2026-08-05,815,7768.5,694,ES,
2026-08-05,816,7767.75,553,ES,
2026-08-05,817,7768.25,636,ES,
2026-08-05,818,7767.75,409,ES,
2026-08-05,819,7768.25,640,ES,
2026-08-05,820,7771.0,681,ES,
2026-08-05,821,7769.0,594,ES,
2026-08-05,822,7769.5,590,ES,
2026-08-05,823,7770.25,554,ES,
2026-08-05,824,7768.75,464,ES,
2026-08-05,825,7767.25,760,ES,
2026-08-05,826,7767.5,498,ES,
2026-08-05,827,7768.75,727,ES,
2026-08-05,828,7769.0,547,ES,
2026-08-05,829,7770.0,540,ES,
2026-08-05,830,7768.75,585,ES,
2026-08-05,831,7770.75,464,ES,
2026-08-05,832,7769.75,645,ES,
2026-08-05,833,7769.0,605,ES,
2026-08-05,834,7768.0,458,ES,
2026-08-05,835,7767.5,664,ES,
2026-08-05,836,7769.5,536,ES,
2026-08-05,837,7769.0,573,ES,
2026-08-05,838,7768.25,617,ES,
2026-08-05,839,7767.0,703,ES,
2026-08-05,840,7767.75,605,ES,
2026-08-05,841,7767.75,543,ES,
2026-08-05,842,7769.75,589,ES,
2026-08-05,843,7771.0,752,ES,
2026-08-05,844,7773.0,897,ES,
2026-08-05,845,7773.5,846,ES,
2026-08-05,846,7771.25,852,ES,
2026-08-05,847,7769.5,641,ES,
2026-08-05,848,7770.5,703,ES,
2026-08-05,849,7770.75,712,ES,
2026-08-05,850,7770.5,522,ES,
2026-08-05,851,7772.25,567,ES,
2026-08-05,852,7771.5,537,ES,
2026-08-05,853,7770.75,403,ES,
2026-08-05,854,7769.5,664,ES,
2026-08-05,855,7772.25,763,ES,
2026-08-05,856,7771.75,610,ES,
2026-08-05,857,7770.0,457,ES,
2026-08-05,858,7771.25,407,ES,
2026-08-05,859,7772.0,452,ES,
2026-08-05,860,7772.0,425,ES,
2026-08-05,861,7771.0,398,ES,
2026-08-05,862,7770.25,565,ES,
2026-08-05,863,7771.0,602,ES,
2026-08-05,864,7770.25,447,ES,
2026-08-05,865,7772.25,967,ES,
2026-08-05,866,7771.5,566,ES,
2026-08-05,867,7770.75,498,ES,
2026-08-05,868,7770.25,549,ES,
2026-08-05,869,7771.0,431,ES,
2026-08-05,870,7767.25,1239,ES,
2026-08-05,871,7764.5,876,ES,
2026-08-05,872,7764.25,895,ES,
2026-08-05,873,7765.0,582,ES,
2026-08-05,874,7765.5,681,ES,
2026-08-05,875,7767.25,662,ES,
2026-08-05,876,7767.5,540,ES,
2026-08-05,877,7767.75,534,ES,
2026-08-05,878,7768.0,437,ES,
2026-08-05,879,7766.5,526,ES,
2026-08-05,880,7767.0,698,ES,
2026-08-05,881,7767.0,613,ES,
2026-08-05,882,7768.25,390,ES,
2026-08-05,883,7767.25,541,ES,
2026-08-05,884,7767.75,406,ES,
2026-08-05,885,7769.5,951,ES,
2026-08-05,886,7769.75,638,ES,
2026-08-05,887,7769.5,494,ES,
2026-08-05,888,7770.0,559,ES,
2026-08-05,889,7770.0,283,ES,
2026-08-05,890,7770.5,633,ES,
2026-08-05,891,7769.25,579,ES,
2026-08-05,892,7768.5,564,ES,
2026-08-05,893,7768.75,624,ES,
2026-08-05,894,7769.25,526,ES,
2026-08-05,895,7767.5,677,ES,
2026-08-05,896,7766.25,625,ES,
2026-08-05,897,7767.5,727,ES,
2026-08-05,898,7766.75,499,ES,
2026-08-05,899,7765.5,646,ES,
2026-08-05,900,7765.75,991,ES,
2026-08-05,901,7767.5,687,ES,
2026-08-05,902,7766.0,840,ES,
2026-08-05,903,7766.5,689,ES,
2026-08-05,904,7767.75,687,ES,
2026-08-05,905,7769.25,967,ES,
2026-08-05,906,7767.25,566,ES,
2026-08-05,907,7769.5,761,ES,
2026-08-05,908,7769.0,657,ES,
2026-08-05,909,7768.5,462,ES,
2026-08-05,910,7768.25,828,ES,
2026-08-05,911,7767.75,1207,ES,
2026-08-05,912,7768.0,665,ES,
2026-08-05,913,7768.25,919,ES,
2026-08-05,914,7768.75,835,ES,
2026-08-05,915,7769.5,915,ES,
2026-08-05,916,7770.0,600,ES,
2026-08-05,917,7769.75,908,ES,
2026-08-05,918,7770.5,634,ES,
2026-08-05,919,7769.75,1039,ES,
2026-08-05,920,7770.5,838,ES,
2026-08-05,921,7769.0,1132,ES,
2026-08-05,922,7769.0,872,ES,
2026-08-05,923,7770.25,753,ES,
2026-08-05,924,7770.0,659,ES,
2026-08-05,925,7769.25,866,ES,
2026-08-05,926,7770.75,840,ES,
2026-08-05,927,7770.5,694,ES,
2026-08-05,928,7770.0,824,ES,
2026-08-05,929,7769.25,652,ES,
2026-08-05,930,7769.5,1386,ES,
2026-08-05,931,7767.5,855,ES,
2026-08-05,932,7767.75,811,ES,
2026-08-05,933,7766.0,1163,ES,
2026-08-05,934,7766.75,766,ES,
2026-08-05,935,7764.5,765,ES,
2026-08-05,936,7765.0,634,ES,
2026-08-05,937,7765.0,915,ES,
2026-08-05,938,7764.25,758,ES,
2026-08-05,939,7764.25,823,ES,
2026-08-05,940,7766.5,705,ES,
2026-08-05,941,7766.0,852,ES,
2026-08-05,942,7766.75,820,ES,
2026-08-05,943,7766.0,743,ES,
2026-08-05,944,7766.0,897,ES,
2026-08-05,945,7766.75,939,ES,
2026-08-05,946,7763.75,812,ES,
2026-08-05,947,7765.75,889,ES,
2026-08-05,948,7763.5,1077,ES,
2026-08-05,949,7766.25,962,ES,
2026-08-05,950,7765.0,1816,ES,
2026-08-05,951,7766.0,1034,ES,
2026-08-05,952,7765.5,1111,ES,
2026-08-05,953,7767.25,1036,ES,
2026-08-05,954,7766.0,1498,ES,
2026-08-05,955,7764.75,2487,ES,
2026-08-05,956,7763.0,2923,ES,
2026-08-05,957,7762.25,2276,ES,
2026-08-05,958,7760.5,2177,ES,
2026-08-05,959,7748.5,13084,ES,
2026-08-06,570,7751.75,1969,ES,
2026-08-06,571,7749.75,1678,ES,
2026-08-06,572,7744.25,1494,ES,
2026-08-06,573,7744.5,1304,ES,
2026-08-06,574,7749.0,1283,ES,
2026-08-06,575,7750.25,1557,ES,
2026-08-06,576,7755.0,1311,ES,
2026-08-06,577,7755.25,1396,ES,
2026-08-06,578,7752.25,1118,ES,
2026-08-06,579,7747.0,1040,ES,
2026-08-06,580,7750.0,1226,ES,
2026-08-06,581,7754.0,903,ES,
2026-08-06,582,7752.5,1086,ES,
2026-08-06,583,7756.75,1307,ES,
2026-08-06,584,7755.25,1289,ES,
2026-08-06,585,7756.75,979,ES,
2026-08-06,586,7760.5,871,ES,
2026-08-06,587,7764.25,983,ES,
2026-08-06,588,7764.25,902,ES,
2026-08-06,589,7763.0,872,ES,
2026-08-06,590,7763.5,961,ES,
2026-08-06,591,7764.5,649,ES,
2026-08-06,592,7763.25,813,ES,
2026-08-06,593,7760.75,813,ES,
2026-08-06,594,7759.5,979,ES,
2026-08-06,595,7760.25,705,ES,
2026-08-06,596,7758.0,918,ES,
2026-08-06,597,7758.75,820,ES,
2026-08-06,598,7759.0,797,ES,
2026-08-06,599,7759.25,887,ES,
2026-08-06,600,7759.75,1038,ES,
2026-08-06,601,7759.75,865,ES,
2026-08-06,602,7763.5,1042,ES,
2026-08-06,603,7757.0,880,ES,
2026-08-06,604,7761.5,891,ES,
2026-08-06,605,7760.0,580,ES,
2026-08-06,606,7762.25,930,ES,
2026-08-06,607,7763.0,955,ES,
2026-08-06,608,7764.25,724,ES,
2026-08-06,609,7764.5,796,ES,
2026-08-06,610,7765.25,1041,ES,
2026-08-06,611,7766.75,919,ES,
2026-08-06,612,7764.0,1060,ES,
2026-08-06,613,7766.0,633,ES,
2026-08-06,614,7765.75,914,ES,
2026-08-06,615,7763.5,966,ES,
2026-08-06,616,7761.75,827,ES,
2026-08-06,617,7766.25,1009,ES,
2026-08-06,618,7767.75,867,ES,
2026-08-06,619,7767.25,884,ES,
2026-08-06,620,7766.5,1005,ES,
2026-08-06,621,7765.25,607,ES,
2026-08-06,622,7766.25,703,ES,
2026-08-06,623,7763.5,659,ES,
2026-08-06,624,7762.5,849,ES,
2026-08-06,625,7760.25,982,ES,
2026-08-06,626,7755.75,1038,ES,
2026-08-06,627,7753.75,862,ES,
2026-08-06,628,7752.75,803,ES,
2026-08-06,629,7754.5,1082,ES,
2026-08-06,630,7755.5,1431,ES,
2026-08-06,631,7754.75,847,ES,
2026-08-06,632,7754.5,714,ES,
2026-08-06,633,7755.0,890,ES,
2026-08-06,634,7758.25,1063,ES,
2026-08-06,635,7759.0,832,ES,
2026-08-06,636,7756.0,795,ES,
2026-08-06,637,7753.0,929,ES,
2026-08-06,638,7750.25,1163,ES,
2026-08-06,639,7747.5,982,ES,
2026-08-06,640,7749.5,1139,ES,
2026-08-06,641,7753.5,819,ES,
2026-08-06,642,7755.5,1117,ES,
2026-08-06,643,7756.5,828,ES,
2026-08-06,644,7751.5,925,ES,
2026-08-06,645,7750.75,937,ES,
2026-08-06,646,7748.0,921,ES,
2026-08-06,647,7749.5,797,ES,
2026-08-06,648,7748.0,819,ES,
2026-08-06,649,7746.75,714,ES,
2026-08-06,650,7749.75,855,ES,
2026-08-06,651,7748.25,699,ES,
2026-08-06,652,7749.25,882,ES,
2026-08-06,653,7748.0,944,ES,
2026-08-06,654,7755.0,748,ES,
2026-08-06,655,7755.25,700,ES,
2026-08-06,656,7756.25,800,ES,
2026-08-06,666,7755.75,8474,ES,
2026-08-06,667,7757.0,706,ES,
2026-08-06,668,7756.25,900,ES,
2026-08-06,669,7755.75,963,ES,
2026-08-06,670,7756.25,793,ES,
2026-08-06,671,7754.75,1002,ES,
2026-08-06,672,7752.75,841,ES,
2026-08-06,673,7751.25,1143,ES,
2026-08-06,674,7749.5,746,ES,
2026-08-06,675,7750.5,740,ES,
2026-08-06,676,7750.25,988,ES,
2026-08-06,677,7745.5,1342,ES,
2026-08-06,678,7743.5,1288,ES,
2026-08-06,679,7739.5,1185,ES,
2026-08-06,680,7741.5,1285,ES,
2026-08-06,681,7740.5,947,ES,
2026-08-06,682,7738.0,869,ES,
2026-08-06,683,7740.75,1073,ES,
2026-08-06,684,7739.0,926,ES,
2026-08-06,685,7740.5,1091,ES,
2026-08-06,686,7739.25,887,ES,
2026-08-06,687,7738.5,825,ES,
2026-08-06,688,7741.5,676,ES,
2026-08-06,689,7742.25,744,ES,
2026-08-06,690,7743.5,1012,ES,
2026-08-06,691,7739.75,642,ES,
2026-08-06,692,7738.0,711,ES,
2026-08-06,693,7738.25,780,ES,
2026-08-06,694,7734.75,1111,ES,
2026-08-06,695,7737.5,1175,ES,
2026-08-06,696,7734.0,1072,ES,
2026-08-06,697,7736.25,898,ES,
2026-08-06,698,7736.25,809,ES,
2026-08-06,699,7736.5,709,ES,
2026-08-06,700,7737.75,773,ES,
2026-08-06,701,7735.5,716,ES,
2026-08-06,702,7734.5,794,ES,
2026-08-06,703,7733.75,556,ES,
2026-08-06,704,7733.0,783,ES,
2026-08-06,705,7734.25,848,ES,
2026-08-06,706,7740.75,1328,ES,
2026-08-06,707,7740.25,774,ES,
2026-08-06,708,7745.0,1008,ES,
2026-08-06,709,7741.75,853,ES,
2026-08-06,710,7745.0,1229,ES,
2026-08-06,711,7741.25,972,ES,
2026-08-06,712,7739.25,992,ES,
2026-08-06,713,7735.5,1092,ES,
2026-08-06,714,7730.75,1186,ES,
2026-08-06,715,7732.0,1451,ES,
2026-08-06,716,7731.75,1240,ES,
2026-08-06,717,7734.75,893,ES,
2026-08-06,718,7733.0,812,ES,
2026-08-06,719,7731.0,840,ES,
2026-08-06,720,7729.75,1039,ES,
2026-08-06,721,7729.5,874,ES,
2026-08-06,722,7731.25,947,ES,
2026-08-06,723,7729.25,798,ES,
2026-08-06,724,7730.0,962,ES,
2026-08-06,725,7732.5,726,ES,
2026-08-06,726,7730.75,1165,ES,
2026-08-06,727,7731.0,622,ES,
2026-08-06,728,7733.0,839,ES,
2026-08-06,729,7733.0,621,ES,
2026-08-06,730,7733.5,935,ES,
2026-08-06,731,7729.0,928,ES,
2026-08-06,732,7730.75,697,ES,
2026-08-06,733,7728.0,1091,ES,
2026-08-06,734,7729.5,721,ES,
2026-08-06,735,7727.75,856,ES,
2026-08-06,736,7727.75,1991,ES,
2026-08-06,737,7729.25,985,ES,
2026-08-06,738,7731.75,832,ES,
2026-08-06,739,7731.75,858,ES,
2026-08-06,740,7730.25,690,ES,
2026-08-06,741,7731.5,793,ES,
2026-08-06,742,7730.25,1061,ES,
2026-08-06,743,7730.0,806,ES,
2026-08-06,744,7732.25,845,ES,
2026-08-06,745,7729.5,792,ES,
2026-08-06,746,7730.5,788,ES,
2026-08-06,747,7732.5,1210,ES,
2026-08-06,748,7732.0,844,ES,
2026-08-06,749,7732.0,848,ES,
2026-08-06,750,7735.75,953,ES,
2026-08-06,751,7735.75,832,ES,
2026-08-06,752,7734.0,996,ES,
2026-08-06,753,7732.0,555,ES,
2026-08-06,754,7732.75,809,ES,
2026-08-06,755,7732.75,595,ES,
2026-08-06,756,7734.25,545,ES,
2026-08-06,757,7735.5,692,ES,
2026-08-06,758,7737.5,956,ES,
2026-08-06,759,7738.5,762,ES,
2026-08-06,760,7735.75,743,ES,
2026-08-06,761,7733.25,823,ES,
2026-08-06,762,7733.75,932,ES,
2026-08-06,763,7731.0,797,ES,
2026-08-06,764,7730.25,560,ES,
2026-08-06,765,7731.25,645,ES,
2026-08-06,766,7729.25,716,ES,
2026-08-06,767,7730.75,776,ES,
2026-08-06,768,7731.0,765,ES,
2026-08-06,769,7733.75,813,ES,
2026-08-06,770,7732.25,899,ES,
2026-08-06,771,7734.0,870,ES,
2026-08-06,772,7735.25,755,ES,
2026-08-06,773,7734.75,589,ES,
2026-08-06,774,7733.25,708,ES,
2026-08-06,775,7735.5,483,ES,
2026-08-06,776,7736.5,730,ES,
2026-08-06,777,7735.5,546,ES,
2026-08-06,778,7738.25,602,ES,
2026-08-06,779,7739.5,946,ES,
2026-08-06,780,7741.25,1260,ES,
2026-08-06,781,7738.5,1186,ES,
2026-08-06,782,7736.75,583,ES,
2026-08-06,783,7737.0,516,ES,
2026-08-06,784,7737.25,589,ES,
2026-08-06,785,7740.0,496,ES,
2026-08-06,786,7739.25,713,ES,
2026-08-06,787,7734.75,1160,ES,
2026-08-06,788,7733.25,876,ES,
2026-08-06,789,7732.75,743,ES,
2026-08-06,790,7733.75,663,ES,
2026-08-06,791,7733.0,853,ES,
2026-08-06,792,7734.0,622,ES,
2026-08-06,793,7734.0,630,ES,
2026-08-06,794,7731.25,562,ES,
2026-08-06,795,7730.75,714,ES,
2026-08-06,796,7731.25,813,ES,
2026-08-06,797,7731.75,605,ES,
2026-08-06,798,7733.0,535,ES,
2026-08-06,799,7733.0,505,ES,
2026-08-06,800,7733.0,632,ES,
2026-08-06,801,7729.5,623,ES,
2026-08-06,802,7729.75,515,ES,
2026-08-06,803,7730.0,637,ES,
2026-08-06,804,7729.0,581,ES,
2026-08-06,805,7731.75,637,ES,
2026-08-06,806,7731.0,555,ES,
2026-08-06,807,7731.0,597,ES,
2026-08-06,808,7730.75,590,ES,
2026-08-06,809,7727.75,652,ES,
2026-08-06,810,7729.5,870,ES,
2026-08-06,811,7729.25,504,ES,
2026-08-06,812,7731.0,600,ES,
2026-08-06,813,7729.5,495,ES,
2026-08-06,814,7730.5,491,ES,
2026-08-06,815,7730.75,591,ES,
2026-08-06,816,7730.75,415,ES,
2026-08-06,817,7731.25,412,ES,
2026-08-06,818,7730.5,492,ES,
2026-08-06,819,7729.75,521,ES,
2026-08-06,820,7728.5,541,ES,
2026-08-06,821,7728.5,603,ES,
2026-08-06,822,7729.75,563,ES,
2026-08-06,823,7729.5,446,ES,
2026-08-06,824,7731.0,500,ES,
2026-08-06,825,7732.25,655,ES,
2026-08-06,826,7732.5,841,ES,
2026-08-06,827,7731.25,867,ES,
2026-08-06,828,7730.75,711,ES,
2026-08-06,829,7729.5,721,ES,
2026-08-06,830,7730.0,713,ES,
2026-08-06,831,7731.75,679,ES,
2026-08-06,832,7734.25,726,ES,
2026-08-06,833,7734.0,713,ES,
2026-08-06,834,7734.0,699,ES,
2026-08-06,835,7733.25,710,ES,
2026-08-06,836,7733.0,599,ES,
2026-08-06,837,7735.75,531,ES,
2026-08-06,838,7735.0,638,ES,
2026-08-06,839,7736.25,649,ES,
2026-08-06,840,7736.75,1019,ES,
2026-08-06,841,7736.0,816,ES,
2026-08-06,842,7736.25,533,ES,
2026-08-06,843,7737.25,537,ES,
2026-08-06,844,7738.75,529,ES,
2026-08-06,845,7738.25,919,ES,
2026-08-06,846,7737.25,548,ES,
2026-08-06,847,7739.5,553,ES,
2026-08-06,848,7738.5,455,ES,
2026-08-06,849,7738.5,765,ES,
2026-08-06,850,7737.0,599,ES,
2026-08-06,851,7738.25,699,ES,
2026-08-06,852,7738.25,523,ES,
2026-08-06,853,7739.25,525,ES,
2026-08-06,854,7741.5,1179,ES,
2026-08-06,855,7741.0,871,ES,
2026-08-06,856,7745.75,1842,ES,
2026-08-06,857,7742.75,1174,ES,
2026-08-06,858,7743.5,756,ES,
2026-08-06,859,7743.0,690,ES,
2026-08-06,860,7744.25,700,ES,
2026-08-06,861,7745.5,641,ES,
2026-08-06,862,7744.75,1093,ES,
2026-08-06,863,7744.25,730,ES,
2026-08-06,864,7745.0,561,ES,
2026-08-06,865,7743.25,679,ES,
2026-08-06,866,7742.0,696,ES,
2026-08-06,867,7744.0,929,ES,
2026-08-06,868,7744.75,668,ES,
2026-08-06,869,7744.0,445,ES,
2026-08-06,870,7742.75,732,ES,
2026-08-06,871,7743.0,795,ES,
2026-08-06,872,7743.5,409,ES,
2026-08-06,873,7741.75,736,ES,
2026-08-06,874,7740.75,760,ES,
2026-08-06,875,7741.25,939,ES,
2026-08-06,876,7741.5,393,ES,
2026-08-06,877,7739.75,481,ES,
2026-08-06,878,7738.25,1001,ES,
2026-08-06,879,7738.25,525,ES,
2026-08-06,880,7738.75,492,ES,
2026-08-06,881,7735.75,638,ES,
2026-08-06,882,7735.75,691,ES,
2026-08-06,883,7737.0,838,ES,
2026-08-06,884,7737.25,527,ES,
2026-08-06,885,7739.0,552,ES,
2026-08-06,886,7739.5,683,ES,
2026-08-06,887,7739.75,835,ES,
2026-08-06,888,7739.0,614,ES,
2026-08-06,889,7738.75,583,ES,
2026-08-06,890,7739.5,711,ES,
2026-08-06,891,7739.0,460,ES,
2026-08-06,892,7737.75,671,ES,
2026-08-06,893,7738.0,515,ES,
2026-08-06,894,7738.75,467,ES,
2026-08-06,895,7739.25,706,ES,
2026-08-06,896,7739.5,611,ES,
2026-08-06,897,7739.75,683,ES,
2026-08-06,898,7739.75,673,ES,
2026-08-06,899,7739.5,1006,ES,
2026-08-06,900,7741.25,1080,ES,
2026-08-06,901,7744.0,820,ES,
2026-08-06,902,7744.25,816,ES,
2026-08-06,903,7743.75,1002,ES,
2026-08-06,904,7745.75,661,ES,
2026-08-06,905,7744.0,615,ES,
2026-08-06,906,7743.75,386,ES,
2026-08-06,907,7744.25,897,ES,
2026-08-06,908,7745.75,756,ES,
2026-08-06,909,7747.0,606,ES,
2026-08-06,910,7747.5,815,ES,
2026-08-06,911,7747.0,556,ES,
2026-08-06,912,7745.5,723,ES,
2026-08-06,913,7744.25,555,ES,
2026-08-06,914,7743.25,663,ES,
2026-08-06,915,7741.5,791,ES,
2026-08-06,916,7742.5,822,ES,
2026-08-06,917,7742.25,591,ES,
2026-08-06,918,7741.25,557,ES,
2026-08-06,919,7741.5,666,ES,
2026-08-06,920,7744.5,700,ES,
2026-08-06,921,7742.75,794,ES,
2026-08-06,922,7742.75,931,ES,
2026-08-06,923,7741.25,659,ES,
2026-08-06,924,7738.25,960,ES,
2026-08-06,925,7738.75,1054,ES,
2026-08-06,926,7737.25,1178,ES,
2026-08-06,927,7737.0,941,ES,
2026-08-06,928,7738.5,1152,ES,
2026-08-06,929,7736.5,848,ES,
2026-08-06,930,7737.25,1205,ES,
2026-08-06,931,7738.5,847,ES,
2026-08-06,932,7738.75,844,ES,
2026-08-06,933,7737.25,628,ES,
2026-08-06,934,7739.5,693,ES,
2026-08-06,935,7739.25,1019,ES,
2026-08-06,936,7738.25,870,ES,
2026-08-06,937,7737.75,683,ES,
2026-08-06,938,7735.75,774,ES,
2026-08-06,939,7735.25,795,ES,
2026-08-06,940,7735.0,955,ES,
2026-08-06,941,7732.25,841,ES,
2026-08-06,942,7731.25,1084,ES,
2026-08-06,943,7731.5,1133,ES,
2026-08-06,944,7732.5,751,ES,
2026-08-06,945,7733.25,1004,ES,
2026-08-06,946,7731.0,755,ES,
2026-08-06,947,7729.5,1006,ES,
2026-08-06,948,7731.25,794,ES,
2026-08-06,949,7734.0,882,ES,
2026-08-06,950,7727.75,2313,ES,
2026-08-06,951,7728.25,959,ES,
2026-08-06,952,7728.75,799,ES,
2026-08-06,953,7734.0,1362,ES,
2026-08-06,954,7736.5,1368,ES,
2026-08-06,955,7735.5,2140,ES,
2026-08-06,956,7736.0,830,ES,
2026-08-06,957,7737.0,1418,ES,
2026-08-06,958,7738.0,1439,ES,
2026-08-06,959,7735.75,10218,ES,
2026-08-07,570,7757.25,2758,ES,
2026-08-07,571,7759.75,1168,ES,
2026-08-07,572,7760.25,1498,ES,
2026-08-07,573,7760.5,1177,ES,
2026-08-07,574,7762.0,1148,ES,
2026-08-07,575,7760.0,1247,ES,
2026-08-07,576,7755.75,1077,ES,
2026-08-07,577,7759.5,967,ES,
2026-08-07,578,7761.75,1231,ES,
2026-08-07,579,7758.25,756,ES,
2026-08-07,580,7760.75,1097,ES,
2026-08-07,581,7759.25,1068,ES,
2026-08-07,582,7760.75,853,ES,
2026-08-07,583,7766.25,1217,ES,
2026-08-07,584,7767.0,812,ES,
2026-08-07,585,7763.0,1116,ES,
2026-08-07,586,7761.5,876,ES,
2026-08-07,587,7761.25,846,ES,
2026-08-07,588,7759.75,853,ES,
2026-08-07,589,7764.75,904,ES,
2026-08-07,590,7766.75,789,ES,
2026-08-07,591,7766.5,580,ES,
2026-08-07,592,7769.0,669,ES,
2026-08-07,593,7767.25,808,ES,
2026-08-07,594,7767.0,716,ES,
2026-08-07,595,7765.5,887,ES,
2026-08-07,596,7757.25,1360,ES,
2026-08-07,597,7753.5,1206,ES,
2026-08-07,598,7754.25,1102,ES,
2026-08-07,599,7758.25,1043,ES,
2026-08-07,600,7762.75,1429,ES,
2026-08-07,601,7757.5,1253,ES,
2026-08-07,602,7760.5,1031,ES,
2026-08-07,603,7755.75,852,ES,
2026-08-07,604,7751.75,1112,ES,
2026-08-07,605,7754.0,961,ES,
2026-08-07,606,7757.0,823,ES,
2026-08-07,607,7756.5,1068,ES,
2026-08-07,608,7755.25,872,ES,
2026-08-07,609,7752.25,899,ES,
2026-08-07,610,7754.5,1179,ES,
2026-08-07,611,7748.5,813,ES,
2026-08-07,612,7747.5,1276,ES,
2026-08-07,613,7748.25,1043,ES,
2026-08-07,614,7745.75,956,ES,
2026-08-07,615,7751.0,850,ES,
2026-08-07,616,7754.5,797,ES,
2026-08-07,617,7756.25,1869,ES,
2026-08-07,618,7761.5,1002,ES,
2026-08-07,619,7765.75,900,ES,
2026-08-07,620,7764.5,1044,ES,
2026-08-07,621,7765.75,997,ES,
2026-08-07,622,7763.75,823,ES,
2026-08-07,623,7770.0,697,ES,
2026-08-07,624,7768.0,933,ES,
2026-08-07,625,7774.5,671,ES,
2026-08-07,626,7774.75,727,ES,
2026-08-07,627,7775.75,877,ES,
2026-08-07,628,7780.0,938,ES,
2026-08-07,629,7779.5,871,ES,
2026-08-07,630,7774.75,1100,ES,
2026-08-07,631,7775.5,979,ES,
2026-08-07,632,7775.25,751,ES,
2026-08-07,633,7773.25,889,ES,
2026-08-07,634,7773.75,774,ES,
2026-08-07,635,7770.5,1191,ES,
2026-08-07,636,7769.75,2048,ES,
2026-08-07,637,7772.0,728,ES,
2026-08-07,638,7770.5,690,ES,
2026-08-07,639,7766.5,1158,ES,
2026-08-07,640,7769.75,964,ES,
2026-08-07,641,7769.0,804,ES,
2026-08-07,642,7769.0,876,ES,
2026-08-07,643,7767.5,914,ES,
2026-08-07,644,7767.25,833,ES,
2026-08-07,645,7771.75,825,ES,
2026-08-07,646,7772.75,775,ES,
2026-08-07,647,7774.25,667,ES,
2026-08-07,648,7771.75,677,ES,
2026-08-07,649,7771.5,835,ES,
2026-08-07,650,7771.75,744,ES,
2026-08-07,651,7768.5,720,ES,
2026-08-07,652,7769.0,708,ES,
2026-08-07,653,7769.75,608,ES,
2026-08-07,654,7769.75,739,ES,
2026-08-07,655,7773.0,823,ES,
2026-08-07,656,7772.0,708,ES,
2026-08-07,657,7774.0,700,ES,
2026-08-07,658,7776.75,772,ES,
2026-08-07,659,7776.25,624,ES,
2026-08-07,660,7775.0,986,ES,
2026-08-07,661,7772.75,758,ES,
2026-08-07,662,7773.75,847,ES,
2026-08-07,663,7775.75,713,ES,
2026-08-07,664,7775.0,614,ES,
2026-08-07,665,7776.0,843,ES,
2026-08-07,666,7777.0,699,ES,
2026-08-07,667,7775.25,590,ES,
2026-08-07,668,7777.5,562,ES,
2026-08-07,669,7777.0,813,ES,
2026-08-07,670,7780.0,970,ES,
2026-08-07,671,7777.25,972,ES,
2026-08-07,672,7775.25,707,ES,
2026-08-07,673,7776.5,841,ES,
2026-08-07,674,7778.75,678,ES,
2026-08-07,675,7777.0,624,ES,
2026-08-07,676,7778.25,703,ES,
2026-08-07,677,7776.0,759,ES,
2026-08-07,678,7777.0,508,ES,
2026-08-07,679,7776.25,862,ES,
2026-08-07,680,7778.25,572,ES,
2026-08-07,681,7778.25,491,ES,
2026-08-07,682,7780.75,763,ES,
2026-08-07,683,7781.75,1639,ES,
2026-08-07,684,7783.25,917,ES,
2026-08-07,685,7785.25,857,ES,
2026-08-07,686,7785.25,803,ES,
2026-08-07,687,7786.25,903,ES,
2026-08-07,688,7785.0,844,ES,
2026-08-07,689,7784.25,607,ES,
2026-08-07,690,7785.75,1092,ES,
2026-08-07,691,7784.75,892,ES,
2026-08-07,692,7786.75,1319,ES,
2026-08-07,693,7782.5,872,ES,
2026-08-07,694,7782.0,949,ES,
2026-08-07,695,7780.25,1045,ES,
2026-08-07,696,7781.5,897,ES,
2026-08-07,697,7783.0,841,ES,
2026-08-07,698,7781.75,496,ES,
2026-08-07,699,7781.5,694,ES,
2026-08-07,700,7782.0,646,ES,
2026-08-07,701,7777.75,830,ES,
2026-08-07,702,7777.75,719,ES,
2026-08-07,703,7778.5,615,ES,
2026-08-07,704,7779.5,592,ES,
2026-08-07,705,7779.5,569,ES,
2026-08-07,706,7780.0,841,ES,
2026-08-07,707,7780.0,490,ES,
2026-08-07,708,7780.75,512,ES,
2026-08-07,709,7783.0,726,ES,
2026-08-07,710,7784.0,660,ES,
2026-08-07,711,7782.5,497,ES,
2026-08-07,712,7781.25,743,ES,
2026-08-07,713,7780.0,725,ES,
2026-08-07,714,7780.75,692,ES,
2026-08-07,715,7779.5,620,ES,
2026-08-07,716,7779.25,1068,ES,
2026-08-07,717,7776.75,574,ES,
2026-08-07,718,7777.25,917,ES,
2026-08-07,719,7778.0,541,ES,
2026-08-07,720,7776.0,812,ES,
2026-08-07,721,7776.0,546,ES,
2026-08-07,722,7776.75,496,ES,
2026-08-07,723,7777.0,534,ES,
2026-08-07,724,7779.25,656,ES,
2026-08-07,725,7779.5,662,ES,
2026-08-07,726,7780.5,690,ES,
2026-08-07,727,7780.25,487,ES,
2026-08-07,728,7779.25,546,ES,
2026-08-07,729,7779.25,344,ES,
2026-08-07,730,7780.25,433,ES,
2026-08-07,731,7780.75,520,ES,
2026-08-07,732,7779.75,610,ES,
2026-08-07,733,7778.5,557,ES,
2026-08-07,734,7777.5,542,ES,
2026-08-07,735,7778.75,673,ES,
2026-08-07,736,7778.75,573,ES,
2026-08-07,737,7778.0,499,ES,
2026-08-07,738,7778.25,465,ES,
2026-08-07,739,7777.25,798,ES,
2026-08-07,740,7777.5,1313,ES,
2026-08-07,741,7775.0,611,ES,
2026-08-07,742,7774.0,753,ES,
2026-08-07,743,7771.75,745,ES,
2026-08-07,744,7769.75,835,ES,
2026-08-07,745,7765.0,1194,ES,
2026-08-07,746,7762.5,893,ES,
2026-08-07,747,7764.25,683,ES,
2026-08-07,748,7763.75,794,ES,
2026-08-07,749,7764.75,843,ES,
2026-08-07,750,7759.75,1202,ES,
2026-08-07,751,7759.0,897,ES,
2026-08-07,752,7762.75,916,ES,
2026-08-07,753,7762.75,1108,ES,
2026-08-07,754,7766.75,1028,ES,
2026-08-07,755,7765.75,819,ES,
2026-08-07,756,7766.25,981,ES,
2026-08-07,757,7766.0,468,ES,
2026-08-07,758,7765.5,838,ES,
2026-08-07,759,7770.5,1210,ES,
2026-08-07,760,7770.75,956,ES,
2026-08-07,761,7772.25,794,ES,
2026-08-07,762,7770.25,765,ES,
2026-08-07,763,7772.25,663,ES,
2026-08-07,764,7773.25,676,ES,
2026-08-07,765,7774.5,874,ES,
2026-08-07,766,7773.0,585,ES,
2026-08-07,767,7773.0,675,ES,
2026-08-07,768,7772.75,660,ES,
2026-08-07,769,7774.0,495,ES,
2026-08-07,770,7776.0,717,ES,
2026-08-07,771,7771.5,635,ES,
2026-08-07,772,7769.0,679,ES,
2026-08-07,773,7770.25,531,ES,
2026-08-07,774,7769.5,478,ES,
2026-08-07,775,7769.5,491,ES,
2026-08-07,776,7769.25,647,ES,
2026-08-07,777,7768.5,511,ES,
2026-08-07,778,7768.25,526,ES,
2026-08-07,779,7767.0,596,ES,
2026-08-07,780,7765.75,897,ES,
2026-08-07,781,7767.5,708,ES,
2026-08-07,782,7768.75,637,ES,
2026-08-07,783,7769.0,581,ES,
2026-08-07,784,7767.75,295,ES,
2026-08-07,785,7769.75,492,ES,
2026-08-07,786,7769.5,495,ES,
2026-08-07,787,7769.5,404,ES,
2026-08-07,788,7769.5,457,ES,
2026-08-07,789,7770.0,592,ES,
2026-08-07,790,7769.25,655,ES,
2026-08-07,791,7769.25,361,ES,
2026-08-07,792,7767.5,500,ES,
2026-08-07,793,7768.5,506,ES,
2026-08-07,794,7768.0,383,ES,
2026-08-07,795,7768.0,345,ES,
2026-08-07,796,7769.5,369,ES,
2026-08-07,797,7769.25,340,ES,
2026-08-07,798,7770.0,307,ES,
2026-08-07,799,7770.25,593,ES,
2026-08-07,800,7770.5,543,ES,
2026-08-07,801,7769.25,377,ES,
2026-08-07,802,7770.0,441,ES,
2026-08-07,803,7768.25,480,ES,
2026-08-07,804,7766.25,471,ES,
2026-08-07,805,7766.75,625,ES,
2026-08-07,806,7766.75,482,ES,
2026-08-07,807,7766.75,307,ES,
2026-08-07,808,7767.75,333,ES,
2026-08-07,809,7768.5,456,ES,
2026-08-07,810,7768.5,539,ES,
2026-08-07,811,7768.0,424,ES,
2026-08-07,812,7766.5,587,ES,
2026-08-07,813,7767.5,929,ES,
2026-08-07,814,7766.75,496,ES,
2026-08-07,815,7768.0,467,ES,
2026-08-07,816,7768.5,387,ES,
2026-08-07,817,7767.25,325,ES,
2026-08-07,818,7768.75,364,ES,
2026-08-07,819,7771.0,542,ES,
2026-08-07,820,7769.5,653,ES,
2026-08-07,821,7769.0,397,ES,
2026-08-07,822,7769.0,440,ES,
2026-08-07,823,7770.25,486,ES,
2026-08-07,824,7769.0,293,ES,
2026-08-07,825,7770.0,583,ES,
2026-08-07,826,7771.25,418,ES,
2026-08-07,827,7770.75,485,ES,
2026-08-07,828,7770.5,457,ES,
2026-08-07,829,7770.0,296,ES,
2026-08-07,830,7770.75,477,ES,
2026-08-07,831,7769.0,578,ES,
2026-08-07,832,7768.0,530,ES,
2026-08-07,833,7768.0,467,ES,
2026-08-07,834,7770.5,431,ES,
2026-08-07,835,7769.25,418,ES,
2026-08-07,836,7769.75,346,ES,
2026-08-07,837,7771.25,307,ES,
2026-08-07,838,7770.25,361,ES,
2026-08-07,839,7768.75,415,ES,
2026-08-07,840,7769.5,665,ES,
2026-08-07,841,7769.5,379,ES,
2026-08-07,842,7769.25,479,ES,
2026-08-07,843,7769.25,422,ES,
2026-08-07,844,7768.5,444,ES,
2026-08-07,845,7767.25,708,ES,
2026-08-07,846,7767.25,501,ES,
2026-08-07,847,7768.0,632,ES,
2026-08-07,848,7768.0,621,ES,
2026-08-07,849,7767.75,346,ES,
2026-08-07,850,7768.0,490,ES,
2026-08-07,851,7767.0,372,ES,
2026-08-07,852,7765.25,707,ES,
2026-08-07,853,7763.75,568,ES,
2026-08-07,854,7763.0,726,ES,
2026-08-07,855,7762.75,638,ES,
2026-08-07,856,7763.25,664,ES,
2026-08-07,857,7763.5,391,ES,
2026-08-07,858,7765.0,631,ES,
2026-08-07,859,7764.5,420,ES,
2026-08-07,860,7764.0,352,ES,
2026-08-07,861,7763.5,414,ES,
2026-08-07,862,7764.75,573,ES,
2026-08-07,863,7764.0,340,ES,
2026-08-07,864,7763.75,424,ES,
2026-08-07,865,7762.75,442,ES,
2026-08-07,866,7762.5,493,ES,
2026-08-07,867,7764.0,529,ES,
2026-08-07,868,7762.5,428,ES,
2026-08-07,869,7762.0,483,ES,
2026-08-07,870,7761.25,801,ES,
2026-08-07,871,7761.5,610,ES,
2026-08-07,872,7763.0,598,ES,
2026-08-07,873,7763.5,623,ES,
2026-08-07,874,7761.25,364,ES,
2026-08-07,875,7759.25,857,ES,
2026-08-07,876,7760.0,585,ES,
2026-08-07,877,7760.5,568,ES,
2026-08-07,878,7760.5,454,ES,
2026-08-07,879,7760.25,593,ES,
2026-08-07,880,7760.75,250,ES,
2026-08-07,881,7761.0,449,ES,
2026-08-07,882,7760.5,387,ES,
2026-08-07,883,7759.75,316,ES,
2026-08-07,884,7756.75,1048,ES,
2026-08-07,885,7758.0,769,ES,
2026-08-07,886,7756.75,695,ES,
2026-08-07,887,7757.0,514,ES,
2026-08-07,888,7759.25,711,ES,
2026-08-07,889,7759.75,663,ES,
2026-08-07,890,7761.5,599,ES,
2026-08-07,891,7762.25,602,ES,
2026-08-07,892,7761.75,391,ES,
2026-08-07,893,7761.5,427,ES,
2026-08-07,894,7760.5,331,ES,
2026-08-07,895,7760.25,370,ES,
2026-08-07,896,7760.0,396,ES,
2026-08-07,897,7761.75,385,ES,
2026-08-07,898,7762.25,1013,ES,
2026-08-07,899,7764.5,780,ES,
2026-08-07,900,7766.5,1241,ES,
2026-08-07,901,7768.5,1313,ES,
2026-08-07,902,7767.75,612,ES,
2026-08-07,903,7767.5,1064,ES,
2026-08-07,904,7768.0,440,ES,
2026-08-07,905,7770.5,905,ES,
2026-08-07,906,7772.0,774,ES,
2026-08-07,907,7773.0,698,ES,
2026-08-07,908,7772.0,632,ES,
2026-08-07,909,7774.25,962,ES,
2026-08-07,910,7778.0,955,ES,
2026-08-07,911,7777.5,902,ES,
2026-08-07,912,7776.25,920,ES,
2026-08-07,913,7776.5,498,ES,
2026-08-07,914,7776.5,903,ES,
2026-08-07,915,7780.75,956,ES,
2026-08-07,916,7781.5,998,ES,
2026-08-07,917,7778.5,765,ES,
2026-08-07,918,7777.25,1109,ES,
2026-08-07,919,7776.0,614,ES,
2026-08-07,920,7778.25,922,ES,
2026-08-07,921,7778.0,769,ES,
2026-08-07,922,7778.25,725,ES,
2026-08-07,923,7779.25,748,ES,
2026-08-07,924,7776.5,736,ES,
2026-08-07,925,7776.75,637,ES,
2026-08-07,926,7778.25,612,ES,
2026-08-07,927,7777.5,882,ES,
2026-08-07,928,7777.25,696,ES,
2026-08-07,929,7778.25,557,ES,
2026-08-07,930,7775.0,919,ES,
2026-08-07,931,7776.5,921,ES,
2026-08-07,932,7776.25,670,ES,
2026-08-07,933,7776.25,717,ES,
2026-08-07,934,7775.25,591,ES,
2026-08-07,935,7774.5,830,ES,
2026-08-07,936,7776.25,938,ES,
2026-08-07,937,7776.5,613,ES,
2026-08-07,938,7777.5,786,ES,
2026-08-07,939,7777.0,356,ES,
2026-08-07,940,7774.5,891,ES,
2026-08-07,941,7774.0,618,ES,
2026-08-07,942,7775.75,738,ES,
2026-08-07,943,7774.0,548,ES,
2026-08-07,944,7773.25,1012,ES,
2026-08-07,945,7775.25,937,ES,
2026-08-07,946,7775.5,689,ES,
2026-08-07,947,7776.0,974,ES,
2026-08-07,948,7776.75,721,ES,
2026-08-07,949,7776.25,874,ES,
2026-08-07,950,7777.25,1553,ES,
2026-08-07,951,7774.75,953,ES,
2026-08-07,952,7775.0,1033,ES,
2026-08-07,953,7777.25,677,ES,
2026-08-07,954,7776.0,967,ES,
2026-08-07,955,7776.75,1646,ES,
2026-08-07,956,7776.75,1304,ES,
2026-08-07,957,7778.5,1497,ES,
2026-08-07,958,7783.25,2122,ES,
2026-08-07,959,7778.75,7193,ES,
2026-08-10,570,7780.25,2608,ES,
2026-08-10,571,7781.25,859,ES,
2026-08-10,572,7781.0,1049,ES,
2026-08-10,573,7779.5,796,ES,
2026-08-10,574,7772.75,814,ES,
2026-08-10,575,7774.75,982,ES,
2026-08-10,576,7774.5,788,ES,
2026-08-10,577,7774.25,965,ES,
2026-08-10,578,7773.75,862,ES,
2026-08-10,579,7774.25,850,ES,
2026-08-10,580,7773.25,892,ES,
2026-08-10,581,7776.25,981,ES,
2026-08-10,582,7776.0,859,ES,
2026-08-10,583,7776.5,717,ES,
2026-08-10,584,7773.0,786,ES,
2026-08-10,585,7774.75,913,ES,
2026-08-10,586,7776.0,827,ES,
2026-08-10,587,7776.5,778,ES,
2026-08-10,588,7776.5,719,ES,
2026-08-10,589,7777.5,830,ES,
2026-08-10,590,7775.5,2008,ES,
2026-08-10,591,7774.0,888,ES,
2026-08-10,592,7776.25,1201,ES,
2026-08-10,593,7778.5,954,ES,
2026-08-10,594,7777.75,671,ES,
2026-08-10,595,7777.0,865,ES,
2026-08-10,596,7778.25,688,ES,
2026-08-10,597,7779.75,1045,ES,
2026-08-10,598,7780.75,1130,ES,
2026-08-10,599,7780.75,697,ES,
2026-08-10,600,7781.5,1577,ES,
2026-08-10,601,7783.75,956,ES,
2026-08-10,602,7783.5,846,ES,
2026-08-10,603,7782.25,692,ES,
2026-08-10,604,7783.25,997,ES,
2026-08-10,605,7783.5,837,ES,
2026-08-10,606,7784.5,611,ES,
2026-08-10,607,7785.0,610,ES,
2026-08-10,608,7784.75,621,ES,
2026-08-10,609,7787.0,744,ES,
2026-08-10,610,7788.0,863,ES,
2026-08-10,611,7786.0,654,ES,
2026-08-10,612,7787.75,857,ES,
2026-08-10,613,7788.5,630,ES,
2026-08-10,614,7789.0,706,ES,
2026-08-10,615,7788.75,695,ES,
2026-08-10,616,7789.0,729,ES,
2026-08-10,617,7788.0,661,ES,
2026-08-10,618,7787.25,737,ES,
2026-08-10,619,7789.5,756,ES,
2026-08-10,620,7789.75,853,ES,
2026-08-10,621,7789.75,930,ES,
2026-08-10,622,7787.75,999,ES,
2026-08-10,623,7786.75,646,ES,
2026-08-10,624,7786.25,670,ES,
2026-08-10,625,7788.75,1013,ES,
2026-08-10,626,7788.25,658,ES,
2026-08-10,627,7788.5,564,ES,
2026-08-10,628,7789.25,705,ES,
2026-08-10,629,7790.25,706,ES,
2026-08-10,630,7791.0,794,ES,
2026-08-10,631,7792.5,874,ES,
2026-08-10,632,7792.75,627,ES,
2026-08-10,633,7791.25,505,ES,
2026-08-10,634,7789.75,935,ES,
2026-08-10,635,7791.25,583,ES,
2026-08-10,636,7791.0,463,ES,
2026-08-10,637,7792.5,477,ES,
2026-08-10,638,7789.75,706,ES,
2026-08-10,639,7790.0,945,ES,
2026-08-10,640,7791.0,756,ES,
2026-08-10,641,7790.75,466,ES,
2026-08-10,642,7792.5,768,ES,
2026-08-10,643,7792.25,586,ES,
2026-08-10,644,7792.5,421,ES,
2026-08-10,645,7796.0,677,ES,
2026-08-10,646,7795.25,1299,ES,
2026-08-10,647,7796.0,1373,ES,
2026-08-10,648,7795.75,792,ES,
2026-08-10,649,7795.5,453,ES,
2026-08-10,650,7794.75,745,ES,
2026-08-10,651,7792.5,806,ES,
2026-08-10,652,7789.75,761,ES,
2026-08-10,653,7785.75,1165,ES,
2026-08-10,654,7785.25,1183,ES,
2026-08-10,655,7785.25,997,ES,
2026-08-10,656,7786.5,1064,ES,
2026-08-10,657,7785.25,1099,ES,
2026-08-10,658,7784.5,956,ES,
2026-08-10,659,7781.5,1160,ES,
2026-08-10,660,7779.75,1193,ES,
2026-08-10,661,7783.5,966,ES,
2026-08-10,662,7783.25,839,ES,
2026-08-10,663,7784.75,771,ES,
2026-08-10,664,7783.75,722,ES,
2026-08-10,665,7786.0,664,ES,
2026-08-10,666,7785.25,839,ES,
2026-08-10,667,7785.75,588,ES,
2026-08-10,668,7783.75,538,ES,
2026-08-10,669,7782.0,876,ES,
2026-08-10,670,7782.75,688,ES,
2026-08-10,671,7783.25,622,ES,
2026-08-10,672,7781.75,751,ES,
2026-08-10,673,7784.25,491,ES,
2026-08-10,674,7784.75,609,ES,
2026-08-10,675,7788.25,886,ES,
2026-08-10,676,7786.5,893,ES,
2026-08-10,677,7786.0,628,ES,
2026-08-10,678,7785.25,438,ES,
2026-08-10,679,7785.75,817,ES,
2026-08-10,680,7786.75,796,ES,
2026-08-10,681,7786.5,527,ES,
2026-08-10,682,7785.75,760,ES,
2026-08-10,683,7786.5,527,ES,
2026-08-10,684,7785.5,397,ES,
2026-08-10,685,7782.25,782,ES,
2026-08-10,686,7782.0,715,ES,
2026-08-10,687,7784.0,662,ES,
2026-08-10,688,7783.75,643,ES,
2026-08-10,689,7784.25,541,ES,
2026-08-10,690,7784.25,836,ES,
2026-08-10,691,7782.75,672,ES,
2026-08-10,692,7782.5,591,ES,
2026-08-10,693,7782.0,482,ES,
2026-08-10,694,7780.75,780,ES,
2026-08-10,695,7781.25,857,ES,
2026-08-10,696,7779.25,584,ES,
2026-08-10,697,7780.0,814,ES,
2026-08-10,698,7780.0,465,ES,
2026-08-10,699,7779.0,671,ES,
2026-08-10,700,7781.25,608,ES,
2026-08-10,701,7782.25,666,ES,
2026-08-10,702,7780.75,606,ES,
2026-08-10,703,7783.0,554,ES,
2026-08-10,704,7784.5,646,ES,
2026-08-10,705,7784.25,687,ES,
2026-08-10,706,7782.75,752,ES,
2026-08-10,707,7782.25,314,ES,
2026-08-10,708,7782.25,537,ES,
2026-08-10,709,7782.0,577,ES,
2026-08-10,710,7783.5,562,ES,
2026-08-10,711,7786.75,673,ES,
2026-08-10,712,7788.0,796,ES,
2026-08-10,713,7788.0,929,ES,
2026-08-10,714,7788.5,807,ES,
2026-08-10,715,7788.0,748,ES,
2026-08-10,716,7788.25,583,ES,
2026-08-10,717,7789.5,1007,ES,
2026-08-10,718,7790.0,623,ES,
2026-08-10,719,7790.0,806,ES,
2026-08-10,720,7790.5,654,ES,
2026-08-10,721,7789.0,475,ES,
2026-08-10,722,7789.25,473,ES,
2026-08-10,723,7788.25,474,ES,
2026-08-10,724,7788.25,785,ES,
2026-08-10,725,7787.5,482,ES,
2026-08-10,726,7786.5,655,ES,
2026-08-10,727,7787.25,459,ES,
2026-08-10,728,7785.75,545,ES,
2026-08-10,729,7786.5,624,ES,
2026-08-10,730,7786.5,622,ES,
2026-08-10,731,7786.0,709,ES,
2026-08-10,732,7785.0,671,ES,
2026-08-10,733,7785.75,450,ES,
2026-08-10,734,7784.5,677,ES,
2026-08-10,735,7781.75,1105,ES,
2026-08-10,736,7783.25,652,ES,
2026-08-10,737,7783.0,618,ES,
2026-08-10,738,7783.0,577,ES,
2026-08-10,739,7783.25,768,ES,
2026-08-10,740,7783.75,628,ES,
2026-08-10,741,7781.75,556,ES,
2026-08-10,742,7782.25,463,ES,
2026-08-10,743,7783.0,539,ES,
2026-08-10,744,7784.0,587,ES,
2026-08-10,745,7784.5,652,ES,
2026-08-10,746,7782.0,544,ES,
2026-08-10,747,7780.5,682,ES,
2026-08-10,748,7782.0,639,ES,
2026-08-10,749,7780.25,401,ES,
2026-08-10,750,7779.5,591,ES,
2026-08-10,751,7766.25,1630,ES,
2026-08-10,752,7775.25,2556,ES,
2026-08-10,753,7774.25,950,ES,
2026-08-10,754,7773.5,858,ES,
2026-08-10,755,7775.25,697,ES,
2026-08-10,756,7775.25,838,ES,
2026-08-10,757,7773.75,525,ES,
2026-08-10,758,7772.5,684,ES,
2026-08-10,759,7772.0,503,ES,
2026-08-10,760,7772.5,540,ES,
2026-08-10,761,7769.75,972,ES,
2026-08-10,762,7769.75,1224,ES,
2026-08-10,763,7767.25,579,ES,
2026-08-10,764,7767.75,1211,ES,
2026-08-10,765,7767.25,1085,ES,
2026-08-10,766,7770.25,885,ES,
2026-08-10,767,7771.25,578,ES,
2026-08-10,768,7770.5,605,ES,
2026-08-10,769,7772.75,853,ES,
2026-08-10,770,7771.25,824,ES,
2026-08-10,771,7770.75,823,ES,
2026-08-10,772,7771.0,674,ES,
2026-08-10,773,7769.75,614,ES,
2026-08-10,774,7771.75,555,ES,
2026-08-10,775,7772.75,692,ES,
2026-08-10,776,7774.0,643,ES,
2026-08-10,777,7774.5,605,ES,
2026-08-10,778,7774.0,670,ES,
2026-08-10,779,7776.25,660,ES,
2026-08-10,780,7776.5,729,ES,
2026-08-10,781,7773.75,604,ES,
2026-08-10,782,7774.0,642,ES,
2026-08-10,783,7772.0,788,ES,
2026-08-10,784,7773.5,438,ES,
2026-08-10,785,7772.75,674,ES,
2026-08-10,786,7773.0,453,ES,
2026-08-10,787,7774.75,426,ES,
2026-08-10,788,7776.0,575,ES,
2026-08-10,789,7777.25,680,ES,
2026-08-10,790,7777.0,656,ES,
2026-08-10,791,7776.5,501,ES,
2026-08-10,792,7776.0,387,ES,
2026-08-10,793,7777.5,426,ES,
2026-08-10,794,7777.5,473,ES,
2026-08-10,795,7778.5,565,ES,
2026-08-10,796,7778.75,655,ES,
2026-08-10,797,7779.25,597,ES,
2026-08-10,798,7776.75,506,ES,
2026-08-10,799,7777.75,398,ES,
2026-08-10,800,7778.0,561,ES,
2026-08-10,801,7776.75,727,ES,
2026-08-10,802,7777.75,504,ES,
2026-08-10,803,7777.75,576,ES,
2026-08-10,804,7778.0,432,ES,
2026-08-10,805,7776.75,561,ES,
2026-08-10,806,7776.25,505,ES,
2026-08-10,807,7776.0,609,ES,
2026-08-10,808,7776.5,591,ES,
2026-08-10,809,7777.5,447,ES,
2026-08-10,810,7778.5,620,ES,
2026-08-10,811,7778.5,519,ES,
2026-08-10,812,7778.75,471,ES,
2026-08-10,813,7777.5,270,ES,
2026-08-10,814,7777.75,528,ES,
2026-08-10,815,7776.75,492,ES,
2026-08-10,816,7776.75,530,ES,
2026-08-10,817,7774.25,370,ES,
2026-08-10,818,7775.0,522,ES,
2026-08-10,819,7774.75,328,ES,
2026-08-10,820,7775.0,475,ES,
2026-08-10,821,7775.25,475,ES,
2026-08-10,822,7774.5,633,ES,
2026-08-10,823,7774.25,499,ES,
2026-08-10,824,7773.0,525,ES,
2026-08-10,825,7772.75,924,ES,
2026-08-10,826,7773.5,527,ES,
2026-08-10,827,7773.25,573,ES,
2026-08-10,828,7774.0,558,ES,
2026-08-10,829,7773.25,467,ES,
2026-08-10,830,7772.5,800,ES,
2026-08-10,831,7771.75,725,ES,
2026-08-10,832,7773.25,623,ES,
2026-08-10,833,7772.5,543,ES,
2026-08-10,834,7772.75,466,ES,
2026-08-10,835,7772.75,555,ES,
2026-08-10,836,7772.5,474,ES,
2026-08-10,837,7774.0,619,ES,
2026-08-10,838,7774.75,523,ES,
2026-08-10,839,7773.75,375,ES,
2026-08-10,840,7774.75,683,ES,
2026-08-10,841,7773.25,696,ES,
2026-08-10,842,7773.75,652,ES,
2026-08-10,843,7773.75,534,ES,
2026-08-10,844,7773.75,335,ES,
2026-08-10,845,7774.25,372,ES,
2026-08-10,846,7774.75,379,ES,
2026-08-10,847,7774.75,373,ES,
2026-08-10,848,7776.0,503,ES,
2026-08-10,849,7776.0,373,ES,
2026-08-10,850,7776.75,499,ES,
2026-08-10,851,7776.25,506,ES,
2026-08-10,852,7774.75,502,ES,
2026-08-10,853,7774.0,556,ES,
2026-08-10,854,7773.25,398,ES,
2026-08-10,855,7773.0,592,ES,
2026-08-10,856,7773.5,466,ES,
2026-08-10,857,7773.75,330,ES,
2026-08-10,858,7772.25,224,ES,
2026-08-10,859,7772.25,696,ES,
2026-08-10,860,7771.75,538,ES,
2026-08-10,861,7772.25,171,ES,
2026-08-10,862,7773.0,131,ES,
2026-08-10,863,7772.5,245,ES,
2026-08-10,864,7772.0,501,ES,
2026-08-10,865,7773.0,371,ES,
2026-08-10,866,7772.25,268,ES,
2026-08-10,867,7772.0,413,ES,
2026-08-10,868,7772.25,328,ES,
2026-08-10,869,7771.5,336,ES,
2026-08-10,870,7771.0,880,ES,
2026-08-10,871,7772.25,694,ES,
2026-08-10,872,7773.0,477,ES,
2026-08-10,873,7772.0,981,ES,
2026-08-10,874,7771.75,499,ES,
2026-08-10,875,7772.25,401,ES,
2026-08-10,876,7771.0,473,ES,
2026-08-10,877,7770.0,497,ES,
2026-08-10,878,7770.5,277,ES,
2026-08-10,879,7772.0,606,ES,
2026-08-10,880,7773.0,566,ES,
2026-08-10,881,7774.0,665,ES,
2026-08-10,882,7775.5,521,ES,
2026-08-10,883,7774.0,579,ES,
2026-08-10,884,7775.25,430,ES,
2026-08-10,885,7775.5,704,ES,
2026-08-10,886,7775.0,735,ES,
2026-08-10,887,7775.75,598,ES,
2026-08-10,888,7775.75,573,ES,
2026-08-10,889,7775.25,319,ES,
2026-08-10,890,7776.0,424,ES,
2026-08-10,891,7776.0,794,ES,
2026-08-10,892,7777.0,236,ES,
2026-08-10,893,7777.25,498,ES,
2026-08-10,894,7777.75,553,ES,
2026-08-10,895,7776.5,613,ES,
2026-08-10,896,7777.75,539,ES,
2026-08-10,897,7779.0,513,ES,
2026-08-10,898,7778.5,492,ES,
2026-08-10,899,7778.5,579,ES,
2026-08-10,900,7777.25,819,ES,
2026-08-10,901,7778.0,456,ES,
2026-08-10,902,7778.5,594,ES,
2026-08-10,903,7779.5,572,ES,
2026-08-10,904,7778.5,441,ES,
2026-08-10,905,7778.5,670,ES,
2026-08-10,906,7779.0,699,ES,
2026-08-10,907,7779.5,440,ES,
2026-08-10,908,7780.5,905,ES,
2026-08-10,909,7780.75,666,ES,
2026-08-10,910,7780.0,605,ES,
2026-08-10,911,7779.5,567,ES,
2026-08-10,912,7779.75,456,ES,
2026-08-10,913,7780.0,510,ES,
2026-08-10,914,7779.75,1106,ES,
2026-08-10,915,7779.5,450,ES,
2026-08-10,916,7779.0,720,ES,
2026-08-10,917,7780.5,772,ES,
2026-08-10,918,7780.5,625,ES,
2026-08-10,919,7779.75,489,ES,
2026-08-10,920,7779.0,661,ES,
2026-08-10,921,7779.25,818,ES,
2026-08-10,922,7778.75,399,ES,
2026-08-10,923,7780.0,733,ES,
2026-08-10,924,7780.5,730,ES,
2026-08-10,925,7778.0,843,ES,
2026-08-10,926,7778.25,698,ES,
2026-08-10,927,7776.75,731,ES,
2026-08-10,928,7776.5,574,ES,
2026-08-10,929,7775.75,935,ES,
2026-08-10,930,7775.25,875,ES,
2026-08-10,931,7775.5,698,ES,
2026-08-10,932,7774.5,1015,ES,
2026-08-10,933,7775.0,806,ES,
2026-08-10,934,7775.25,738,ES,
2026-08-10,935,7774.75,714,ES,
2026-08-10,936,7776.25,645,ES,
2026-08-10,937,7776.75,531,ES,
2026-08-10,938,7777.5,809,ES,
2026-08-10,939,7778.5,927,ES,
2026-08-10,940,7777.5,711,ES,
2026-08-10,941,7776.5,709,ES,
2026-08-10,942,7778.0,948,ES,
2026-08-10,943,7778.0,541,ES,
2026-08-10,944,7777.5,585,ES,
2026-08-10,945,7776.0,989,ES,
2026-08-10,946,7775.75,431,ES,
2026-08-10,947,7777.0,528,ES,
2026-08-10,948,7776.5,567,ES,
2026-08-10,949,7778.25,712,ES,
2026-08-10,950,7772.25,2394,ES,
2026-08-10,951,7771.75,1202,ES,
2026-08-10,952,7771.5,1220,ES,
2026-08-10,953,7771.75,916,ES,
2026-08-10,954,7771.0,1432,ES,
2026-08-10,955,7772.75,2050,ES,
2026-08-10,956,7771.5,863,ES,
2026-08-10,957,7770.5,1111,ES,
2026-08-10,958,7774.0,1861,ES,
2026-08-10,959,7777.75,8028,ES,
2026-08-11,604,7785.0,7956,ES,
2026-08-11,605,7785.5,1116,ES,
2026-08-11,606,7784.5,784,ES,
2026-08-11,607,7783.25,1057,ES,
2026-08-11,608,7783.0,989,ES,
2026-08-11,609,7784.0,741,ES,
2026-08-11,610,7784.25,829,ES,
2026-08-11,611,7783.25,882,ES,
2026-08-11,612,7783.0,858,ES,
2026-08-11,613,7782.75,628,ES,
2026-08-11,614,7784.0,652,ES,
2026-08-11,615,7785.0,750,ES,
2026-08-11,616,7784.0,927,ES,
2026-08-11,617,7780.75,740,ES,
2026-08-11,618,7781.25,928,ES,
2026-08-11,619,7782.25,765,ES,
2026-08-11,620,7784.0,618,ES,
2026-08-11,621,7783.0,590,ES,
2026-08-11,622,7780.75,842,ES,
2026-08-11,623,7781.25,701,ES,
2026-08-11,624,7780.0,610,ES,
2026-08-11,625,7781.75,888,ES,
2026-08-11,626,7781.5,671,ES,
2026-08-11,627,7781.0,680,ES,
2026-08-11,628,7784.0,713,ES,
2026-08-11,629,7784.75,935,ES,
2026-08-11,630,7781.25,926,ES,
2026-08-11,631,7781.5,666,ES,
2026-08-11,632,7782.0,514,ES,
2026-08-11,633,7782.0,678,ES,
2026-08-11,634,7782.75,513,ES,
2026-08-11,635,7783.0,754,ES,
2026-08-11,636,7783.0,636,ES,
2026-08-11,637,7780.25,781,ES,
2026-08-11,638,7779.5,784,ES,
2026-08-11,639,7779.5,886,ES,
2026-08-11,640,7781.0,893,ES,
2026-08-11,641,7782.0,1033,ES,
2026-08-11,642,7781.5,1095,ES,
2026-08-11,643,7780.0,905,ES,
2026-08-11,644,7779.5,1206,ES,
2026-08-11,645,7781.5,1309,ES,
2026-08-11,646,7783.25,1032,ES,
2026-08-11,647,7783.75,912,ES,
2026-08-11,648,7784.75,1114,ES,
2026-08-11,649,7784.75,1410,ES,
2026-08-11,650,7781.25,1058,ES,
2026-08-11,651,7784.5,1173,ES,
2026-08-11,652,7785.75,1320,ES,
2026-08-11,653,7782.75,1110,ES,
2026-08-11,654,7784.75,1098,ES,
2026-08-11,655,7783.5,1108,ES,
2026-08-11,656,7783.0,672,ES,
2026-08-11,657,7783.0,460,ES,
2026-08-11,658,7783.0,544,ES,
2026-08-11,659,7782.0,642,ES,
2026-08-11,660,7783.25,835,ES,
2026-08-11,661,7783.5,601,ES,
2026-08-11,662,7781.0,759,ES,
2026-08-11,663,7780.75,739,ES,
2026-08-11,664,7780.75,909,ES,
2026-08-11,665,7778.25,928,ES,
2026-08-11,666,7776.75,992,ES,
2026-08-11,667,7776.0,986,ES,
2026-08-11,668,7774.5,1127,ES,
2026-08-11,669,7773.5,943,ES,
2026-08-11,670,7773.5,882,ES,
2026-08-11,671,7773.25,968,ES,
2026-08-11,672,7773.75,968,ES,
2026-08-11,673,7771.75,813,ES,
2026-08-11,674,7772.25,1050,ES,
2026-08-11,675,7771.75,1119,ES,
2026-08-11,676,7771.0,618,ES,
2026-08-11,677,7770.5,830,ES,
2026-08-11,678,7767.75,884,ES,
2026-08-11,679,7769.75,1198,ES,
2026-08-11,680,7770.75,985,ES,
2026-08-11,681,7773.5,1021,ES,
2026-08-11,682,7773.0,719,ES,
2026-08-11,683,7772.0,732,ES,
2026-08-11,684,7770.75,750,ES,
2026-08-11,685,7771.75,1024,ES,
2026-08-11,686,7771.75,800,ES,
2026-08-11,687,7770.0,574,ES,
2026-08-11,688,7769.75,499,ES,
2026-08-11,689,7769.5,779,ES,
2026-08-11,690,7770.75,726,ES,
2026-08-11,691,7769.5,587,ES,
2026-08-11,692,7770.5,894,ES,
2026-08-11,693,7769.0,969,ES,
2026-08-11,694,7765.0,1839,ES,
2026-08-11,695,7765.5,1056,ES,
2026-08-11,696,7766.0,717,ES,
2026-08-11,697,7765.25,1034,ES,
2026-08-11,698,7765.25,789,ES,
2026-08-11,699,7764.25,903,ES,
2026-08-11,700,7765.5,980,ES,
2026-08-11,701,7765.25,867,ES,
2026-08-11,702,7766.5,746,ES,
2026-08-11,703,7767.25,757,ES,
2026-08-11,704,7767.25,689,ES,
2026-08-11,705,7766.25,877,ES,
2026-08-11,706,7765.0,720,ES,
2026-08-11,707,7764.5,529,ES,
2026-08-11,708,7765.5,616,ES,
2026-08-11,709,7765.5,544,ES,
2026-08-11,710,7767.75,497,ES,
2026-08-11,711,7764.5,657,ES,
2026-08-11,712,7763.75,540,ES,
2026-08-11,713,7763.25,623,ES,
2026-08-11,714,7763.75,569,ES,
2026-08-11,715,7763.5,679,ES,
2026-08-11,716,7764.5,462,ES,
2026-08-11,717,7763.75,561,ES,
2026-08-11,718,7765.25,516,ES,
2026-08-11,719,7765.5,579,ES,
2026-08-11,720,7768.25,729,ES,
2026-08-11,721,7766.25,752,ES,
2026-08-11,722,7767.0,494,ES,
2026-08-11,723,7765.5,596,ES,
2026-08-11,724,7765.75,392,ES,
2026-08-11,725,7768.75,556,ES,
2026-08-11,726,7768.75,892,ES,
2026-08-11,727,7768.0,463,ES,
2026-08-11,728,7768.25,559,ES,
2026-08-11,729,7768.5,627,ES,
2026-08-11,730,7768.25,573,ES,
2026-08-11,731,7766.5,591,ES,
2026-08-11,732,7767.0,469,ES,
2026-08-11,733,7766.25,426,ES,
2026-08-11,734,7765.25,513,ES,
2026-08-11,735,7767.0,455,ES,
2026-08-11,736,7769.0,601,ES,
2026-08-11,737,7769.0,672,ES,
2026-08-11,738,7767.75,436,ES,
2026-08-11,739,7766.25,481,ES,
2026-08-11,740,7765.75,632,ES,
2026-08-11,741,7766.5,462,ES,
2026-08-11,742,7767.0,440,ES,
2026-08-11,743,7765.75,1453,ES,
2026-08-11,744,7762.5,1543,ES,
2026-08-11,745,7761.5,863,ES,
2026-08-11,746,7762.0,1001,ES,
2026-08-11,747,7764.25,636,ES,
2026-08-11,748,7762.0,856,ES,
2026-08-11,749,7763.5,503,ES,
2026-08-11,750,7763.75,595,ES,
2026-08-11,751,7760.75,572,ES,
2026-08-11,752,7760.25,586,ES,
2026-08-11,753,7761.0,497,ES,
2026-08-11,754,7761.0,409,ES,
2026-08-11,755,7762.5,316,ES,
2026-08-11,756,7763.5,411,ES,
2026-08-11,757,7764.5,685,ES,
2026-08-11,758,7764.0,678,ES,
2026-08-11,759,7764.0,327,ES,
2026-08-11,760,7762.75,806,ES,
2026-08-11,761,7762.75,455,ES,
2026-08-11,762,7762.25,300,ES,
2026-08-11,763,7761.25,574,ES,
2026-08-11,764,7761.5,453,ES,
2026-08-11,765,7760.0,545,ES,
2026-08-11,766,7759.0,994,ES,
2026-08-11,767,7758.75,472,ES,
2026-08-11,768,7759.0,711,ES,
2026-08-11,769,7759.75,530,ES,
2026-08-11,770,7759.0,776,ES,
2026-08-11,771,7759.75,389,ES,
2026-08-11,772,7759.0,547,ES,
2026-08-11,773,7758.5,569,ES,
2026-08-11,774,7759.0,493,ES,
2026-08-11,775,7758.0,569,ES,
2026-08-11,776,7757.0,844,ES,
2026-08-11,777,7756.75,550,ES,
2026-08-11,778,7756.0,795,ES,
2026-08-11,779,7756.75,807,ES,
2026-08-11,780,7755.5,705,ES,
2026-08-11,781,7755.75,701,ES,
2026-08-11,782,7753.75,552,ES,
2026-08-11,783,7755.0,710,ES,
2026-08-11,784,7753.0,622,ES,
2026-08-11,785,7753.5,519,ES,
2026-08-11,786,7755.75,830,ES,
2026-08-11,787,7755.0,473,ES,
2026-08-11,788,7754.25,839,ES,
2026-08-11,789,7754.25,559,ES,
2026-08-11,790,7753.0,562,ES,
2026-08-11,791,7750.75,655,ES,
2026-08-11,792,7750.0,732,ES,
2026-08-11,793,7749.75,752,ES,
2026-08-11,794,7748.5,736,ES,
2026-08-11,795,7749.5,756,ES,
2026-08-11,796,7749.0,596,ES,
2026-08-11,797,7751.75,874,ES,
2026-08-11,798,7751.75,744,ES,
2026-08-11,799,7752.75,1040,ES,
2026-08-11,800,7752.75,1022,ES,
2026-08-11,801,7754.75,741,ES,
2026-08-11,802,7752.75,683,ES,
2026-08-11,803,7752.75,430,ES,
2026-08-11,813,7753.25,5637,ES,
2026-08-11,814,7754.75,552,ES,
2026-08-11,815,7755.5,706,ES,
2026-08-11,816,7755.25,527,ES,
2026-08-11,817,7754.5,482,ES,
2026-08-11,818,7753.25,628,ES,
2026-08-11,819,7754.25,621,ES,
2026-08-11,820,7755.25,492,ES,
2026-08-11,821,7756.5,590,ES,
2026-08-11,822,7757.75,759,ES,
2026-08-11,823,7757.25,480,ES,
2026-08-11,824,7757.75,560,ES,
2026-08-11,825,7757.5,595,ES,
2026-08-11,826,7757.75,666,ES,
2026-08-11,827,7757.75,560,ES,
2026-08-11,828,7758.25,681,ES,
2026-08-11,829,7757.0,507,ES,
2026-08-11,830,7757.75,721,ES,
2026-08-11,831,7757.25,531,ES,
2026-08-11,832,7758.0,394,ES,
2026-08-11,833,7757.5,451,ES,
2026-08-11,834,7758.0,295,ES,
2026-08-11,835,7757.5,582,ES,
2026-08-11,836,7756.75,533,ES,
2026-08-11,837,7756.5,690,ES,
2026-08-11,838,7757.75,399,ES,
2026-08-11,839,7757.5,447,ES,
2026-08-11,840,7756.75,650,ES,
2026-08-11,841,7755.75,580,ES,
2026-08-11,842,7755.5,654,ES,
2026-08-11,843,7756.75,666,ES,
2026-08-11,844,7756.25,827,ES,
2026-08-11,845,7755.5,639,ES,
2026-08-11,846,7753.25,701,ES,
2026-08-11,847,7754.0,662,ES,
2026-08-11,848,7752.75,499,ES,
2026-08-11,849,7752.5,674,ES,
2026-08-11,850,7753.25,474,ES,
2026-08-11,851,7754.0,617,ES,
2026-08-11,852,7753.25,442,ES,
2026-08-11,853,7753.25,387,ES,
2026-08-11,854,7753.75,343,ES,
2026-08-11,855,7753.5,395,ES,
2026-08-11,856,7752.75,525,ES,
2026-08-11,857,7752.25,490,ES,
2026-08-11,858,7752.75,460,ES,
2026-08-11,859,7753.0,407,ES,
2026-08-11,860,7751.0,510,ES,
2026-08-11,861,7749.5,935,ES,
2026-08-11,862,7749.5,646,ES,
2026-08-11,863,7748.75,766,ES,
2026-08-11,864,7750.25,577,ES,
2026-08-11,865,7750.75,590,ES,
2026-08-11,866,7749.25,567,ES,
2026-08-11,867,7746.5,776,ES,
2026-08-11,868,7744.25,860,ES,
2026-08-11,869,7740.25,1544,ES,
2026-08-11,870,7743.25,1127,ES,
2026-08-11,871,7745.0,849,ES,
2026-08-11,872,7745.5,685,ES,
2026-08-11,873,7744.0,1150,ES,
2026-08-11,874,7745.25,573,ES,
2026-08-11,875,7746.25,866,ES,
2026-08-11,876,7746.5,674,ES,
2026-08-11,877,7745.5,1091,ES,
2026-08-11,878,7745.25,501,ES,
2026-08-11,879,7745.5,493,ES,
2026-08-11,880,7743.75,754,ES,
2026-08-11,881,7742.25,958,ES,
2026-08-11,882,7743.75,969,ES,
2026-08-11,883,7743.5,779,ES,
2026-08-11,884,7743.25,638,ES,
2026-08-11,885,7744.75,865,ES,
2026-08-11,886,7745.25,764,ES,
2026-08-11,887,7745.5,415,ES,
2026-08-11,888,7747.25,643,ES,
2026-08-11,889,7748.75,883,ES,
2026-08-11,890,7747.75,721,ES,
2026-08-11,891,7748.25,395,ES,
2026-08-11,892,7749.0,467,ES,
2026-08-11,893,7748.75,695,ES,
2026-08-11,894,7749.0,510,ES,
2026-08-11,895,7748.25,593,ES,
2026-08-11,896,7747.5,590,ES,
2026-08-11,897,7748.75,703,ES,
2026-08-11,898,7746.5,794,ES,
2026-08-11,899,7746.25,817,ES,
2026-08-11,900,7745.0,1203,ES,
2026-08-11,901,7745.5,702,ES,
2026-08-11,902,7746.0,503,ES,
2026-08-11,903,7746.5,599,ES,
2026-08-11,904,7746.5,606,ES,
2026-08-11,905,7746.0,575,ES,
2026-08-11,906,7745.5,508,ES,
2026-08-11,907,7744.0,861,ES,
2026-08-11,908,7745.0,444,ES,
2026-08-11,909,7746.25,615,ES,
2026-08-11,910,7747.25,873,ES,
2026-08-11,911,7747.75,604,ES,
2026-08-11,912,7747.25,522,ES,
2026-08-11,913,7749.0,734,ES,
2026-08-11,914,7747.75,599,ES,
2026-08-11,915,7747.75,720,ES,
2026-08-11,916,7748.75,695,ES,
2026-08-11,917,7748.0,931,ES,
2026-08-11,918,7749.25,453,ES,
2026-08-11,919,7749.75,839,ES,
2026-08-11,920,7749.75,697,ES,
2026-08-11,921,7750.5,826,ES,
2026-08-11,922,7750.5,698,ES,
2026-08-11,923,7750.75,566,ES,
2026-08-11,924,7751.75,785,ES,
2026-08-11,925,7751.5,730,ES,
2026-08-11,926,7751.25,1084,ES,
2026-08-11,927,7750.5,522,ES,
2026-08-11,928,7752.0,892,ES,
2026-08-11,929,7751.75,846,ES,
2026-08-11,930,7752.25,1215,ES,
2026-08-11,931,7753.0,861,ES,
2026-08-11,932,7751.5,843,ES,
2026-08-11,933,7752.5,586,ES,
2026-08-11,934,7753.5,603,ES,
2026-08-11,935,7753.5,693,ES,
2026-08-11,936,7755.25,639,ES,
2026-08-11,937,7755.0,796,ES,
2026-08-11,938,7756.5,911,ES,
2026-08-11,939,7756.25,696,ES,
2026-08-11,940,7755.0,1139,ES,
2026-08-11,941,7754.5,793,ES,
2026-08-11,942,7753.5,642,ES,
2026-08-11,943,7753.75,1025,ES,
2026-08-11,944,7752.75,860,ES,
2026-08-11,945,7750.25,1108,ES,
2026-08-11,946,7750.75,818,ES,
2026-08-11,947,7750.5,891,ES,
2026-08-11,948,7749.0,750,ES,
2026-08-11,949,7749.25,997,ES,
2026-08-11,950,7746.0,2679,ES,
2026-08-11,951,7747.0,1338,ES,
2026-08-11,952,7744.5,920,ES,
2026-08-11,953,7745.25,1189,ES,
2026-08-11,954,7749.5,1288,ES,
2026-08-11,955,7747.75,2102,ES,
2026-08-11,956,7747.0,1052,ES,
2026-08-11,957,7746.25,1389,ES,
2026-08-11,958,7748.5,2019,ES,
2026-08-11,959,7749.75,6310,ES,
2026-08-12,570,7785.75,1267,ES,
2026-08-12,581,7774.5,2651,ES,
2026-08-12,582,7774.0,708,ES,
2026-08-12,583,7773.75,820,ES,
2026-08-12,584,7772.75,968,ES,
2026-08-12,585,7772.0,1142,ES,
2026-08-12,586,7770.5,1143,ES,
2026-08-12,587,7771.75,933,ES,
2026-08-12,588,7780.0,1360,ES,
2026-08-12,589,7780.0,1150,ES,
2026-08-12,590,7778.75,1047,ES,
2026-08-12,591,7776.0,1010,ES,
2026-08-12,592,7771.75,901,ES,
2026-08-12,593,7773.5,916,ES,
2026-08-12,594,7771.0,765,ES,
2026-08-12,595,7770.25,1052,ES,
2026-08-12,596,7766.25,758,ES,
2026-08-12,597,7768.0,909,ES,
2026-08-12,598,7771.0,762,ES,
2026-08-12,599,7770.5,1273,ES,
2026-08-12,600,7770.25,1161,ES,
2026-08-12,601,7770.75,956,ES,
2026-08-12,602,7767.5,1149,ES,
2026-08-12,603,7766.25,1070,ES,
2026-08-12,604,7764.0,1047,ES,
2026-08-12,605,7767.5,1004,ES,
2026-08-12,606,7768.0,814,ES,
2026-08-12,607,7767.0,527,ES,
2026-08-12,608,7768.25,680,ES,
2026-08-12,609,7768.5,1467,ES,
2026-08-12,610,7771.25,801,ES,
2026-08-12,611,7769.5,819,ES,
2026-08-12,612,7769.0,662,ES,
2026-08-12,613,7768.5,1030,ES,
2026-08-12,614,7768.25,963,ES,
2026-08-12,615,7770.5,771,ES,
2026-08-12,616,7770.25,508,ES,
2026-08-12,617,7771.5,791,ES,
2026-08-12,618,7774.25,1105,ES,
2026-08-12,619,7769.75,838,ES,
2026-08-12,620,7769.25,1051,ES,
2026-08-12,621,7770.0,811,ES,
2026-08-12,622,7770.25,865,ES,
2026-08-12,623,7773.25,446,ES,
2026-08-12,624,7774.0,659,ES,
2026-08-12,625,7772.75,655,ES,
2026-08-12,626,7777.25,886,ES,
2026-08-12,627,7776.5,679,ES,
2026-08-12,628,7775.25,1046,ES,
2026-08-12,629,7772.25,811,ES,
2026-08-12,630,7772.0,1542,ES,
2026-08-12,631,7769.25,2150,ES,
2026-08-12,632,7767.25,868,ES,
2026-08-12,633,7769.0,675,ES,
2026-08-12,634,7765.25,732,ES,
2026-08-12,635,7767.25,696,ES,
2026-08-12,636,7768.25,907,ES,
2026-08-12,637,7770.75,928,ES,
2026-08-12,638,7770.0,1185,ES,
2026-08-12,639,7772.25,783,ES,
2026-08-12,640,7773.25,781,ES,
2026-08-12,641,7773.75,926,ES,
2026-08-12,642,7772.75,768,ES,
2026-08-12,643,7774.5,782,ES,
2026-08-12,644,7775.0,716,ES,
2026-08-12,645,7775.75,697,ES,
2026-08-12,646,7774.75,759,ES,
2026-08-12,647,7770.25,1059,ES,
2026-08-12,648,7770.0,734,ES,
2026-08-12,649,7771.5,856,ES,
2026-08-12,650,7767.75,789,ES,
2026-08-12,651,7767.75,870,ES,
2026-08-12,652,7769.25,1013,ES,
2026-08-12,653,7769.0,787,ES,
2026-08-12,654,7765.0,1043,ES,
2026-08-12,655,7763.75,948,ES,
2026-08-12,656,7765.0,808,ES,
2026-08-12,657,7766.0,736,ES,
2026-08-12,658,7766.5,893,ES,
2026-08-12,659,7767.0,632,ES,
2026-08-12,660,7765.75,986,ES,
2026-08-12,661,7766.75,946,ES,
2026-08-12,662,7765.5,774,ES,
2026-08-12,663,7762.5,853,ES,
2026-08-12,664,7763.25,827,ES,
2026-08-12,665,7763.25,781,ES,
2026-08-12,666,7766.5,1061,ES,
2026-08-12,667,7765.5,764,ES,
2026-08-12,668,7765.5,863,ES,
2026-08-12,669,7765.75,916,ES,
2026-08-12,670,7763.5,865,ES,
2026-08-12,671,7764.5,693,ES,
2026-08-12,672,7768.0,942,ES,
2026-08-12,673,7767.5,793,ES,
2026-08-12,674,7766.25,814,ES,
2026-08-12,675,7765.5,873,ES,
2026-08-12,676,7766.75,984,ES,
2026-08-12,677,7767.25,651,ES,
2026-08-12,678,7764.75,572,ES,
2026-08-12,679,7765.75,600,ES,
2026-08-12,680,7765.25,655,ES,
2026-08-12,681,7765.5,628,ES,
2026-08-12,682,7763.25,573,ES,
2026-08-12,683,7763.25,585,ES,
2026-08-12,684,7763.75,551,ES,
2026-08-12,685,7763.75,503,ES,
2026-08-12,686,7764.25,667,ES,
2026-08-12,687,7764.25,892,ES,
2026-08-12,688,7766.0,1072,ES,
2026-08-12,689,7768.25,717,ES,
2026-08-12,690,7767.75,986,ES,
2026-08-12,691,7766.25,575,ES,
2026-08-12,692,7764.5,716,ES,
2026-08-12,693,7762.25,515,ES,
2026-08-12,694,7763.5,1168,ES,
2026-08-12,695,7763.5,1004,ES,
2026-08-12,696,7765.75,776,ES,
2026-08-12,697,7764.0,610,ES,
2026-08-12,698,7764.0,621,ES,
2026-08-12,699,7761.5,658,ES,
2026-08-12,700,7760.25,609,ES,
2026-08-12,701,7762.75,771,ES,
2026-08-12,702,7762.25,601,ES,
2026-08-12,703,7763.5,488,ES,
2026-08-12,704,7762.5,474,ES,
2026-08-12,705,7762.75,723,ES,
2026-08-12,706,7763.5,564,ES,
2026-08-12,707,7765.0,548,ES,
2026-08-12,708,7763.25,579,ES,
2026-08-12,709,7766.5,799,ES,
2026-08-12,710,7763.5,690,ES,
2026-08-12,711,7763.75,467,ES,
2026-08-12,712,7764.75,468,ES,
2026-08-12,713,7765.5,373,ES,
2026-08-12,714,7764.25,464,ES,
2026-08-12,715,7763.5,587,ES,
2026-08-12,716,7764.25,668,ES,
2026-08-12,717,7764.75,867,ES,
2026-08-12,718,7764.5,647,ES,
2026-08-12,719,7764.75,542,ES,
2026-08-12,720,7767.75,877,ES,
2026-08-12,721,7768.25,785,ES,
2026-08-12,722,7768.0,519,ES,
2026-08-12,723,7766.75,627,ES,
2026-08-12,724,7767.0,333,ES,
2026-08-12,725,7767.5,475,ES,
2026-08-12,726,7766.0,584,ES,
2026-08-12,727,7764.75,596,ES,
2026-08-12,728,7767.0,764,ES,
2026-08-12,729,7768.0,479,ES,
2026-08-12,730,7767.5,398,ES,
2026-08-12,731,7768.75,459,ES,
2026-08-12,732,7768.5,819,ES,
2026-08-12,733,7769.5,683,ES,
2026-08-12,734,7769.75,882,ES,
2026-08-12,735,7769.5,667,ES,
2026-08-12,736,7769.75,1011,ES,
2026-08-12,737,7769.25,711,ES,
2026-08-12,738,7769.5,597,ES,
2026-08-12,739,7768.5,688,ES,
2026-08-12,740,7768.0,773,ES,
2026-08-12,741,7769.25,640,ES,
2026-08-12,742,7770.25,778,ES,
2026-08-12,743,7770.25,801,ES,
2026-08-12,744,7770.25,708,ES,
2026-08-12,745,7770.75,575,ES,
2026-08-12,746,7769.5,565,ES,
2026-08-12,747,7769.0,504,ES,
2026-08-12,748,7769.0,467,ES,
2026-08-12,749,7768.75,308,ES,
2026-08-12,750,7769.0,839,ES,
2026-08-12,751,7767.0,853,ES,
2026-08-12,752,7768.5,704,ES,
2026-08-12,753,7767.5,562,ES,
2026-08-12,754,7766.5,692,ES,
2026-08-12,755,7767.0,481,ES,
2026-08-12,756,7767.5,733,ES,
2026-08-12,757,7770.25,492,ES,
2026-08-12,758,7770.25,576,ES,
2026-08-12,759,7771.75,979,ES,
2026-08-12,760,7772.25,1223,ES,
2026-08-12,761,7772.5,815,ES,
2026-08-12,762,7772.25,672,ES,
2026-08-12,763,7771.5,540,ES,
2026-08-12,764,7772.0,485,ES,
2026-08-12,765,7770.75,716,ES,
2026-08-12,766,7771.0,748,ES,
2026-08-12,767,7771.0,442,ES,
2026-08-12,768,7772.0,489,ES,
2026-08-12,769,7772.75,462,ES,
2026-08-12,770,7775.0,830,ES,
2026-08-12,771,7775.25,708,ES,
2026-08-12,772,7776.0,756,ES,
2026-08-12,773,7775.75,517,ES,
2026-08-12,774,7775.0,620,ES,
2026-08-12,775,7774.0,785,ES,
2026-08-12,776,7774.0,615,ES,
2026-08-12,777,7773.5,439,ES,
2026-08-12,778,7772.5,510,ES,
2026-08-12,779,7773.25,737,ES,
2026-08-12,780,7773.75,901,ES,
2026-08-12,781,7774.75,914,ES,
2026-08-12,782,7774.0,417,ES,
2026-08-12,783,7774.5,362,ES,
2026-08-12,784,7774.75,587,ES,
2026-08-12,785,7775.25,473,ES,
2026-08-12,786,7776.25,474,ES,
2026-08-12,787,7776.75,557,ES,
2026-08-12,788,7776.25,707,ES,
2026-08-12,789,7774.25,427,ES,
2026-08-12,790,7774.25,704,ES,
2026-08-12,791,7773.0,623,ES,
2026-08-12,792,7773.75,1085,ES,
2026-08-12,793,7774.0,430,ES,
2026-08-12,794,7774.75,340,ES,
2026-08-12,795,7771.75,562,ES,
2026-08-12,796,7771.75,683,ES,
2026-08-12,797,7771.5,404,ES,
2026-08-12,798,7771.75,412,ES,
2026-08-12,799,7772.25,547,ES,
2026-08-12,800,7772.5,547,ES,
2026-08-12,801,7773.0,566,ES,
2026-08-12,802,7771.75,561,ES,
2026-08-12,803,7771.5,453,ES,
2026-08-12,814,7773.5,5816,ES,
2026-08-12,815,7772.5,386,ES,
2026-08-12,816,7773.75,428,ES,
2026-08-12,817,7773.25,341,ES,
2026-08-12,818,7773.0,469,ES,
2026-08-12,819,7773.0,598,ES,
2026-08-12,820,7773.5,972,ES,
2026-08-12,821,7773.75,507,ES,
2026-08-12,822,7773.75,327,ES,
2026-08-12,823,7773.75,263,ES,
2026-08-12,824,7773.0,361,ES,
2026-08-12,825,7772.5,318,ES,
2026-08-12,826,7773.0,267,ES,
2026-08-12,827,7773.5,743,ES,
2026-08-12,828,7772.75,443,ES,
2026-08-12,829,7772.5,303,ES,
2026-08-12,830,7773.25,559,ES,
2026-08-12,831,7773.5,889,ES,
2026-08-12,832,7773.5,658,ES,
2026-08-12,833,7772.75,560,ES,
2026-08-12,834,7772.0,643,ES,
2026-08-12,835,7771.5,823,ES,
2026-08-12,836,7772.25,575,ES,
2026-08-12,837,7772.75,309,ES,
2026-08-12,838,7773.0,234,ES,
2026-08-12,839,7772.5,357,ES,
2026-08-12,840,7772.5,671,ES,
2026-08-12,841,7773.25,591,ES,
2026-08-12,842,7773.0,459,ES,
2026-08-12,843,7773.5,580,ES,
2026-08-12,844,7773.5,602,ES,
2026-08-12,845,7774.0,424,ES,
2026-08-12,846,7773.0,577,ES,
2026-08-12,847,7773.25,366,ES,
2026-08-12,848,7773.25,417,ES,
2026-08-12,849,7773.5,331,ES,
2026-08-12,850,7773.75,461,ES,
2026-08-12,851,7776.25,709,ES,
2026-08-12,852,7775.75,651,ES,
2026-08-12,853,7776.0,444,ES,
2026-08-12,854,7775.5,231,ES,
2026-08-12,855,7775.5,655,ES,
2026-08-12,856,7775.5,493,ES,
2026-08-12,857,7774.5,600,ES,
2026-08-12,858,7775.0,455,ES,
2026-08-12,859,7776.0,426,ES,
2026-08-12,860,7774.5,518,ES,
2026-08-12,861,7776.0,513,ES,
2026-08-12,862,7776.0,1018,ES,
2026-08-12,863,7775.75,594,ES,
2026-08-12,864,7776.75,610,ES,
2026-08-12,865,7776.25,601,ES,
2026-08-12,866,7776.5,441,ES,
2026-08-12,867,7776.5,394,ES,
2026-08-12,868,7776.0,367,ES,
2026-08-12,869,7775.5,642,ES,
2026-08-12,870,7776.5,520,ES,
2026-08-12,871,7777.75,446,ES,
2026-08-12,872,7778.75,903,ES,
2026-08-12,873,7778.25,702,ES,
2026-08-12,874,7778.25,676,ES,
2026-08-12,875,7778.75,452,ES,
2026-08-12,876,7779.25,696,ES,
2026-08-12,877,7778.5,390,ES,
2026-08-12,878,7779.0,634,ES,
2026-08-12,879,7778.75,278,ES,
2026-08-12,880,7780.0,656,ES,
2026-08-12,881,7780.5,578,ES,
2026-08-12,882,7780.0,911,ES,
2026-08-12,883,7780.0,598,ES,
2026-08-12,884,7779.5,273,ES,
2026-08-12,885,7778.75,767,ES,
2026-08-12,886,7779.75,257,ES,
2026-08-12,887,7779.0,660,ES,
2026-08-12,888,7780.0,493,ES,
2026-08-12,889,7780.25,388,ES,
2026-08-12,890,7780.0,446,ES,
2026-08-12,891,7780.75,341,ES,
2026-08-12,892,7780.0,509,ES,
2026-08-12,893,7779.5,399,ES,
2026-08-12,894,7779.25,529,ES,
2026-08-12,895,7778.0,682,ES,
2026-08-12,896,7777.75,755,ES,
2026-08-12,897,7775.25,1015,ES,
2026-08-12,898,7776.0,1040,ES,
2026-08-12,899,7775.0,658,ES,
2026-08-12,900,7777.75,911,ES,
2026-08-12,901,7777.75,672,ES,
2026-08-12,902,7777.5,527,ES,
2026-08-12,903,7777.25,519,ES,
2026-08-12,904,7777.25,299,ES,
2026-08-12,905,7778.25,456,ES,
2026-08-12,906,7778.25,770,ES,
2026-08-12,907,7777.75,560,ES,
2026-08-12,908,7777.75,587,ES,
2026-08-12,909,7777.0,402,ES,
2026-08-12,910,7776.25,524,ES,
2026-08-12,911,7776.25,836,ES,
2026-08-12,912,7776.0,693,ES,
2026-08-12,913,7776.5,523,ES,
2026-08-12,914,7775.75,748,ES,
2026-08-12,915,7775.25,778,ES,
2026-08-12,916,7776.5,648,ES,
2026-08-12,917,7776.25,541,ES,
2026-08-12,918,7776.25,444,ES,
2026-08-12,919,7776.0,519,ES,
2026-08-12,920,7774.25,933,ES,
2026-08-12,921,7773.0,1027,ES,
2026-08-12,922,7774.0,690,ES,
2026-08-12,923,7773.5,713,ES,
2026-08-12,924,7773.5,427,ES,
2026-08-12,925,7774.0,447,ES,
2026-08-12,926,7774.5,559,ES,
2026-08-12,927,7773.0,412,ES,
2026-08-12,928,7773.75,658,ES,
2026-08-12,929,7774.5,657,ES,
2026-08-12,930,7773.75,663,ES,
2026-08-12,931,7774.25,816,ES,
2026-08-12,932,7774.5,664,ES,
2026-08-12,933,7772.75,806,ES,
2026-08-12,934,7773.5,506,ES,
2026-08-12,935,7774.0,511,ES,
2026-08-12,936,7774.5,489,ES,
2026-08-12,937,7773.75,373,ES,
2026-08-12,938,7774.5,465,ES,
2026-08-12,939,7773.75,326,ES,
2026-08-12,940,7773.0,1030,ES,
2026-08-12,941,7772.25,419,ES,
2026-08-12,942,7770.75,715,ES,
2026-08-12,943,7772.0,872,ES,
2026-08-12,944,7773.5,871,ES,
2026-08-12,945,7772.25,1288,ES,
2026-08-12,946,7772.0,648,ES,
2026-08-12,947,7773.75,529,ES,
2026-08-12,948,7774.5,338,ES,
2026-08-12,949,7773.5,673,ES,
2026-08-12,950,7769.75,2205,ES,
2026-08-12,951,7768.5,1170,ES,
2026-08-12,952,7768.5,791,ES,
2026-08-12,953,7769.0,920,ES,
2026-08-12,954,7767.0,1944,ES,
2026-08-12,955,7765.0,1866,ES,
2026-08-12,956,7767.0,1139,ES,
2026-08-12,957,7767.0,1091,ES,
2026-08-12,958,7768.5,1182,ES,
2026-08-12,959,7769.5,8390,ES,
2026-08-13,570,7787.75,2547,ES,
2026-08-13,571,7789.0,1053,ES,
2026-08-13,572,7791.0,968,ES,
2026-08-13,573,7794.0,970,ES,
2026-08-13,574,7798.25,1198,ES,
2026-08-13,575,7802.0,1446,ES,
2026-08-13,576,7805.25,1234,ES,
2026-08-13,577,7806.25,1203,ES,
2026-08-13,578,7806.0,888,ES,
2026-08-13,579,7809.0,1058,ES,
2026-08-13,580,7806.75,1232,ES,
2026-08-13,581,7805.5,1019,ES,
2026-08-13,582,7805.75,1175,ES,
2026-08-13,583,7801.75,1027,ES,
2026-08-13,584,7801.5,1065,ES,
2026-08-13,585,7806.5,1124,ES,
2026-08-13,586,7810.5,1490,ES,
2026-08-13,587,7812.75,1156,ES,
2026-08-13,588,7812.25,932,ES,
2026-08-13,589,7812.75,877,ES,
2026-08-13,590,7813.0,1151,ES,
2026-08-13,591,7814.75,718,ES,
2026-08-13,592,7814.0,925,ES,
2026-08-13,593,7813.25,940,ES,
2026-08-13,594,7816.0,1354,ES,
2026-08-13,595,7814.75,907,ES,
2026-08-13,596,7817.75,1017,ES,
2026-08-13,597,7818.75,1105,ES,
2026-08-13,598,7821.0,987,ES,
2026-08-13,599,7821.0,1012,ES,
2026-08-13,600,7824.25,1423,ES,
2026-08-13,601,7824.75,1275,ES,
2026-08-13,602,7827.25,1145,ES,
2026-08-13,603,7825.0,1266,ES,
2026-08-13,604,7826.75,1178,ES,
2026-08-13,605,7826.75,1001,ES,
2026-08-13,606,7825.75,974,ES,
2026-08-13,607,7825.25,1326,ES,
2026-08-13,608,7825.25,1592,ES,
2026-08-13,609,7826.0,861,ES,
2026-08-13,610,7826.25,554,ES,
2026-08-13,611,7829.25,1060,ES,
2026-08-13,612,7829.0,1078,ES,
2026-08-13,613,7829.25,1031,ES,
2026-08-13,614,7829.75,934,ES,
2026-08-13,615,7829.0,1328,ES,
2026-08-13,616,7827.0,1286,ES,
2026-08-13,617,7827.75,1425,ES,
2026-08-13,618,7830.5,1211,ES,
2026-08-13,619,7829.75,1005,ES,
2026-08-13,620,7830.25,877,ES,
2026-08-13,621,7833.0,826,ES,
2026-08-13,622,7834.25,1557,ES,
2026-08-13,623,7835.5,1017,ES,
2026-08-13,624,7835.0,1002,ES,
2026-08-13,625,7835.75,964,ES,
2026-08-13,626,7835.25,792,ES,
2026-08-13,627,7835.0,914,ES,
2026-08-13,628,7836.5,754,ES,
2026-08-13,629,7836.5,653,ES,
2026-08-13,630,7834.5,1001,ES,
2026-08-13,631,7837.0,972,ES,
2026-08-13,632,7837.25,1072,ES,
2026-08-13,633,7835.5,759,ES,
2026-08-13,634,7836.75,686,ES,
2026-08-13,635,7837.75,671,ES,
2026-08-13,636,7837.0,1013,ES,
2026-08-13,637,7835.5,847,ES,
2026-08-13,638,7833.5,1711,ES,
2026-08-13,639,7835.25,1121,ES,
2026-08-13,640,7835.0,904,ES,
2026-08-13,641,7832.5,1199,ES,
2026-08-13,642,7833.0,1365,ES,
2026-08-13,643,7831.5,1101,ES,
2026-08-13,644,7830.25,964,ES,
2026-08-13,645,7826.25,1629,ES,
2026-08-13,646,7828.0,991,ES,
2026-08-13,647,7826.25,947,ES,
2026-08-13,648,7823.5,1082,ES,
2026-08-13,649,7821.25,964,ES,
2026-08-13,650,7820.25,1248,ES,
2026-08-13,651,7822.75,933,ES,
2026-08-13,652,7822.25,984,ES,
2026-08-13,653,7821.75,894,ES,
2026-08-13,654,7823.0,890,ES,
2026-08-13,655,7818.5,927,ES,
2026-08-13,656,7820.0,830,ES,
2026-08-13,657,7822.5,868,ES,
2026-08-13,658,7824.0,1208,ES,
2026-08-13,659,7822.25,1096,ES,
2026-08-13,660,7825.75,2138,ES,
2026-08-13,661,7826.0,943,ES,
2026-08-13,662,7823.0,1378,ES,
2026-08-13,663,7819.75,1840,ES,
2026-08-13,664,7818.0,1342,ES,
2026-08-13,665,7820.0,1359,ES,
2026-08-13,666,7817.5,1187,ES,
2026-08-13,667,7815.25,1505,ES,
2026-08-13,668,7814.5,1260,ES,
2026-08-13,669,7816.75,1262,ES,
2026-08-13,670,7817.0,657,ES,
2026-08-13,671,7816.75,1025,ES,
2026-08-13,672,7814.75,949,ES,
2026-08-13,673,7816.25,940,ES,
2026-08-13,674,7815.5,1941,ES,
2026-08-13,675,7815.75,932,ES,
2026-08-13,676,7814.75,1006,ES,
2026-08-13,677,7814.75,939,ES,
2026-08-13,678,7812.5,1169,ES,
2026-08-13,679,7816.25,1017,ES,
2026-08-13,680,7816.0,995,ES,
2026-08-13,681,7816.0,1203,ES,
2026-08-13,682,7814.25,1369,ES,
2026-08-13,683,7814.0,930,ES,
2026-08-13,684,7813.5,951,ES,
2026-08-13,685,7810.25,934,ES,
2026-08-13,686,7811.25,868,ES,
2026-08-13,687,7808.75,1763,ES,
2026-08-13,688,7803.75,1166,ES,
2026-08-13,689,7806.0,1254,ES,
2026-08-13,690,7805.5,2131,ES,
2026-08-13,691,7806.75,901,ES,
2026-08-13,701,7805.5,11018,ES,
2026-08-13,702,7807.0,911,ES,
2026-08-13,703,7805.5,940,ES,
2026-08-13,704,7803.75,968,ES,
2026-08-13,705,7803.25,741,ES,
2026-08-13,706,7805.0,912,ES,
2026-08-13,707,7804.25,771,ES,
2026-08-13,708,7802.75,578,ES,
2026-08-13,709,7803.25,1124,ES,
2026-08-13,710,7803.25,769,ES,
2026-08-13,711,7801.75,1072,ES,
2026-08-13,712,7801.25,1012,ES,
2026-08-13,713,7802.25,746,ES,
2026-08-13,714,7800.75,817,ES,
2026-08-13,715,7801.25,822,ES,
2026-08-13,716,7802.5,654,ES,
2026-08-13,717,7800.75,1030,ES,
2026-08-13,718,7799.0,819,ES,
2026-08-13,719,7799.0,793,ES,
2026-08-13,720,7801.5,1280,ES,
2026-08-13,721,7802.0,927,ES,
2026-08-13,722,7804.25,761,ES,
2026-08-13,723,7804.5,1076,ES,
2026-08-13,724,7803.0,623,ES,
2026-08-13,725,7806.0,684,ES,
2026-08-13,726,7805.25,790,ES,
2026-08-13,727,7804.5,639,ES,
2026-08-13,728,7805.0,583,ES,
2026-08-13,729,7803.75,708,ES,
2026-08-13,730,7804.0,654,ES,
2026-08-13,731,7803.25,664,ES,
2026-08-13,732,7802.5,800,ES,
2026-08-13,733,7801.75,1062,ES,
2026-08-13,734,7801.0,782,ES,
2026-08-13,735,7801.0,1136,ES,
2026-08-13,736,7800.25,722,ES,
2026-08-13,737,7801.25,690,ES,
2026-08-13,738,7801.25,583,ES,
2026-08-13,739,7802.5,661,ES,
2026-08-13,740,7803.75,852,ES,
2026-08-13,741,7803.75,801,ES,
2026-08-13,742,7804.0,553,ES,
2026-08-13,743,7803.75,512,ES,
2026-08-13,744,7804.5,571,ES,
2026-08-13,745,7807.5,856,ES,
2026-08-13,746,7807.25,465,ES,
2026-08-13,747,7807.5,733,ES,
2026-08-13,748,7808.0,548,ES,
2026-08-13,749,7809.5,812,ES,
2026-08-13,750,7810.25,701,ES,
2026-08-13,751,7809.25,579,ES,
2026-08-13,752,7809.0,917,ES,
2026-08-13,753,7810.75,680,ES,
2026-08-13,754,7810.5,794,ES,
2026-08-13,755,7810.5,536,ES,
2026-08-13,765,7809.0,5914,ES,
2026-08-13,766,7809.25,401,ES,
2026-08-13,767,7810.5,328,ES,
2026-08-13,768,7810.5,553,ES,
2026-08-13,769,7810.0,698,ES,
2026-08-13,770,7811.25,427,ES,
2026-08-13,771,7811.25,1344,ES,
2026-08-13,772,7811.0,997,ES,
2026-08-13,773,7811.0,968,ES,
2026-08-13,774,7811.0,783,ES,
2026-08-13,775,7811.25,626,ES,
2026-08-13,776,7810.25,640,ES,
2026-08-13,777,7811.0,484,ES,
2026-08-13,778,7811.0,513,ES,
2026-08-13,779,7811.5,486,ES,
2026-08-13,780,7813.5,1052,ES,
2026-08-13,781,7814.0,578,ES,
2026-08-13,782,7813.5,472,ES,
2026-08-13,783,7814.5,473,ES,
2026-08-13,784,7814.25,571,ES,
2026-08-13,785,7815.5,811,ES,
2026-08-13,786,7815.0,816,ES,
2026-08-13,787,7815.75,632,ES,
2026-08-13,788,7816.75,992,ES,
2026-08-13,789,7816.75,663,ES,
2026-08-13,790,7816.75,482,ES,
2026-08-13,791,7817.0,740,ES,
2026-08-13,792,7815.75,527,ES,
2026-08-13,793,7816.25,679,ES,
2026-08-13,794,7816.0,318,ES,
2026-08-13,795,7816.5,912,ES,
2026-08-13,796,7817.5,677,ES,
2026-08-13,797,7816.5,566,ES,
2026-08-13,798,7817.0,618,ES,
2026-08-13,799,7818.5,703,ES,
2026-08-13,800,7817.5,708,ES,
2026-08-13,801,7818.0,653,ES,
2026-08-13,802,7817.0,929,ES,
2026-08-13,803,7816.0,621,ES,
2026-08-13,804,7817.0,943,ES,
2026-08-13,805,7817.0,516,ES,
2026-08-13,806,7815.5,654,ES,
2026-08-13,807,7816.25,490,ES,
2026-08-13,808,7816.5,409,ES,
2026-08-13,809,7815.5,921,ES,
2026-08-13,810,7816.0,639,ES,
2026-08-13,811,7815.25,488,ES,
2026-08-13,812,7814.75,757,ES,
2026-08-13,813,7813.0,732,ES,
2026-08-13,814,7813.5,729,ES,
2026-08-13,815,7813.25,891,ES,
2026-08-13,816,7812.75,676,ES,
2026-08-13,817,7811.25,834,ES,
2026-08-13,818,7812.25,649,ES,
2026-08-13,819,7812.25,769,ES,
2026-08-13,820,7813.25,697,ES,
2026-08-13,821,7812.5,954,ES,
2026-08-13,822,7811.75,605,ES,
2026-08-13,823,7812.0,486,ES,
2026-08-13,824,7810.5,633,ES,
2026-08-13,825,7812.5,808,ES,
2026-08-13,826,7812.5,632,ES,
2026-08-13,827,7812.5,446,ES,
2026-08-13,828,7812.75,513,ES,
2026-08-13,829,7812.5,646,ES,
2026-08-13,830,7813.25,495,ES,
2026-08-13,831,7812.25,538,ES,
2026-08-13,832,7812.5,455,ES,
2026-08-13,833,7813.25,293,ES,
2026-08-13,834,7812.0,1338,ES,
2026-08-13,835,7812.0,638,ES,
2026-08-13,836,7810.75,381,ES,
2026-08-13,837,7813.0,366,ES,
2026-08-13,838,7813.25,686,ES,
2026-08-13,839,7811.75,654,ES,
2026-08-13,840,7812.75,868,ES,
2026-08-13,841,7812.25,899,ES,
2026-08-13,842,7812.0,799,ES,
2026-08-13,843,7813.25,519,ES,
2026-08-13,844,7813.5,747,ES,
2026-08-13,845,7814.75,795,ES,
2026-08-13,846,7813.0,562,ES,
2026-08-13,847,7813.0,470,ES,
2026-08-13,848,7812.75,645,ES,
2026-08-13,849,7812.5,389,ES,
2026-08-13,850,7813.25,881,ES,
2026-08-13,851,7814.25,672,ES,
2026-08-13,852,7814.75,560,ES,
2026-08-13,853,7815.25,297,ES,
2026-08-13,854,7815.25,561,ES,
2026-08-13,855,7815.25,701,ES,
2026-08-13,856,7814.0,675,ES,
2026-08-13,857,7814.5,594,ES,
2026-08-13,858,7814.0,411,ES,
2026-08-13,859,7813.75,555,ES,
2026-08-13,860,7814.25,874,ES,
2026-08-13,861,7813.75,1128,ES,
2026-08-13,862,7814.0,745,ES,
2026-08-13,863,7812.5,740,ES,
2026-08-13,864,7811.5,766,ES,
2026-08-13,865,7812.25,644,ES,
2026-08-13,866,7813.25,364,ES,
2026-08-13,867,7813.25,457,ES,
2026-08-13,868,7814.75,486,ES,
2026-08-13,869,7814.5,550,ES,
2026-08-13,870,7815.75,743,ES,
2026-08-13,871,7815.75,544,ES,
2026-08-13,872,7815.5,494,ES,
2026-08-13,873,7817.0,489,ES,
2026-08-13,874,7816.75,809,ES,
2026-08-13,875,7817.75,725,ES,
2026-08-13,876,7817.0,580,ES,
2026-08-13,877,7817.5,952,ES,
2026-08-13,878,7818.25,1006,ES,
2026-08-13,879,7818.25,1153,ES,
2026-08-13,880,7818.25,794,ES,
2026-08-13,881,7821.0,1061,ES,
2026-08-13,882,7820.75,911,ES,
2026-08-13,883,7820.5,804,ES,
2026-08-13,884,7820.5,758,ES,
2026-08-13,885,7821.0,613,ES,
2026-08-13,886,7821.5,577,ES,
2026-08-13,887,7821.75,599,ES,
2026-08-13,888,7821.0,846,ES,
2026-08-13,889,7822.0,476,ES,
2026-08-13,890,7822.0,1722,ES,
2026-08-13,891,7821.75,471,ES,
2026-08-13,892,7822.25,843,ES,
2026-08-13,893,7823.0,771,ES,
2026-08-13,894,7823.0,911,ES,
2026-08-13,895,7823.0,601,ES,
2026-08-13,896,7822.75,582,ES,
2026-08-13,897,7822.0,583,ES,
2026-08-13,898,7821.5,780,ES,
2026-08-13,899,7822.0,768,ES,
2026-08-13,900,7823.0,1013,ES,
2026-08-13,901,7823.5,913,ES,
2026-08-13,902,7823.5,773,ES,
2026-08-13,903,7824.0,620,ES,
2026-08-13,904,7823.5,460,ES,
2026-08-13,905,7824.0,1180,ES,
2026-08-13,906,7826.0,1088,ES,
2026-08-13,907,7826.25,530,ES,
2026-08-13,908,7827.75,892,ES,
2026-08-13,909,7828.25,740,ES,
2026-08-13,910,7826.75,1084,ES,
2026-08-13,911,7827.0,1186,ES,
2026-08-13,912,7825.0,711,ES,
2026-08-13,913,7822.75,1029,ES,
2026-08-13,914,7824.0,803,ES,
2026-08-13,915,7824.25,1439,ES,
2026-08-13,916,7823.0,932,ES,
2026-08-13,917,7824.25,991,ES,
2026-08-13,918,7825.25,693,ES,
2026-08-13,919,7826.0,905,ES,
2026-08-13,920,7827.25,803,ES,
2026-08-13,921,7826.5,677,ES,
2026-08-13,922,7827.5,742,ES,
2026-08-13,923,7827.5,557,ES,
2026-08-13,924,7827.75,970,ES,
2026-08-13,925,7826.25,982,ES,
2026-08-13,926,7825.5,1562,ES,
2026-08-13,927,7826.25,995,ES,
2026-08-13,928,7826.0,703,ES,
2026-08-13,929,7825.0,847,ES,
2026-08-13,930,7827.25,1377,ES,
2026-08-13,931,7825.75,946,ES,
2026-08-13,932,7825.25,1432,ES,
2026-08-13,933,7825.0,646,ES,
2026-08-13,934,7825.25,987,ES,
2026-08-13,935,7823.25,1344,ES,
2026-08-13,936,7822.75,1626,ES,
2026-08-13,937,7823.25,885,ES,
2026-08-13,938,7823.25,566,ES,
2026-08-13,939,7824.25,609,ES,
2026-08-13,940,7824.0,975,ES,
2026-08-13,941,7824.5,881,ES,
2026-08-13,942,7823.5,582,ES,
2026-08-13,943,7823.5,1038,ES,
2026-08-13,944,7821.75,879,ES,
2026-08-13,945,7821.75,1097,ES,
2026-08-13,946,7823.0,890,ES,
2026-08-13,947,7821.5,684,ES,
2026-08-13,948,7822.0,878,ES,
2026-08-13,949,7822.25,911,ES,
2026-08-13,950,7819.25,1834,ES,
2026-08-13,951,7819.0,1052,ES,
2026-08-13,952,7819.5,1144,ES,
2026-08-13,953,7820.5,864,ES,
2026-08-13,954,7820.25,1691,ES,
2026-08-13,955,7820.25,1926,ES,
2026-08-13,956,7820.5,1324,ES,
2026-08-13,957,7821.5,1141,ES,
2026-08-13,958,7821.5,1471,ES,
2026-08-13,959,7823.0,9962,ES,
2026-08-14,570,7822.5,2793,ES,
2026-08-14,571,7826.25,971,ES,
2026-08-14,572,7825.5,1227,ES,
2026-08-14,573,7823.75,1244,ES,
2026-08-14,574,7824.0,1016,ES,
2026-08-14,575,7824.0,1043,ES,
2026-08-14,576,7820.5,1009,ES,
2026-08-14,577,7820.75,789,ES,
2026-08-14,578,7821.25,991,ES,
2026-08-14,579,7822.5,1179,ES,
2026-08-14,580,7822.0,1243,ES,
2026-08-14,581,7823.25,882,ES,
2026-08-14,582,7825.75,931,ES,
2026-08-14,583,7826.0,728,ES,
2026-08-14,584,7826.25,944,ES,
2026-08-14,585,7827.25,826,ES,
2026-08-14,586,7823.0,969,ES,
2026-08-14,587,7823.5,871,ES,
2026-08-14,588,7823.5,980,ES,
2026-08-14,589,7821.75,843,ES,
2026-08-14,590,7823.0,1035,ES,
2026-08-14,591,7826.75,1628,ES,
2026-08-14,592,7827.0,901,ES,
2026-08-14,593,7827.0,651,ES,
2026-08-14,594,7827.0,639,ES,
2026-08-14,595,7826.5,678,ES,
2026-08-14,596,7826.25,702,ES,
2026-08-14,597,7824.75,709,ES,
2026-08-14,598,7825.25,743,ES,
2026-08-14,599,7825.5,650,ES,
2026-08-14,600,7826.25,983,ES,
2026-08-14,601,7825.25,620,ES,
2026-08-14,602,7827.0,840,ES,
2026-08-14,603,7826.5,599,ES,
2026-08-14,604,7828.25,725,ES,
2026-08-14,605,7830.0,885,ES,
2026-08-14,606,7829.5,680,ES,
2026-08-14,607,7829.75,680,ES,
2026-08-14,608,7828.25,738,ES,
2026-08-14,609,7827.75,802,ES,
2026-08-14,610,7826.5,747,ES,
2026-08-14,611,7827.75,770,ES,
2026-08-14,612,7828.75,922,ES,
2026-08-14,613,7827.5,879,ES,
2026-08-14,614,7825.5,868,ES,
2026-08-14,615,7825.0,1028,ES,
2026-08-14,616,7824.5,989,ES,
2026-08-14,617,7824.0,931,ES,
2026-08-14,618,7822.5,656,ES,
2026-08-14,619,7820.5,654,ES,
2026-08-14,620,7820.75,1078,ES,
2026-08-14,621,7819.0,909,ES,
2026-08-14,622,7818.25,756,ES,
2026-08-14,623,7817.5,746,ES,
2026-08-14,624,7817.75,683,ES,
2026-08-14,625,7817.5,816,ES,
2026-08-14,626,7816.0,866,ES,
2026-08-14,627,7815.75,1191,ES,
2026-08-14,628,7815.25,830,ES,
2026-08-14,629,7816.75,963,ES,
2026-08-14,630,7812.0,1601,ES,
2026-08-14,631,7813.5,1130,ES,
2026-08-14,632,7812.25,1210,ES,
2026-08-14,633,7811.25,684,ES,
2026-08-14,634,7811.25,846,ES,
2026-08-14,635,7812.75,830,ES,
2026-08-14,636,7815.5,667,ES,
2026-08-14,637,7813.5,909,ES,
2026-08-14,638,7814.5,992,ES,
2026-08-14,639,7816.5,976,ES,
2026-08-14,640,7813.25,993,ES,
2026-08-14,641,7813.5,805,ES,
2026-08-14,642,7814.0,1019,ES,
2026-08-14,643,7813.5,709,ES,
2026-08-14,644,7813.5,531,ES,
2026-08-14,645,7813.75,1068,ES,
2026-08-14,646,7815.5,960,ES,
2026-08-14,647,7815.5,756,ES,
2026-08-14,648,7815.75,909,ES,
2026-08-14,649,7815.0,843,ES,
2026-08-14,650,7814.75,683,ES,
2026-08-14,651,7815.0,827,ES,
2026-08-14,652,7815.5,512,ES,
2026-08-14,653,7812.75,859,ES,
2026-08-14,654,7812.5,673,ES,
2026-08-14,655,7813.25,734,ES,
2026-08-14,656,7811.75,976,ES,
2026-08-14,657,7812.25,772,ES,
2026-08-14,658,7811.75,473,ES,
2026-08-14,659,7809.5,1054,ES,
2026-08-14,660,7812.75,1166,ES,
2026-08-14,661,7812.5,1238,ES,
2026-08-14,662,7811.0,1164,ES,
2026-08-14,663,7811.5,721,ES,
2026-08-14,664,7812.0,610,ES,
2026-08-14,665,7812.75,768,ES,
2026-08-14,666,7811.25,781,ES,
2026-08-14,667,7810.5,754,ES,
2026-08-14,668,7808.75,891,ES,
2026-08-14,669,7809.0,910,ES,
2026-08-14,670,7809.0,808,ES,
2026-08-14,671,7809.25,836,ES,
2026-08-14,672,7809.75,1044,ES,
2026-08-14,673,7809.0,703,ES,
2026-08-14,674,7806.75,1131,ES,
2026-08-14,675,7807.25,1108,ES,
2026-08-14,676,7807.75,783,ES,
2026-08-14,677,7808.25,1132,ES,
2026-08-14,678,7809.0,843,ES,
2026-08-14,679,7808.25,1133,ES,
2026-08-14,680,7807.75,515,ES,
2026-08-14,681,7805.25,1363,ES,
2026-08-14,682,7804.0,960,ES,
2026-08-14,683,7804.5,1074,ES,
2026-08-14,684,7802.5,1320,ES,
2026-08-14,685,7802.75,1031,ES,
2026-08-14,686,7802.75,1516,ES,
2026-08-14,687,7803.0,1004,ES,
2026-08-14,688,7802.5,1301,ES,
2026-08-14,689,7805.0,1364,ES,
2026-08-14,690,7804.25,1008,ES,
2026-08-14,691,7802.75,1016,ES,
2026-08-14,692,7803.75,1222,ES,
2026-08-14,693,7803.25,727,ES,
2026-08-14,694,7804.25,838,ES,
2026-08-14,695,7805.25,942,ES,
2026-08-14,696,7804.5,1070,ES,
2026-08-14,697,7803.5,898,ES,
2026-08-14,698,7805.0,731,ES,
2026-08-14,699,7803.25,967,ES,
2026-08-14,700,7802.0,878,ES,
2026-08-14,701,7801.25,877,ES,
2026-08-14,702,7801.0,608,ES,
2026-08-14,703,7801.0,975,ES,
2026-08-14,704,7802.5,742,ES,
2026-08-14,705,7805.0,790,ES,
2026-08-14,706,7805.5,879,ES,
2026-08-14,707,7802.75,959,ES,
2026-08-14,708,7801.0,1197,ES,
2026-08-14,709,7801.0,752,ES,
2026-08-14,710,7801.5,863,ES,
2026-08-14,711,7801.75,849,ES,
2026-08-14,712,7803.5,764,ES,
2026-08-14,713,7803.75,826,ES,
2026-08-14,714,7803.25,624,ES,
2026-08-14,715,7803.5,568,ES,
2026-08-14,716,7803.25,793,ES,
2026-08-14,717,7804.5,524,ES,
2026-08-14,718,7804.0,825,ES,
2026-08-14,719,7804.25,583,ES,
2026-08-14,720,7807.5,817,ES,
2026-08-14,721,7806.5,907,ES,
2026-08-14,722,7805.5,659,ES,
2026-08-14,723,7807.0,969,ES,
2026-08-14,724,7806.5,726,ES,
2026-08-14,725,7806.75,450,ES,
2026-08-14,726,7806.0,609,ES,
2026-08-14,727,7806.0,668,ES,
2026-08-14,728,7805.0,495,ES,
2026-08-14,729,7804.25,1006,ES,
2026-08-14,730,7805.25,818,ES,
2026-08-14,731,7804.75,744,ES,
2026-08-14,732,7806.25,607,ES,
2026-08-14,733,7806.5,945,ES,
2026-08-14,734,7807.5,627,ES,
2026-08-14,735,7807.75,1052,ES,
2026-08-14,736,7808.25,771,ES,
2026-08-14,737,7809.0,741,ES,
2026-08-14,738,7808.75,870,ES,
2026-08-14,739,7808.0,810,ES,
2026-08-14,740,7807.5,743,ES,
2026-08-14,741,7808.75,662,ES,
2026-08-14,742,7807.75,357,ES,
2026-08-14,743,7807.5,626,ES,
2026-08-14,744,7808.5,380,ES,
2026-08-14,745,7808.75,360,ES,
2026-08-14,746,7809.25,677,ES,
2026-08-14,747,7809.0,406,ES,
2026-08-14,748,7808.5,593,ES,
2026-08-14,749,7808.75,446,ES,
2026-08-14,750,7809.0,887,ES,
2026-08-14,751,7807.0,735,ES,
2026-08-14,752,7805.5,623,ES,
2026-08-14,753,7805.75,578,ES,
2026-08-14,754,7805.75,557,ES,
2026-08-14,755,7805.75,247,ES,
2026-08-14,765,7803.0,7048,ES,
2026-08-14,766,7802.5,682,ES,
2026-08-14,767,7802.5,868,ES,
2026-08-14,768,7803.5,705,ES,
2026-08-14,769,7803.25,722,ES,
2026-08-14,770,7801.0,895,ES,
2026-08-14,771,7801.0,593,ES,
2026-08-14,772,7800.75,412,ES,
2026-08-14,773,7801.25,896,ES,
2026-08-14,774,7801.25,1121,ES,
2026-08-14,775,7801.75,621,ES,
2026-08-14,776,7801.75,521,ES,
2026-08-14,777,7801.0,373,ES,
2026-08-14,778,7799.0,701,ES,
2026-08-14,779,7799.25,1009,ES,
2026-08-14,780,7800.25,705,ES,
2026-08-14,781,7800.25,902,ES,
2026-08-14,782,7798.75,993,ES,
2026-08-14,783,7800.5,778,ES,
2026-08-14,784,7800.25,417,ES,
2026-08-14,785,7800.25,690,ES,
2026-08-14,786,7800.25,614,ES,
2026-08-14,787,7801.5,881,ES,
2026-08-14,788,7801.5,412,ES,
2026-08-14,789,7801.0,440,ES,
2026-08-14,790,7801.25,477,ES,
2026-08-14,791,7802.5,884,ES,
2026-08-14,792,7802.5,941,ES,
2026-08-14,793,7802.0,649,ES,
2026-08-14,794,7802.75,398,ES,
2026-08-14,795,7802.5,434,ES,
2026-08-14,796,7800.25,646,ES,
2026-08-14,797,7801.5,500,ES,
2026-08-14,798,7802.0,432,ES,
2026-08-14,799,7802.0,337,ES,
2026-08-14,800,7802.25,530,ES,
2026-08-14,801,7801.75,412,ES,
2026-08-14,802,7802.75,482,ES,
2026-08-14,803,7802.0,402,ES,
2026-08-14,804,7800.75,517,ES,
2026-08-14,805,7799.75,734,ES,
2026-08-14,806,7800.0,670,ES,
2026-08-14,807,7800.25,708,ES,
2026-08-14,808,7800.25,555,ES,
2026-08-14,809,7799.75,423,ES,
2026-08-14,810,7799.75,762,ES,
2026-08-14,811,7800.75,881,ES,
2026-08-14,812,7801.5,849,ES,
2026-08-14,813,7800.5,610,ES,
2026-08-14,814,7800.5,443,ES,
2026-08-14,815,7800.25,347,ES,
2026-08-14,816,7799.25,482,ES,
2026-08-14,817,7797.25,1226,ES,
2026-08-14,818,7797.25,1410,ES,
2026-08-14,819,7797.75,511,ES,
2026-08-14,820,7798.25,602,ES,
2026-08-14,821,7797.75,781,ES,
2026-08-14,822,7797.25,562,ES,
2026-08-14,823,7797.25,472,ES,
2026-08-14,824,7798.25,568,ES,
2026-08-14,825,7798.25,941,ES,
2026-08-14,826,7799.25,625,ES,
2026-08-14,827,7799.5,426,ES,
2026-08-14,828,7798.5,875,ES,
2026-08-14,829,7798.25,660,ES,
2026-08-14,830,7797.5,646,ES,
2026-08-14,831,7798.5,383,ES,
2026-08-14,832,7799.0,455,ES,
2026-08-14,833,7800.25,526,ES,
2026-08-14,834,7800.0,520,ES,
2026-08-14,835,7799.25,538,ES,
2026-08-14,836,7800.25,345,ES,
2026-08-14,837,7800.75,598,ES,
2026-08-14,838,7800.5,419,ES,
2026-08-14,839,7800.5,364,ES,
2026-08-14,840,7800.0,882,ES,
2026-08-14,841,7800.5,767,ES,
2026-08-14,842,7802.75,898,ES,
2026-08-14,843,7802.5,589,ES,
2026-08-14,844,7802.5,508,ES,
2026-08-14,845,7802.75,588,ES,
2026-08-14,846,7801.75,1022,ES,
2026-08-14,847,7802.25,740,ES,
2026-08-14,848,7803.0,746,ES,
2026-08-14,849,7804.0,473,ES,
2026-08-14,850,7804.5,517,ES,
2026-08-14,851,7804.25,434,ES,
2026-08-14,852,7804.75,657,ES,
2026-08-14,853,7805.0,504,ES,
2026-08-14,854,7804.0,707,ES,
2026-08-14,855,7805.25,517,ES,
2026-08-14,856,7805.5,506,ES,
2026-08-14,857,7805.0,613,ES,
2026-08-14,858,7805.25,351,ES,
2026-08-14,859,7804.5,434,ES,
2026-08-14,860,7804.0,557,ES,
2026-08-14,861,7805.25,569,ES,
2026-08-14,862,7805.0,566,ES,
2026-08-14,863,7804.5,460,ES,
2026-08-14,864,7804.5,429,ES,
2026-08-14,865,7804.75,281,ES,
2026-08-14,866,7804.0,425,ES,
2026-08-14,867,7803.25,600,ES,
2026-08-14,868,7801.5,968,ES,
2026-08-14,869,7801.75,750,ES,
2026-08-14,870,7802.75,964,ES,
2026-08-14,871,7802.0,588,ES,
2026-08-14,872,7801.75,706,ES,
2026-08-14,873,7801.5,412,ES,
2026-08-14,874,7801.5,852,ES,
2026-08-14,875,7800.75,487,ES,
2026-08-14,876,7801.25,418,ES,
2026-08-14,877,7802.0,625,ES,
2026-08-14,878,7802.25,696,ES,
2026-08-14,879,7802.25,390,ES,
2026-08-14,880,7803.5,771,ES,
2026-08-14,881,7804.0,662,ES,
2026-08-14,882,7804.5,630,ES,
2026-08-14,883,7804.25,512,ES,
2026-08-14,884,7804.5,534,ES,
2026-08-14,885,7804.0,596,ES,
2026-08-14,886,7803.5,500,ES,
2026-08-14,887,7804.0,443,ES,
2026-08-14,888,7804.0,248,ES,
2026-08-14,889,7805.25,360,ES,
2026-08-14,890,7807.0,722,ES,
2026-08-14,891,7807.0,519,ES,
2026-08-14,892,7806.25,751,ES,
2026-08-14,893,7806.5,456,ES,
2026-08-14,894,7806.25,539,ES,
2026-08-14,895,7804.75,378,ES,
2026-08-14,896,7805.25,380,ES,
2026-08-14,897,7805.0,243,ES,
2026-08-14,898,7804.25,551,ES,
2026-08-14,899,7804.25,388,ES,
2026-08-14,900,7802.75,891,ES,
2026-08-14,901,7804.25,750,ES,
2026-08-14,902,7803.25,392,ES,
2026-08-14,903,7803.25,500,ES,
2026-08-14,904,7802.5,564,ES,
2026-08-14,905,7803.25,354,ES,
2026-08-14,906,7802.5,510,ES,
2026-08-14,907,7802.5,406,ES,
2026-08-14,908,7803.5,347,ES,
2026-08-14,909,7804.25,661,ES,
2026-08-14,910,7803.75,676,ES,
2026-08-14,911,7803.0,369,ES,
2026-08-14,912,7803.75,684,ES,
2026-08-14,913,7804.0,310,ES,
2026-08-14,914,7803.25,557,ES,
2026-08-14,915,7803.5,331,ES,
2026-08-14,916,7802.0,793,ES,
2026-08-14,917,7802.25,402,ES,
2026-08-14,918,7803.5,596,ES,
2026-08-14,919,7802.75,381,ES,
2026-08-14,920,7802.75,495,ES,
2026-08-14,921,7801.75,563,ES,
2026-08-14,922,7802.25,554,ES,
2026-08-14,923,7802.75,402,ES,
2026-08-14,924,7803.75,714,ES,
2026-08-14,925,7805.0,503,ES,
2026-08-14,926,7805.0,496,ES,
2026-08-14,927,7804.0,389,ES,
2026-08-14,928,7805.5,642,ES,
2026-08-14,929,7804.25,688,ES,
2026-08-14,930,7804.0,675,ES,
2026-08-14,931,7804.0,690,ES,
2026-08-14,932,7804.5,712,ES,
2026-08-14,933,7804.5,585,ES,
2026-08-14,934,7805.25,603,ES,
2026-08-14,935,7804.25,741,ES,
2026-08-14,936,7803.75,960,ES,
2026-08-14,937,7803.25,611,ES,
2026-08-14,938,7804.0,630,ES,
2026-08-14,939,7804.0,495,ES,
2026-08-14,940,7805.5,820,ES,
2026-08-14,941,7804.5,527,ES,
2026-08-14,942,7804.75,708,ES,
2026-08-14,943,7805.0,727,ES,
2026-08-14,944,7804.25,564,ES,
2026-08-14,945,7803.25,1058,ES,
2026-08-14,946,7802.5,552,ES,
2026-08-14,947,7803.25,579,ES,
2026-08-14,948,7803.5,814,ES,
2026-08-14,949,7804.5,1003,ES,
2026-08-14,950,7805.25,1444,ES,
2026-08-14,951,7805.75,802,ES,
2026-08-14,952,7804.5,1336,ES,
2026-08-14,953,7804.5,964,ES,
2026-08-14,954,7804.5,1356,ES,
2026-08-14,955,7803.25,1404,ES,
2026-08-14,956,7802.75,938,ES,
2026-08-14,957,7803.0,1000,ES,
2026-08-14,958,7803.0,1885,ES,
2026-08-14,959,7805.25,5914,ES,
2026-08-17,570,7806.75,358,ES,
2026-08-17,571,7809.0,227,ES,
2026-08-17,572,7802.5,235,ES,
2026-08-17,573,7802.0,281,ES,
2026-08-17,574,7797.25,221,ES,
2026-08-17,575,7799.0,321,ES,
2026-08-17,576,7798.75,171,ES,
2026-08-17,577,7797.25,333,ES,
2026-08-17,578,7797.75,385,ES,
2026-08-17,579,7798.0,3,ES,
2026-08-17,580,7796.75,517,ES,
2026-08-17,581,7797.25,364,ES,
2026-08-17,583,7796.5,260,ES,
2026-08-17,584,7797.25,106,ES,
2026-08-17,585,7796.25,422,ES,
2026-08-17,586,7794.25,205,ES,
2026-08-17,587,7796.25,141,ES,
2026-08-17,588,7801.0,273,ES,
2026-08-17,590,7798.5,488,ES,
2026-08-17,591,7798.5,141,ES,
2026-08-17,593,7797.5,263,ES,
2026-08-17,595,7798.75,262,ES,
2026-08-17,596,7797.0,356,ES,
2026-08-17,597,7796.5,296,ES,
2026-08-17,599,7793.5,279,ES,
2026-08-17,600,7792.75,11,ES,
2026-08-17,601,7793.75,555,ES,
2026-08-17,603,7792.75,180,ES,
2026-08-17,604,7795.5,189,ES,
2026-08-17,605,7794.75,138,ES,
2026-08-17,606,7795.0,154,ES,
2026-08-17,607,7795.0,262,ES,
2026-08-17,608,7793.25,415,ES,
2026-08-17,610,7796.75,242,ES,
2026-08-17,611,7796.25,404,ES,
2026-08-17,614,7798.0,219,ES,
2026-08-17,615,7796.75,180,ES,
2026-08-17,616,7795.75,117,ES,
2026-08-17,618,7795.25,172,ES,
2026-08-17,622,7792.75,60,ES,
2026-08-17,624,7792.75,219,ES,
2026-08-17,625,7792.5,231,ES,
2026-08-17,627,7792.75,245,ES,
2026-08-17,628,7791.75,226,ES,
2026-08-17,630,7796.5,56,ES,
2026-08-17,631,7796.5,417,ES,
2026-08-17,633,7796.5,371,ES,
2026-08-17,634,7797.0,344,ES,
2026-08-17,635,7794.5,449,ES,
2026-08-17,636,7793.5,498,ES,
2026-08-17,637,7792.5,1199,ES,
2026-08-17,638,7792.25,189,ES,
2026-08-17,639,7792.25,62,ES,
2026-08-17,640,7792.0,256,ES,
2026-08-17,641,7793.25,593,ES,
2026-08-17,642,7793.25,24,ES,
2026-08-17,644,7793.0,260,ES,
2026-08-17,645,7793.75,321,ES,
2026-08-17,646,7793.5,470,ES,
2026-08-17,648,7794.5,291,ES,
2026-08-17,650,7794.0,339,ES,
2026-08-17,651,7795.5,140,ES,
2026-08-17,654,7790.75,741,ES,
2026-08-17,655,7790.75,92,ES,
2026-08-17,656,7790.5,331,ES,
2026-08-17,657,7791.75,276,ES,
2026-08-17,658,7793.75,314,ES,
2026-08-17,659,7793.75,172,ES,
2026-08-17,660,7793.75,220,ES,
2026-08-17,661,7795.0,437,ES,
2026-08-17,662,7794.5,330,ES,
2026-08-17,663,7794.75,274,ES,
2026-08-17,665,7794.75,263,ES,
2026-08-17,667,7796.5,140,ES,
2026-08-17,668,7796.5,80,ES,
2026-08-17,669,7795.0,383,ES,
2026-08-17,670,7795.5,45,ES,
2026-08-17,671,7796.0,229,ES,
2026-08-17,672,7796.25,585,ES,
2026-08-17,673,7796.0,281,ES,
2026-08-17,675,7796.25,156,ES,
2026-08-17,676,7797.25,74,ES,
2026-08-17,677,7797.5,149,ES,
2026-08-17,678,7797.5,157,ES,
2026-08-17,679,7798.25,136,ES,
2026-08-17,680,7798.75,232,ES,
2026-08-17,681,7799.25,535,ES,
2026-08-17,682,7799.0,312,ES,
2026-08-17,683,7798.5,396,ES,
2026-08-17,685,7797.0,299,ES,
2026-08-17,686,7797.0,86,ES,
2026-08-17,690,7798.0,212,ES,
2026-08-17,692,7795.25,433,ES,
2026-08-17,693,7794.25,142,ES,
2026-08-17,694,7793.75,404,ES,
2026-08-17,695,7794.0,87,ES,
2026-08-17,696,7792.5,504,ES,
2026-08-17,697,7792.75,267,ES,
2026-08-17,699,7791.5,573,ES,
2026-08-17,700,7790.5,215,ES,
2026-08-17,701,7790.25,758,ES,
2026-08-17,702,7790.25,459,ES,
2026-08-17,703,7790.25,257,ES,
2026-08-17,705,7791.75,292,ES,
2026-08-17,706,7792.25,412,ES,
2026-08-17,707,7792.0,193,ES,
2026-08-17,708,7792.75,391,ES,
2026-08-17,710,7792.25,216,ES,
2026-08-17,712,7793.75,375,ES,
2026-08-17,713,7795.0,43,ES,
2026-08-17,714,7794.5,380,ES,
2026-08-17,715,7795.0,358,ES,
2026-08-17,716,7795.25,180,ES,
2026-08-17,719,7794.25,292,ES,
2026-08-17,720,7793.25,259,ES,
2026-08-17,721,7793.25,30,ES,
2026-08-17,722,7793.0,375,ES,
2026-08-17,723,7793.5,166,ES,
2026-08-17,724,7793.5,59,ES,
2026-08-17,725,7793.0,3,ES,
2026-08-17,726,7791.75,247,ES,
2026-08-17,727,7792.25,337,ES,
2026-08-17,728,7793.25,447,ES,
2026-08-17,729,7793.25,261,ES,
2026-08-17,732,7794.25,139,ES,
2026-08-17,733,7795.5,173,ES,
2026-08-17,735,7796.25,437,ES,
2026-08-17,738,7795.75,525,ES,
2026-08-17,739,7796.25,332,ES,
2026-08-17,740,7796.0,265,ES,
2026-08-17,742,7796.75,209,ES,
2026-08-17,743,7797.0,1,ES,
2026-08-17,744,7795.25,382,ES,
2026-08-17,745,7795.25,713,ES,
2026-08-17,747,7794.25,251,ES,
2026-08-17,750,7794.25,573,ES,
2026-08-17,751,7793.5,486,ES,
2026-08-17,752,7792.5,840,ES,
2026-08-17,753,7792.75,667,ES,
2026-08-17,754,7792.25,345,ES,
2026-08-17,755,7792.75,360,ES,
2026-08-17,756,7792.5,550,ES,
2026-08-17,757,7793.0,424,ES,
2026-08-17,758,7793.0,1077,ES,
2026-08-17,759,7794.25,391,ES,
2026-08-17,760,7792.75,350,ES,
2026-08-17,761,7791.75,512,ES,
2026-08-17,762,7791.5,372,ES,
2026-08-17,763,7791.75,251,ES,
2026-08-17,764,7790.5,1262,ES,
2026-08-17,765,7790.25,754,ES,
2026-08-17,766,7791.5,936,ES,
2026-08-17,767,7790.75,440,ES,
2026-08-17,768,7790.5,474,ES,
2026-08-17,769,7791.25,281,ES,
2026-08-17,770,7791.25,304,ES,
2026-08-17,771,7791.0,386,ES,
2026-08-17,772,7790.25,578,ES,
2026-08-17,773,7788.75,760,ES,
2026-08-17,774,7790.0,693,ES,
2026-08-17,775,7789.75,591,ES,
2026-08-17,776,7789.25,561,ES,
2026-08-17,777,7787.5,604,ES,
2026-08-17,778,7788.75,793,ES,
2026-08-17,779,7788.0,1006,ES,
2026-08-17,780,7788.0,920,ES,
2026-08-17,781,7788.5,446,ES,
2026-08-17,782,7788.25,670,ES,
2026-08-17,783,7788.25,492,ES,
2026-08-17,784,7788.0,561,ES,
2026-08-17,785,7786.5,726,ES,
2026-08-17,786,7787.0,558,ES,
2026-08-17,787,7786.5,618,ES,
2026-08-17,788,7786.25,675,ES,
2026-08-17,789,7786.75,778,ES,
2026-08-17,790,7786.5,638,ES,
2026-08-17,791,7787.25,619,ES,
2026-08-17,792,7786.0,759,ES,
2026-08-17,793,7786.0,512,ES,
2026-08-17,794,7785.5,599,ES,
2026-08-17,795,7784.75,357,ES,
2026-08-17,796,7784.25,390,ES,
2026-08-17,797,7783.75,203,ES,
2026-08-17,798,7784.5,375,ES,
2026-08-17,799,7783.75,342,ES,
2026-08-17,801,7782.5,261,ES,
2026-08-17,802,7782.25,68,ES,
2026-08-17,803,7780.0,627,ES,
2026-08-17,804,7778.25,1629,ES,
2026-08-17,805,7777.25,930,ES,
2026-08-17,806,7777.25,341,ES,
2026-08-17,807,7777.25,535,ES,
2026-08-17,808,7776.75,1106,ES,
2026-08-17,809,7776.75,29,ES,
2026-08-17,810,7777.5,861,ES,
2026-08-17,811,7777.5,415,ES,
2026-08-17,812,7778.75,672,ES,
2026-08-17,813,7778.0,305,ES,
2026-08-17,814,7775.25,493,ES,
2026-08-17,815,7774.75,36,ES,
2026-08-17,816,7776.0,159,ES,
2026-08-17,817,7775.0,487,ES,
2026-08-17,818,7774.25,420,ES,
2026-08-17,819,7773.5,530,ES,
2026-08-17,821,7775.25,378,ES,
2026-08-17,822,7776.0,584,ES,
2026-08-17,823,7777.75,270,ES,
2026-08-17,824,7778.5,840,ES,
2026-08-17,825,7779.0,988,ES,
2026-08-17,826,7777.25,969,ES,
2026-08-17,827,7776.75,572,ES,
2026-08-17,828,7776.0,196,ES,
2026-08-17,829,7776.25,477,ES,
2026-08-17,830,7776.0,420,ES,
2026-08-17,831,7775.25,533,ES,
2026-08-17,832,7775.5,159,ES,
2026-08-17,834,7776.25,170,ES,
2026-08-17,835,7776.0,806,ES,
2026-08-17,836,7775.25,387,ES,
2026-08-17,840,7776.0,121,ES,
2026-08-17,842,7776.0,2,ES,
2026-08-17,843,7775.75,874,ES,
2026-08-17,844,7775.5,163,ES,
2026-08-17,846,7776.0,224,ES,
2026-08-17,847,7775.75,443,ES,
2026-08-17,849,7775.0,311,ES,
2026-08-17,850,7774.75,584,ES,
2026-08-17,851,7775.75,358,ES,
2026-08-17,853,7777.5,434,ES,
2026-08-17,854,7778.0,263,ES,
2026-08-17,855,7777.0,100,ES,
2026-08-17,856,7777.75,268,ES,
2026-08-17,857,7778.5,430,ES,
2026-08-17,858,7776.5,468,ES,
2026-08-17,859,7776.5,79,ES,
2026-08-17,860,7775.75,622,ES,
2026-08-17,861,7776.5,471,ES,
2026-08-17,862,7777.25,750,ES,
2026-08-17,863,7778.0,503,ES,
2026-08-17,864,7778.0,510,ES,
2026-08-17,865,7779.0,452,ES,
2026-08-17,867,7775.75,347,ES,
2026-08-17,868,7775.5,293,ES,
2026-08-17,869,7776.5,560,ES,
2026-08-17,870,7775.25,1255,ES,
2026-08-17,871,7773.75,752,ES,
2026-08-17,872,7774.25,938,ES,
2026-08-17,873,7773.25,585,ES,
2026-08-17,874,7773.25,597,ES,
2026-08-17,875,7775.0,768,ES,
2026-08-17,876,7774.75,565,ES,
2026-08-17,877,7774.75,576,ES,
2026-08-17,878,7775.25,683,ES,
2026-08-17,879,7775.5,316,ES,
2026-08-17,880,7775.5,267,ES,
2026-08-17,881,7775.75,705,ES,
2026-08-17,882,7776.0,216,ES,
2026-08-17,883,7776.75,248,ES,
2026-08-17,884,7776.75,383,ES,
2026-08-17,885,7776.5,230,ES,
2026-08-17,886,7776.75,286,ES,
2026-08-17,887,7777.0,196,ES,
2026-08-17,888,7778.25,579,ES,
2026-08-17,889,7778.0,500,ES,
2026-08-17,890,7778.0,595,ES,
2026-08-17,891,7778.5,676,ES,
2026-08-17,892,7777.25,444,ES,
2026-08-17,893,7776.75,838,ES,
2026-08-17,894,7776.75,926,ES,
2026-08-17,895,7776.75,897,ES,
2026-08-17,896,7776.25,493,ES,
2026-08-17,897,7776.25,736,ES,
2026-08-17,898,7776.5,352,ES,
2026-08-17,899,7776.0,561,ES,
2026-08-17,900,7776.0,696,ES,
2026-08-17,901,7775.25,468,ES,
2026-08-17,902,7774.0,614,ES,
2026-08-17,903,7773.75,447,ES,
2026-08-17,904,7774.0,712,ES,
2026-08-17,905,7774.25,731,ES,
2026-08-17,906,7774.25,693,ES,
2026-08-17,907,7773.5,459,ES,
2026-08-17,908,7773.5,564,ES,
2026-08-17,909,7773.5,509,ES,
2026-08-17,910,7773.5,396,ES,
2026-08-17,911,7774.25,436,ES,
2026-08-17,912,7773.5,666,ES,
2026-08-17,913,7772.75,608,ES,
2026-08-17,914,7772.5,465,ES,
2026-08-17,915,7773.75,697,ES,
2026-08-17,916,7774.25,434,ES,
2026-08-17,917,7775.25,1203,ES,
2026-08-17,918,7775.5,935,ES,
2026-08-17,919,7774.75,735,ES,
2026-08-17,920,7774.75,679,ES,
2026-08-17,921,7774.5,577,ES,
2026-08-17,922,7774.0,456,ES,
2026-08-17,923,7774.0,455,ES,
2026-08-17,924,7773.5,449,ES,
2026-08-17,925,7774.75,536,ES,
2026-08-17,926,7773.25,625,ES,
2026-08-17,927,7772.75,569,ES,
2026-08-17,928,7773.25,186,ES,
2026-08-17,929,7772.0,874,ES,
2026-08-17,930,7770.25,1333,ES,
2026-08-17,931,7770.25,1505,ES,
2026-08-17,932,7769.0,1307,ES,
2026-08-17,933,7770.25,954,ES,
2026-08-17,934,7770.5,836,ES,
2026-08-17,935,7771.0,841,ES,
2026-08-17,936,7770.5,913,ES,
2026-08-17,937,7770.75,608,ES,
2026-08-17,938,7771.75,584,ES,
2026-08-17,939,7771.25,612,ES,
2026-08-17,940,7771.0,467,ES,
2026-08-17,941,7769.5,695,ES,
2026-08-17,942,7769.25,789,ES,
2026-08-17,943,7770.0,1071,ES,
2026-08-17,945,7771.25,533,ES,
2026-08-17,946,7772.75,518,ES,
2026-08-17,947,7773.0,288,ES,
2026-08-17,948,7773.5,263,ES,
2026-08-17,950,7770.25,183,ES,
2026-08-17,951,7770.0,231,ES,
2026-08-17,952,7769.5,374,ES,
2026-08-17,953,7769.5,885,ES,
2026-08-17,954,7768.75,281,ES,
2026-08-17,955,7767.0,1463,ES,
2026-08-17,956,7767.5,1379,ES,
2026-08-17,957,7768.0,965,ES,
2026-08-17,958,7770.5,1643,ES,
2026-08-17,959,7768.5,7294,ES,
2026-08-18,570,7727.0,2437,ES,
2026-08-18,571,7733.0,1999,ES,
2026-08-18,572,7724.25,1754,ES,
2026-08-18,573,7721.75,2127,ES,
2026-08-18,574,7725.5,1439,ES,
2026-08-18,575,7725.5,1415,ES,
2026-08-18,576,7724.25,1135,ES,
2026-08-18,577,7724.5,1398,ES,
2026-08-18,578,7729.75,1135,ES,
2026-08-18,579,7731.25,1222,ES,
2026-08-18,580,7732.5,1601,ES,
2026-08-18,581,7734.25,1003,ES,
2026-08-18,582,7732.0,1234,ES,
2026-08-18,583,7731.0,1279,ES,
2026-08-18,584,7727.5,1233,ES,
2026-08-18,585,7730.0,1582,ES,
2026-08-18,586,7726.0,897,ES,
2026-08-18,587,7727.75,1118,ES,
2026-08-18,588,7727.0,896,ES,
2026-08-18,589,7724.75,922,ES,
2026-08-18,590,7726.0,1297,ES,
2026-08-18,591,7724.5,1030,ES,
2026-08-18,592,7722.0,855,ES,
2026-08-18,593,7723.5,971,ES,
2026-08-18,594,7725.75,721,ES,
2026-08-18,595,7722.0,894,ES,
2026-08-18,596,7728.0,1033,ES,
2026-08-18,597,7725.5,747,ES,
2026-08-18,598,7726.5,691,ES,
2026-08-18,599,7724.75,840,ES,
2026-08-18,600,7724.25,1351,ES,
2026-08-18,601,7725.5,1034,ES,
2026-08-18,602,7729.5,1048,ES,
2026-08-18,603,7728.25,1113,ES,
2026-08-18,604,7729.5,1154,ES,
2026-08-18,605,7724.75,1869,ES,
2026-08-18,606,7727.5,1120,ES,
2026-08-18,607,7730.75,1281,ES,
2026-08-18,608,7728.75,841,ES,
2026-08-18,609,7725.5,1226,ES,
2026-08-18,610,7723.0,1274,ES,
2026-08-18,611,7718.5,1261,ES,
2026-08-18,612,7717.5,1197,ES,
2026-08-18,613,7719.75,1235,ES,
2026-08-18,614,7721.25,1358,ES,
2026-08-18,615,7725.75,1356,ES,
2026-08-18,616,7726.25,1579,ES,
2026-08-18,617,7722.75,1192,ES,
2026-08-18,618,7728.0,960,ES,
2026-08-18,619,7725.75,798,ES,
2026-08-18,620,7727.0,1331,ES,
2026-08-18,621,7722.5,1107,ES,
2026-08-18,622,7722.25,1144,ES,
2026-08-18,623,7725.5,955,ES,
2026-08-18,624,7728.0,1372,ES,
2026-08-18,625,7729.25,1319,ES,
2026-08-18,626,7729.75,1352,ES,
2026-08-18,627,7729.25,1119,ES,
2026-08-18,628,7728.0,843,ES,
2026-08-18,629,7726.5,743,ES,
2026-08-18,630,7730.25,1449,ES,
2026-08-18,631,7729.25,1008,ES,
2026-08-18,632,7731.75,1192,ES,
2026-08-18,633,7731.0,846,ES,
2026-08-18,634,7727.5,886,ES,
2026-08-18,635,7729.75,1059,ES,
2026-08-18,636,7730.25,808,ES,
2026-08-18,637,7729.75,842,ES,
2026-08-18,638,7729.75,1058,ES,
2026-08-18,639,7731.0,928,ES,
2026-08-18,640,7730.0,1105,ES,
2026-08-18,641,7728.75,630,ES,
2026-08-18,642,7725.5,1022,ES,
2026-08-18,643,7726.0,777,ES,
2026-08-18,644,7724.25,1030,ES,
2026-08-18,645,7722.5,1234,ES,
2026-08-18,646,7725.0,976,ES,
2026-08-18,647,7723.75,1351,ES,
2026-08-18,648,7726.0,1255,ES,
2026-08-18,649,7724.75,1101,ES,
2026-08-18,650,7726.0,1076,ES,
2026-08-18,651,7727.25,1259,ES,
2026-08-18,652,7723.75,1246,ES,
2026-08-18,653,7721.75,1909,ES,
2026-08-18,654,7719.5,1429,ES,
2026-08-18,655,7720.25,1574,ES,
2026-08-18,656,7720.0,1156,ES,
2026-08-18,657,7719.25,1005,ES,
2026-08-18,658,7717.75,991,ES,
2026-08-18,659,7719.5,1358,ES,
2026-08-18,660,7717.0,1278,ES,
2026-08-18,661,7715.5,1080,ES,
2026-08-18,662,7717.5,1293,ES,
2026-08-18,663,7720.75,1327,ES,
2026-08-18,664,7722.25,1602,ES,
2026-08-18,665,7722.5,1109,ES,
2026-08-18,666,7723.0,902,ES,
2026-08-18,667,7723.0,948,ES,
2026-08-18,668,7720.5,768,ES,
2026-08-18,669,7718.0,724,ES,
2026-08-18,670,7718.25,905,ES,
2026-08-18,671,7718.5,1112,ES,
2026-08-18,672,7718.5,947,ES,
2026-08-18,673,7717.75,1097,ES,
2026-08-18,674,7717.75,1146,ES,
2026-08-18,675,7717.5,965,ES,
2026-08-18,676,7718.25,917,ES,
2026-08-18,677,7716.0,735,ES,
2026-08-18,678,7717.5,837,ES,
2026-08-18,679,7714.75,1009,ES,
2026-08-18,680,7714.5,1652,ES,
2026-08-18,681,7714.75,1568,ES,
2026-08-18,682,7715.75,1095,ES,
2026-08-18,683,7716.75,898,ES,
2026-08-18,684,7715.5,836,ES,
2026-08-18,685,7715.0,1112,ES,
2026-08-18,686,7716.5,875,ES,
2026-08-18,687,7716.5,685,ES,
2026-08-18,688,7719.0,1443,ES,
2026-08-18,689,7718.5,1147,ES,
2026-08-18,690,7720.75,1224,ES,
2026-08-18,691,7719.25,1660,ES,
2026-08-18,692,7717.75,786,ES,
2026-08-18,693,7719.0,1120,ES,
2026-08-18,694,7718.75,1119,ES,
2026-08-18,695,7717.25,1076,ES,
2026-08-18,696,7717.5,851,ES,
2026-08-18,697,7717.5,634,ES,
2026-08-18,698,7718.75,930,ES,
2026-08-18,699,7718.25,664,ES,
2026-08-18,700,7719.25,1025,ES,
2026-08-18,701,7721.5,1152,ES,
2026-08-18,702,7720.25,1015,ES,
2026-08-18,703,7719.5,698,ES,
2026-08-18,704,7720.5,687,ES,
2026-08-18,705,7723.0,999,ES,
2026-08-18,706,7724.0,947,ES,
2026-08-18,707,7724.5,992,ES,
2026-08-18,708,7723.75,982,ES,
2026-08-18,709,7724.0,836,ES,
2026-08-18,710,7721.25,756,ES,
2026-08-18,711,7722.25,634,ES,
2026-08-18,712,7724.5,1065,ES,
2026-08-18,713,7724.5,957,ES,
2026-08-18,714,7724.75,1111,ES,
2026-08-18,715,7723.75,954,ES,
2026-08-18,716,7722.75,938,ES,
2026-08-18,717,7721.0,801,ES,
2026-08-18,718,7721.0,850,ES,
2026-08-18,719,7723.5,755,ES,
2026-08-18,720,7724.5,1126,ES,
2026-08-18,721,7723.75,693,ES,
2026-08-18,722,7725.25,711,ES,
2026-08-18,723,7725.0,1042,ES,
2026-08-18,724,7725.5,675,ES,
2026-08-18,725,7725.75,1019,ES,
2026-08-18,726,7723.75,805,ES,
2026-08-18,727,7724.75,1237,ES,
2026-08-18,728,7724.5,951,ES,
2026-08-18,729,7723.5,931,ES,
2026-08-18,730,7725.25,909,ES,
2026-08-18,731,7726.5,1020,ES,
2026-08-18,732,7726.5,710,ES,
2026-08-18,733,7726.5,851,ES,
2026-08-18,734,7725.75,815,ES,
2026-08-18,735,7724.0,887,ES,
2026-08-18,736,7723.5,824,ES,
2026-08-18,737,7724.0,769,ES,
2026-08-18,738,7722.5,803,ES,
2026-08-18,739,7723.0,482,ES,
2026-08-18,740,7725.0,949,ES,
2026-08-18,741,7726.5,874,ES,
2026-08-18,742,7727.75,1270,ES,
2026-08-18,743,7727.0,931,ES,
2026-08-18,744,7726.5,727,ES,
2026-08-18,745,7726.5,616,ES,
2026-08-18,746,7724.75,1374,ES,
2026-08-18,747,7722.75,911,ES,
2026-08-18,748,7721.75,934,ES,
2026-08-18,749,7721.75,756,ES,
2026-08-18,750,7722.0,1018,ES,
2026-08-18,751,7721.25,724,ES,
2026-08-18,752,7723.0,782,ES,
2026-08-18,753,7722.0,711,ES,
2026-08-18,754,7723.0,558,ES,
2026-08-18,755,7722.5,717,ES,
2026-08-18,756,7722.0,586,ES,
2026-08-18,757,7723.0,688,ES,
2026-08-18,758,7724.25,910,ES,
2026-08-18,759,7724.25,907,ES,
2026-08-18,760,7724.75,910,ES,
2026-08-18,761,7724.5,742,ES,
2026-08-18,762,7723.5,622,ES,
2026-08-18,763,7722.5,578,ES,
2026-08-18,764,7723.5,538,ES,
2026-08-18,765,7721.75,521,ES,
2026-08-18,766,7726.0,704,ES,
2026-08-18,767,7725.75,1078,ES,
2026-08-18,768,7728.0,1051,ES,
2026-08-18,769,7727.75,684,ES,
2026-08-18,770,7728.0,747,ES,
2026-08-18,771,7727.5,528,ES,
2026-08-18,772,7726.75,782,ES,
2026-08-18,773,7728.0,752,ES,
2026-08-18,774,7728.0,612,ES,
2026-08-18,775,7726.25,742,ES,
2026-08-18,776,7726.25,724,ES,
2026-08-18,777,7726.5,566,ES,
2026-08-18,778,7726.5,545,ES,
2026-08-18,779,7726.25,432,ES,
2026-08-18,780,7725.25,830,ES,
2026-08-18,781,7723.5,995,ES,
2026-08-18,782,7725.5,784,ES,
2026-08-18,783,7726.5,728,ES,
2026-08-18,784,7725.5,1144,ES,
2026-08-18,785,7725.25,873,ES,
2026-08-18,786,7725.25,1013,ES,
2026-08-18,787,7724.75,434,ES,
2026-08-18,788,7726.25,608,ES,
2026-08-18,789,7727.5,474,ES,
2026-08-18,790,7726.75,698,ES,
2026-08-18,791,7725.0,562,ES,
2026-08-18,792,7727.0,547,ES,
2026-08-18,793,7726.0,532,ES,
2026-08-18,794,7726.0,425,ES,
2026-08-18,795,7724.5,645,ES,
2026-08-18,796,7724.0,707,ES,
2026-08-18,797,7723.75,405,ES,
2026-08-18,798,7723.75,750,ES,
2026-08-18,799,7723.0,285,ES,
2026-08-18,800,7723.5,813,ES,
2026-08-18,801,7725.0,513,ES,
2026-08-18,802,7723.75,426,ES,
2026-08-18,803,7723.25,491,ES,
2026-08-18,804,7722.75,795,ES,
2026-08-18,805,7720.75,583,ES,
2026-08-18,806,7721.75,579,ES,
2026-08-18,807,7720.75,593,ES,
2026-08-18,808,7722.0,544,ES,
2026-08-18,809,7722.75,882,ES,
2026-08-18,810,7720.75,1087,ES,
2026-08-18,811,7722.75,1088,ES,
2026-08-18,812,7722.75,502,ES,
2026-08-18,813,7722.75,539,ES,
2026-08-18,814,7722.0,366,ES,
2026-08-18,815,7722.0,667,ES,
2026-08-18,816,7720.5,714,ES,
2026-08-18,817,7721.0,682,ES,
2026-08-18,818,7723.75,515,ES,
2026-08-18,819,7722.0,512,ES,
2026-08-18,820,7721.5,674,ES,
2026-08-18,821,7721.0,483,ES,
2026-08-18,822,7721.0,414,ES,
2026-08-18,823,7720.75,469,ES,
2026-08-18,824,7720.75,369,ES,
2026-08-18,825,7720.75,557,ES,
2026-08-18,826,7720.0,566,ES,
2026-08-18,827,7720.25,558,ES,
2026-08-18,828,7720.5,315,ES,
2026-08-18,829,7720.0,541,ES,
2026-08-18,830,7720.0,906,ES,
2026-08-18,831,7720.5,455,ES,
2026-08-18,832,7721.0,519,ES,
2026-08-18,833,7721.0,662,ES,
2026-08-18,834,7720.5,643,ES,
2026-08-18,835,7720.0,814,ES,
2026-08-18,836,7718.75,774,ES,
2026-08-18,837,7717.75,850,ES,
2026-08-18,838,7717.5,749,ES,
2026-08-18,839,7716.0,1079,ES,
2026-08-18,840,7716.25,1574,ES,
2026-08-18,841,7716.0,742,ES,
2026-08-18,842,7715.75,815,ES,
2026-08-18,843,7715.75,649,ES,
2026-08-18,844,7716.25,528,ES,
2026-08-18,845,7715.5,885,ES,
2026-08-18,846,7715.75,538,ES,
2026-08-18,847,7716.25,699,ES,
2026-08-18,848,7715.75,586,ES,
2026-08-18,849,7715.0,834,ES,
2026-08-18,850,7715.0,827,ES,
2026-08-18,851,7715.75,726,ES,
2026-08-18,852,7716.75,580,ES,
2026-08-18,853,7719.75,1478,ES,
2026-08-18,854,7720.5,1103,ES,
2026-08-18,855,7721.5,1072,ES,
2026-08-18,856,7721.0,613,ES,
2026-08-18,857,7722.25,600,ES,
2026-08-18,858,7723.0,842,ES,
2026-08-18,859,7723.75,1293,ES,
2026-08-18,860,7723.25,1303,ES,
2026-08-18,861,7724.75,925,ES,
2026-08-18,862,7723.5,1845,ES,
2026-08-18,863,7722.5,1274,ES,
2026-08-18,864,7722.75,370,ES,
2026-08-18,865,7721.25,750,ES,
2026-08-18,866,7722.5,614,ES,
2026-08-18,867,7722.75,656,ES,
2026-08-18,868,7723.5,582,ES,
2026-08-18,869,7723.75,650,ES,
2026-08-18,870,7723.25,638,ES,
2026-08-18,871,7723.75,854,ES,
2026-08-18,872,7722.25,844,ES,
2026-08-18,873,7722.0,365,ES,
2026-08-18,874,7723.5,540,ES,
2026-08-18,875,7724.0,907,ES,
2026-08-18,876,7723.5,424,ES,
2026-08-18,877,7724.0,530,ES,
2026-08-18,878,7724.25,213,ES,
2026-08-18,879,7723.5,407,ES,
2026-08-18,880,7722.25,742,ES,
2026-08-18,881,7721.5,1045,ES,
2026-08-18,882,7722.0,942,ES,
2026-08-18,883,7722.25,1034,ES,
2026-08-18,884,7721.5,620,ES,
2026-08-18,885,7721.25,959,ES,
2026-08-18,886,7721.0,721,ES,
2026-08-18,887,7722.25,620,ES,
2026-08-18,888,7721.0,811,ES,
2026-08-18,889,7720.75,964,ES,
2026-08-18,890,7720.25,557,ES,
2026-08-18,891,7719.75,591,ES,
2026-08-18,892,7718.75,521,ES,
2026-08-18,893,7719.0,437,ES,
2026-08-18,894,7718.0,556,ES,
2026-08-18,895,7718.0,1118,ES,
2026-08-18,896,7718.0,920,ES,
2026-08-18,897,7718.0,935,ES,
2026-08-18,898,7717.75,1120,ES,
2026-08-18,899,7717.0,1105,ES,
2026-08-18,900,7717.5,1073,ES,
2026-08-18,901,7718.0,956,ES,
2026-08-18,902,7718.0,645,ES,
2026-08-18,903,7718.0,920,ES,
2026-08-18,904,7717.75,515,ES,
2026-08-18,905,7717.25,504,ES,
2026-08-18,906,7717.0,622,ES,
2026-08-18,907,7717.75,727,ES,
2026-08-18,908,7718.75,764,ES,
2026-08-18,909,7718.5,822,ES,
2026-08-18,910,7719.25,519,ES,
2026-08-18,911,7717.0,1272,ES,
2026-08-18,912,7716.25,878,ES,
2026-08-18,913,7716.5,364,ES,
2026-08-18,914,7716.5,506,ES,
2026-08-18,915,7717.0,922,ES,
2026-08-18,916,7717.5,694,ES,
2026-08-18,917,7717.25,723,ES,
2026-08-18,918,7718.25,548,ES,
2026-08-18,919,7719.0,924,ES,
2026-08-18,920,7718.5,528,ES,
2026-08-18,921,7718.5,694,ES,
2026-08-18,922,7720.5,1602,ES,
2026-08-18,923,7720.0,595,ES,
2026-08-18,924,7721.75,1022,ES,
2026-08-18,925,7721.5,564,ES,
2026-08-18,926,7721.25,1635,ES,
2026-08-18,927,7721.5,503,ES,
2026-08-18,928,7721.5,743,ES,
2026-08-18,929,7720.75,732,ES,
2026-08-18,930,7721.5,1364,ES,
2026-08-18,931,7720.75,1059,ES,
2026-08-18,932,7720.75,775,ES,
2026-08-18,933,7720.25,791,ES,
2026-08-18,934,7719.5,823,ES,
2026-08-18,935,7719.5,697,ES,
2026-08-18,936,7719.5,619,ES,
2026-08-18,937,7720.0,719,ES,
2026-08-18,938,7720.0,453,ES,
2026-08-18,939,7720.25,274,ES,
2026-08-18,940,7719.0,771,ES,
2026-08-18,941,7718.5,916,ES,
2026-08-18,942,7719.0,1004,ES,
2026-08-18,943,7719.5,1042,ES,
2026-08-18,944,7719.5,807,ES,
2026-08-18,945,7719.5,1561,ES,
2026-08-18,946,7719.25,659,ES,
2026-08-18,947,7717.75,569,ES,
2026-08-18,948,7718.0,829,ES,
2026-08-18,949,7719.75,959,ES,
2026-08-18,950,7718.75,2621,ES,
2026-08-18,951,7717.5,810,ES,
2026-08-18,952,7717.5,1045,ES,
2026-08-18,953,7716.75,2518,ES,
2026-08-18,954,7714.75,2372,ES,
2026-08-18,955,7715.5,2526,ES,
2026-08-18,956,7714.5,1072,ES,
2026-08-18,957,7713.25,1638,ES,
2026-08-18,958,7715.0,2886,ES,
2026-08-18,959,7715.0,9233,ES,
2026-08-19,570,7743.25,3236,ES,
2026-08-19,571,7743.5,1668,ES,
2026-08-19,572,7743.75,1145,ES,
2026-08-19,573,7739.5,1086,ES,
2026-08-19,574,7739.75,1456,ES,
2026-08-19,575,7741.0,1231,ES,
2026-08-19,576,7738.25,1527,ES,
2026-08-19,577,7739.0,1224,ES,
2026-08-19,578,7735.5,920,ES,
2026-08-19,579,7734.5,1548,ES,
2026-08-19,580,7733.5,1324,ES,
2026-08-19,581,7733.25,1148,ES,
2026-08-19,582,7739.25,1049,ES,
2026-08-19,583,7741.0,1220,ES,
2026-08-19,584,7740.5,817,ES,
2026-08-19,585,7742.75,1287,ES,
2026-08-19,586,7740.5,1139,ES,
2026-08-19,587,7738.5,973,ES,
2026-08-19,588,7728.75,2594,ES,
2026-08-19,589,7725.0,1335,ES,
2026-08-19,590,7727.25,1640,ES,
2026-08-19,591,7723.25,1398,ES,
2026-08-19,592,7727.5,1347,ES,
2026-08-19,593,7733.25,1363,ES,
2026-08-19,594,7736.0,1002,ES,
2026-08-19,595,7739.5,1017,ES,
2026-08-19,596,7741.0,1147,ES,
2026-08-19,597,7742.0,1111,ES,
2026-08-19,598,7742.25,1308,ES,
2026-08-19,599,7739.5,960,ES,
2026-08-19,600,7739.25,1399,ES,
2026-08-19,601,7738.0,1852,ES,
2026-08-19,602,7736.5,1028,ES,
2026-08-19,603,7736.0,1284,ES,
2026-08-19,604,7736.0,917,ES,
2026-08-19,605,7737.0,880,ES,
2026-08-19,606,7737.0,1329,ES,
2026-08-19,607,7736.5,906,ES,
2026-08-19,608,7735.75,1863,ES,
2026-08-19,609,7737.75,929,ES,
2026-08-19,610,7733.75,1255,ES,
2026-08-19,611,7731.25,1042,ES,
2026-08-19,612,7732.5,1589,ES,
2026-08-19,613,7734.25,1347,ES,
2026-08-19,614,7727.0,1427,ES,
2026-08-19,615,7732.5,1873,ES,
2026-08-19,616,7737.5,1476,ES,
2026-08-19,617,7738.0,1128,ES,
2026-08-19,618,7740.25,1341,ES,
2026-08-19,619,7737.25,1258,ES,
2026-08-19,620,7740.5,969,ES,
2026-08-19,621,7736.25,1083,ES,
2026-08-19,622,7734.0,1016,ES,
2026-08-19,623,7736.75,957,ES,
2026-08-19,624,7735.5,885,ES,
2026-08-19,625,7732.5,986,ES,
2026-08-19,626,7734.0,1128,ES,
2026-08-19,627,7736.75,1017,ES,
2026-08-19,628,7737.75,1235,ES,
2026-08-19,629,7739.5,966,ES,
2026-08-19,630,7739.5,1156,ES,
2026-08-19,631,7742.5,1134,ES,
2026-08-19,632,7742.25,977,ES,
2026-08-19,633,7743.0,782,ES,
2026-08-19,634,7741.75,950,ES,
2026-08-19,635,7745.0,967,ES,
2026-08-19,636,7745.0,1192,ES,
2026-08-19,637,7748.5,1152,ES,
2026-08-19,638,7751.0,1800,ES,
2026-08-19,639,7751.5,1258,ES,
2026-08-19,640,7751.75,1449,ES,
2026-08-19,641,7749.75,1034,ES,
2026-08-19,642,7750.5,1202,ES,
2026-08-19,643,7750.0,811,ES,
2026-08-19,644,7750.5,814,ES,
2026-08-19,645,7751.5,1023,ES,
2026-08-19,646,7751.25,764,ES,
2026-08-19,647,7751.25,1021,ES,
2026-08-19,648,7748.75,913,ES,
2026-08-19,649,7747.25,1117,ES,
2026-08-19,650,7748.0,1014,ES,
2026-08-19,651,7748.75,990,ES,
2026-08-19,652,7749.5,1043,ES,
2026-08-19,653,7753.75,1180,ES,
2026-08-19,654,7753.25,976,ES,
2026-08-19,655,7753.75,1207,ES,
2026-08-19,656,7757.5,1482,ES,
2026-08-19,657,7756.75,1221,ES,
2026-08-19,658,7760.25,1096,ES,
2026-08-19,659,7761.75,1424,ES,
2026-08-19,660,7762.0,1527,ES,
2026-08-19,661,7762.25,1786,ES,
2026-08-19,662,7761.0,1123,ES,
2026-08-19,663,7761.25,1141,ES,
2026-08-19,664,7761.75,832,ES,
2026-08-19,665,7761.5,1318,ES,
2026-08-19,666,7759.5,838,ES,
2026-08-19,667,7759.25,1320,ES,
2026-08-19,668,7756.25,1087,ES,
2026-08-19,669,7754.75,982,ES,
2026-08-19,670,7756.0,1013,ES,
2026-08-19,671,7755.75,690,ES,
2026-08-19,672,7758.75,984,ES,
2026-08-19,673,7758.0,998,ES,
2026-08-19,674,7758.0,737,ES,
2026-08-19,675,7754.25,1422,ES,
2026-08-19,676,7756.0,651,ES,
2026-08-19,677,7755.5,694,ES,
2026-08-19,678,7754.75,1106,ES,
2026-08-19,679,7754.5,873,ES,
2026-08-19,680,7753.25,1009,ES,
2026-08-19,681,7752.5,1254,ES,
2026-08-19,682,7754.5,657,ES,
2026-08-19,683,7754.25,1235,ES,
2026-08-19,684,7751.25,861,ES,
2026-08-19,685,7750.0,1157,ES,
2026-08-19,686,7750.0,1066,ES,
2026-08-19,687,7750.0,966,ES,
2026-08-19,688,7750.75,778,ES,
2026-08-19,689,7750.75,1079,ES,
2026-08-19,690,7749.75,1186,ES,
2026-08-19,691,7749.0,869,ES,
2026-08-19,692,7748.5,1068,ES,
2026-08-19,693,7748.0,940,ES,
2026-08-19,694,7747.25,819,ES,
2026-08-19,695,7747.0,945,ES,
2026-08-19,696,7744.5,903,ES,
2026-08-19,697,7747.0,1110,ES,
2026-08-19,698,7745.5,700,ES,
2026-08-19,699,7745.0,906,ES,
2026-08-19,700,7741.25,1246,ES,
2026-08-19,701,7741.0,968,ES,
2026-08-19,702,7741.5,969,ES,
2026-08-19,703,7742.0,927,ES,
2026-08-19,704,7744.25,1107,ES,
2026-08-19,705,7744.25,1335,ES,
2026-08-19,706,7745.75,1239,ES,
2026-08-19,707,7744.5,996,ES,
2026-08-19,708,7747.5,962,ES,
2026-08-19,709,7743.25,1522,ES,
2026-08-19,710,7743.75,1201,ES,
2026-08-19,711,7743.25,985,ES,
2026-08-19,712,7743.0,830,ES,
2026-08-19,713,7741.5,904,ES,
2026-08-19,714,7740.75,1032,ES,
2026-08-19,715,7742.0,854,ES,
2026-08-19,716,7742.0,682,ES,
2026-08-19,717,7741.5,478,ES,
2026-08-19,718,7743.75,766,ES,
2026-08-19,719,7745.75,975,ES,
2026-08-19,720,7748.0,1583,ES,
2026-08-19,721,7748.75,922,ES,
2026-08-19,722,7750.0,1337,ES,
2026-08-19,723,7750.5,1189,ES,
2026-08-19,724,7752.5,867,ES,
2026-08-19,725,7752.5,973,ES,
2026-08-19,726,7752.5,747,ES,
2026-08-19,727,7754.75,1163,ES,
2026-08-19,728,7753.5,988,ES,
2026-08-19,729,7754.75,773,ES,
2026-08-19,730,7755.25,908,ES,
2026-08-19,731,7755.5,1270,ES,
2026-08-19,732,7755.75,601,ES,
2026-08-19,733,7755.25,685,ES,
2026-08-19,734,7755.0,580,ES,
2026-08-19,735,7757.0,1384,ES,
2026-08-19,736,7758.0,676,ES,
2026-08-19,737,7757.0,600,ES,
2026-08-19,738,7759.5,1069,ES,
2026-08-19,739,7758.0,1004,ES,
2026-08-19,740,7757.0,1086,ES,
2026-08-19,741,7755.25,950,ES,
2026-08-19,742,7754.75,646,ES,
2026-08-19,743,7754.25,896,ES,
2026-08-19,744,7753.75,778,ES,
2026-08-19,745,7751.25,1054,ES,
2026-08-19,746,7751.5,939,ES,
2026-08-19,747,7750.5,921,ES,
2026-08-19,748,7747.5,1373,ES,
2026-08-19,749,7746.0,966,ES,
2026-08-19,750,7745.5,1062,ES,
2026-08-19,751,7745.0,924,ES,
2026-08-19,752,7744.75,906,ES,
2026-08-19,753,7746.25,776,ES,
2026-08-19,754,7746.75,869,ES,
2026-08-19,755,7742.75,1003,ES,
2026-08-19,756,7742.75,825,ES,
2026-08-19,757,7743.5,630,ES,
2026-08-19,758,7744.75,591,ES,
2026-08-19,759,7744.5,583,ES,
2026-08-19,760,7743.5,706,ES,
2026-08-19,761,7744.0,636,ES,
2026-08-19,762,7742.25,491,ES,
2026-08-19,763,7742.5,690,ES,
2026-08-19,764,7743.25,688,ES,
2026-08-19,765,7741.75,641,ES,
2026-08-19,766,7742.0,1088,ES,
2026-08-19,767,7742.75,738,ES,
2026-08-19,768,7742.5,1107,ES,
2026-08-19,769,7741.0,980,ES,
2026-08-19,770,7738.75,1094,ES,
2026-08-19,771,7739.25,1493,ES,
2026-08-19,772,7739.25,1494,ES,
2026-08-19,773,7737.0,1022,ES,
2026-08-19,774,7738.0,808,ES,
2026-08-19,775,7737.0,709,ES,
2026-08-19,776,7736.25,671,ES,
2026-08-19,777,7734.5,978,ES,
2026-08-19,778,7735.75,775,ES,
2026-08-19,779,7736.0,529,ES,
2026-08-19,780,7738.75,752,ES,
2026-08-19,781,7738.5,579,ES,
2026-08-19,782,7738.5,554,ES,
2026-08-19,783,7738.5,800,ES,
2026-08-19,784,7738.5,631,ES,
2026-08-19,785,7741.0,552,ES,
2026-08-19,786,7739.0,967,ES,
2026-08-19,787,7736.5,685,ES,
2026-08-19,788,7735.25,933,ES,
2026-08-19,789,7734.25,851,ES,
2026-08-19,790,7736.25,1042,ES,
2026-08-19,791,7736.25,920,ES,
2026-08-19,792,7739.0,803,ES,
2026-08-19,793,7738.25,794,ES,
2026-08-19,794,7737.75,710,ES,
2026-08-19,795,7737.5,696,ES,
2026-08-19,796,7738.25,535,ES,
2026-08-19,797,7738.0,559,ES,
2026-08-19,798,7735.25,833,ES,
2026-08-19,799,7733.75,1113,ES,
2026-08-19,800,7733.25,957,ES,
2026-08-19,801,7730.25,801,ES,
2026-08-19,802,7731.0,1023,ES,
2026-08-19,803,7732.75,867,ES,
2026-08-19,804,7732.25,745,ES,
2026-08-19,805,7731.75,710,ES,
2026-08-19,806,7734.0,706,ES,
2026-08-19,807,7733.5,792,ES,
2026-08-19,808,7735.75,1202,ES,
2026-08-19,809,7735.0,929,ES,
2026-08-19,810,7735.5,972,ES,
2026-08-19,811,7733.0,695,ES,
2026-08-19,812,7731.75,911,ES,
2026-08-19,813,7732.25,592,ES,
2026-08-19,814,7731.5,686,ES,
2026-08-19,815,7732.75,1066,ES,
2026-08-19,816,7734.25,934,ES,
2026-08-19,817,7732.0,773,ES,
2026-08-19,818,7732.5,498,ES,
2026-08-19,819,7731.75,585,ES,
2026-08-19,820,7732.75,552,ES,
2026-08-19,821,7734.0,586,ES,
2026-08-19,822,7735.75,972,ES,
2026-08-19,823,7736.0,734,ES,
2026-08-19,824,7735.0,508,ES,
2026-08-19,825,7736.5,852,ES,
2026-08-19,826,7736.25,546,ES,
2026-08-19,827,7735.5,625,ES,
2026-08-19,828,7736.5,712,ES,
2026-08-19,829,7734.75,1065,ES,
2026-08-19,830,7734.25,671,ES,
2026-08-19,831,7736.75,948,ES,
2026-08-19,832,7736.5,546,ES,
2026-08-19,833,7737.5,715,ES,
2026-08-19,834,7735.5,509,ES,
2026-08-19,835,7734.25,797,ES,
2026-08-19,836,7735.25,391,ES,
2026-08-19,837,7733.75,466,ES,
2026-08-19,838,7733.75,499,ES,
2026-08-19,839,7734.75,440,ES,
2026-08-19,840,7737.75,840,ES,
2026-08-19,841,7740.5,1217,ES,
2026-08-19,842,7743.25,1174,ES,
2026-08-19,843,7743.25,1056,ES,
2026-08-19,844,7740.75,772,ES,
2026-08-19,845,7737.75,962,ES,
2026-08-19,846,7734.5,1085,ES,
2026-08-19,847,7732.25,1645,ES,
2026-08-19,848,7731.25,1105,ES,
2026-08-19,849,7729.25,1195,ES,
2026-08-19,850,7730.25,813,ES,
2026-08-19,851,7733.0,857,ES,
2026-08-19,852,7734.25,722,ES,
2026-08-19,853,7734.0,1103,ES,
2026-08-19,854,7734.0,669,ES,
2026-08-19,855,7732.0,705,ES,
2026-08-19,856,7730.75,1133,ES,
2026-08-19,857,7730.0,791,ES,
2026-08-19,858,7732.0,845,ES,
2026-08-19,859,7732.5,851,ES,
2026-08-19,860,7732.25,484,ES,
2026-08-19,861,7733.75,712,ES,
2026-08-19,862,7731.75,775,ES,
2026-08-19,863,7732.5,721,ES,
2026-08-19,864,7732.0,663,ES,
2026-08-19,865,7733.75,688,ES,
2026-08-19,866,7733.25,816,ES,
2026-08-19,867,7733.0,583,ES,
2026-08-19,868,7733.0,707,ES,
2026-08-19,869,7734.75,807,ES,
2026-08-19,870,7738.5,1148,ES,
2026-08-19,871,7737.5,915,ES,
2026-08-19,872,7736.75,864,ES,
2026-08-19,873,7736.5,641,ES,
2026-08-19,874,7738.25,578,ES,
2026-08-19,875,7738.0,947,ES,
2026-08-19,876,7737.25,622,ES,
2026-08-19,877,7736.75,660,ES,
2026-08-19,878,7736.25,938,ES,
2026-08-19,879,7737.5,910,ES,
2026-08-19,880,7738.0,1006,ES,
2026-08-19,881,7739.25,1269,ES,
2026-08-19,882,7738.5,619,ES,
2026-08-19,883,7738.25,466,ES,
2026-08-19,884,7737.25,654,ES,
2026-08-19,885,7737.0,715,ES,
2026-08-19,886,7735.5,826,ES,
2026-08-19,887,7736.75,576,ES,
2026-08-19,888,7735.75,634,ES,
2026-08-19,889,7737.75,679,ES,
2026-08-19,890,7737.5,833,ES,
2026-08-19,891,7736.5,884,ES,
2026-08-19,892,7735.25,660,ES,
2026-08-19,893,7736.0,741,ES,
2026-08-19,894,7736.25,839,ES,
2026-08-19,895,7736.5,574,ES,
2026-08-19,896,7735.0,612,ES,
2026-08-19,897,7734.75,551,ES,
2026-08-19,898,7736.25,649,ES,
2026-08-19,899,7734.5,615,ES,
2026-08-19,900,7736.75,1287,ES,
2026-08-19,901,7736.75,868,ES,
2026-08-19,902,7735.75,938,ES,
2026-08-19,903,7736.0,837,ES,
2026-08-19,904,7735.75,625,ES,
2026-08-19,905,7735.25,493,ES,
2026-08-19,906,7735.5,749,ES,
2026-08-19,907,7736.5,601,ES,
2026-08-19,908,7737.75,618,ES,
2026-08-19,909,7738.5,700,ES,
2026-08-19,910,7738.0,685,ES,
2026-08-19,911,7738.0,531,ES,
2026-08-19,912,7737.5,591,ES,
2026-08-19,913,7737.0,493,ES,
2026-08-19,914,7736.5,817,ES,
2026-08-19,915,7737.0,1361,ES,
2026-08-19,916,7736.25,1460,ES,
2026-08-19,917,7736.5,713,ES,
2026-08-19,918,7738.0,644,ES,
2026-08-19,919,7739.75,951,ES,
2026-08-19,920,7739.5,875,ES,
2026-08-19,921,7736.5,825,ES,
2026-08-19,922,7738.0,683,ES,
2026-08-19,923,7738.5,726,ES,
2026-08-19,924,7739.0,765,ES,
2026-08-19,925,7738.5,672,ES,
2026-08-19,926,7738.25,927,ES,
2026-08-19,927,7738.25,654,ES,
2026-08-19,928,7737.5,994,ES,
2026-08-19,929,7735.75,987,ES,
2026-08-19,930,7739.25,1197,ES,
2026-08-19,931,7739.75,700,ES,
2026-08-19,932,7742.0,1871,ES,
2026-08-19,933,7741.5,810,ES,
2026-08-19,934,7741.5,896,ES,
2026-08-19,935,7737.5,1738,ES,
2026-08-19,936,7734.25,1297,ES,
2026-08-19,937,7732.5,1231,ES,
2026-08-19,938,7733.25,825,ES,
2026-08-19,939,7731.5,1031,ES,
2026-08-19,940,7732.0,861,ES,
2026-08-19,941,7732.25,1259,ES,
2026-08-19,942,7731.25,885,ES,
2026-08-19,943,7730.5,1182,ES,
2026-08-19,944,7729.5,840,ES,
2026-08-19,945,7728.0,1274,ES,
2026-08-19,946,7727.0,833,ES,
2026-08-19,947,7727.5,1375,ES,
2026-08-19,948,7726.75,1049,ES,
2026-08-19,949,7727.25,1252,ES,
2026-08-19,950,7724.0,2812,ES,
2026-08-19,951,7724.0,1232,ES,
2026-08-19,952,7724.5,1304,ES,
2026-08-19,953,7725.5,1455,ES,
2026-08-19,954,7727.0,1983,ES,
2026-08-19,955,7722.75,3137,ES,
2026-08-19,956,7724.5,1390,ES,
2026-08-19,957,7727.25,1840,ES,
2026-08-19,958,7728.5,2247,ES,
2026-08-19,959,7731.25,7237,ES,
2026-08-20,719,7695.75,510,ES,
2026-08-20,721,7693.5,185,ES,
2026-08-20,722,7698.25,836,ES,
2026-08-20,723,7696.5,864,ES,
2026-08-20,724,7693.75,704,ES,
2026-08-20,725,7694.25,863,ES,
2026-08-20,726,7694.75,1125,ES,
2026-08-20,727,7694.25,1110,ES,
2026-08-20,728,7697.75,807,ES,
2026-08-20,729,7698.25,848,ES,
2026-08-20,730,7697.0,961,ES,
2026-08-20,731,7698.0,863,ES,
2026-08-20,732,7696.0,517,ES,
2026-08-20,733,7693.25,840,ES,
2026-08-20,734,7693.25,744,ES,
2026-08-20,735,7693.5,673,ES,
2026-08-20,736,7693.25,629,ES,
2026-08-20,737,7693.5,763,ES,
2026-08-20,738,7694.0,534,ES,
2026-08-20,739,7694.25,702,ES,
2026-08-20,740,7693.75,874,ES,
2026-08-20,741,7694.5,609,ES,
2026-08-20,742,7693.5,889,ES,
2026-08-20,743,7696.25,1067,ES,
2026-08-20,744,7697.25,1040,ES,
2026-08-20,745,7698.0,867,ES,
2026-08-20,746,7697.0,583,ES,
2026-08-20,747,7695.75,678,ES,
2026-08-20,748,7696.0,725,ES,
2026-08-20,749,7695.5,679,ES,
2026-08-20,750,7692.75,1073,ES,
2026-08-20,751,7692.0,684,ES,
2026-08-20,752,7693.25,506,ES,
2026-08-20,753,7695.75,899,ES,
2026-08-20,754,7699.25,1558,ES,
2026-08-20,755,7699.5,823,ES,
2026-08-20,756,7701.0,1166,ES,
2026-08-20,757,7700.25,1011,ES,
2026-08-20,758,7700.75,588,ES,
2026-08-20,759,7701.0,860,ES,
2026-08-20,760,7702.75,964,ES,
2026-08-20,761,7702.0,1016,ES,
2026-08-20,762,7701.5,732,ES,
2026-08-20,763,7701.5,1212,ES,
2026-08-20,764,7704.75,1064,ES,
2026-08-20,765,7702.0,1076,ES,
2026-08-20,766,7704.0,753,ES,
2026-08-20,767,7703.75,787,ES,
2026-08-20,768,7702.5,739,ES,
2026-08-20,769,7701.75,608,ES,
2026-08-20,770,7702.25,718,ES,
2026-08-20,771,7701.0,1034,ES,
2026-08-20,772,7700.75,601,ES,
2026-08-20,773,7700.25,635,ES,
2026-08-20,774,7699.75,740,ES,
2026-08-20,775,7699.5,771,ES,
2026-08-20,776,7699.0,868,ES,
2026-08-20,777,7699.25,934,ES,
2026-08-20,778,7700.5,715,ES,
2026-08-20,779,7702.0,880,ES,
2026-08-20,780,7700.75,645,ES,
2026-08-20,781,7698.75,525,ES,
2026-08-20,782,7698.0,687,ES,
2026-08-20,783,7698.25,569,ES,
2026-08-20,784,7698.5,561,ES,
2026-08-20,785,7697.75,652,ES,
2026-08-20,786,7696.25,1002,ES,
2026-08-20,787,7695.5,582,ES,
2026-08-20,788,7695.0,927,ES,
2026-08-20,789,7695.0,433,ES,
2026-08-20,790,7694.5,753,ES,
2026-08-20,791,7695.25,615,ES,
2026-08-20,792,7695.5,837,ES,
2026-08-20,793,7694.0,449,ES,
2026-08-20,794,7693.25,693,ES,
2026-08-20,795,7691.0,525,ES,
2026-08-20,796,7689.25,992,ES,
2026-08-20,797,7688.25,784,ES,
2026-08-20,798,7688.25,1166,ES,
2026-08-20,799,7686.5,1274,ES,
2026-08-20,800,7688.0,1406,ES,
2026-08-20,801,7687.75,941,ES,
2026-08-20,802,7689.25,1335,ES,
2026-08-20,803,7689.5,1225,ES,
2026-08-20,804,7688.25,1039,ES,
2026-08-20,805,7687.5,703,ES,
2026-08-20,806,7687.25,633,ES,
2026-08-20,807,7685.5,876,ES,
2026-08-20,808,7686.0,870,ES,
2026-08-20,809,7685.5,823,ES,
2026-08-20,810,7685.5,959,ES,
2026-08-20,811,7686.5,775,ES,
2026-08-20,812,7685.5,683,ES,
2026-08-20,813,7685.0,692,ES,
2026-08-20,814,7684.0,822,ES,
2026-08-20,815,7684.5,1053,ES,
2026-08-20,816,7683.5,1155,ES,
2026-08-20,817,7682.25,1073,ES,
2026-08-20,818,7683.0,999,ES,
2026-08-20,819,7682.75,802,ES,
2026-08-20,820,7681.75,797,ES,
2026-08-20,821,7681.0,496,ES,
2026-08-20,822,7681.25,800,ES,
2026-08-20,823,7681.0,819,ES,
2026-08-20,824,7682.5,1120,ES,
2026-08-20,825,7684.0,1212,ES,
2026-08-20,826,7684.5,1231,ES,
2026-08-20,827,7685.0,741,ES,
2026-08-20,828,7685.5,1011,ES,
2026-08-20,829,7685.25,710,ES,
2026-08-20,830,7687.5,1049,ES,
2026-08-20,831,7687.0,758,ES,
2026-08-20,832,7686.25,871,ES,
2026-08-20,833,7686.5,830,ES,
2026-08-20,834,7685.75,672,ES,
2026-08-20,835,7685.25,992,ES,
2026-08-20,836,7685.75,763,ES,
2026-08-20,837,7686.0,757,ES,
2026-08-20,838,7684.75,1004,ES,
2026-08-20,839,7683.5,767,ES,
2026-08-20,840,7681.5,1458,ES,
2026-08-20,841,7680.5,1159,ES,
2026-08-20,842,7678.5,1067,ES,
2026-08-20,843,7679.25,915,ES,
2026-08-20,844,7679.25,748,ES,
2026-08-20,845,7676.75,1358,ES,
2026-08-20,846,7676.25,1000,ES,
2026-08-20,847,7675.0,1282,ES,
2026-08-20,848,7674.25,638,ES,
2026-08-20,849,7675.25,738,ES,
2026-08-20,850,7672.25,1284,ES,
2026-08-20,851,7673.25,1140,ES,
2026-08-20,852,7673.75,1026,ES,
2026-08-20,853,7674.25,1015,ES,
2026-08-20,854,7673.75,892,ES,
2026-08-20,855,7672.5,971,ES,
2026-08-20,856,7670.25,1109,ES,
2026-08-20,857,7671.75,1400,ES,
2026-08-20,858,7673.5,882,ES,
2026-08-20,859,7675.0,1308,ES,
2026-08-20,860,7676.75,1157,ES,
2026-08-20,861,7676.25,796,ES,
2026-08-20,862,7675.5,842,ES,
2026-08-20,863,7675.75,833,ES,
2026-08-20,864,7674.25,975,ES,
2026-08-20,865,7673.5,951,ES,
2026-08-20,866,7673.0,475,ES,
2026-08-20,867,7673.25,680,ES,
2026-08-20,868,7674.0,785,ES,
2026-08-20,869,7673.75,925,ES,
2026-08-20,870,7673.25,1060,ES,
2026-08-20,871,7673.0,619,ES,
2026-08-20,872,7672.5,533,ES,
2026-08-20,873,7671.0,875,ES,
2026-08-20,874,7671.25,1039,ES,
2026-08-20,875,7671.75,837,ES,
2026-08-20,876,7674.25,902,ES,
2026-08-20,877,7673.75,656,ES,
2026-08-20,878,7673.75,794,ES,
2026-08-20,879,7672.25,489,ES,
2026-08-20,880,7671.25,800,ES,
2026-08-20,881,7671.75,808,ES,
2026-08-20,882,7673.0,848,ES,
2026-08-20,883,7673.5,771,ES,
2026-08-20,884,7673.75,855,ES,
2026-08-20,885,7673.5,1298,ES,
2026-08-20,886,7673.0,624,ES,
2026-08-20,887,7675.25,1051,ES,
2026-08-20,888,7676.0,1223,ES,
2026-08-20,889,7675.25,791,ES,
2026-08-20,890,7674.0,660,ES,
2026-08-20,891,7675.0,831,ES,
2026-08-20,892,7674.5,615,ES,
2026-08-20,893,7673.75,671,ES,
2026-08-20,894,7674.25,604,ES,
2026-08-20,895,7674.25,992,ES,
2026-08-20,896,7673.75,479,ES,
2026-08-20,897,7673.0,1209,ES,
2026-08-20,898,7672.5,703,ES,
2026-08-20,899,7670.5,1072,ES,
2026-08-20,900,7671.0,1285,ES,
2026-08-20,901,7670.25,792,ES,
2026-08-20,902,7672.0,685,ES,
2026-08-20,903,7671.5,887,ES,
2026-08-20,904,7672.25,678,ES,
2026-08-20,905,7673.25,948,ES,
2026-08-20,906,7674.0,825,ES,
2026-08-20,907,7674.5,1027,ES,
2026-08-20,908,7674.5,657,ES,
2026-08-20,909,7674.5,709,ES,
2026-08-20,910,7673.25,578,ES,
2026-08-20,911,7672.75,948,ES,
2026-08-20,912,7672.5,635,ES,
2026-08-20,913,7673.75,668,ES,
2026-08-20,914,7673.5,803,ES,
2026-08-20,915,7675.5,1114,ES,
2026-08-20,916,7674.75,864,ES,
2026-08-20,917,7672.75,848,ES,
2026-08-20,918,7673.0,728,ES,
2026-08-20,919,7671.75,863,ES,
2026-08-20,920,7671.0,941,ES,
2026-08-20,921,7671.5,847,ES,
2026-08-20,922,7673.25,962,ES,
2026-08-20,923,7674.0,1183,ES,
2026-08-20,924,7675.0,1406,ES,
2026-08-20,925,7674.75,1084,ES,
2026-08-20,926,7674.75,771,ES,
2026-08-20,927,7674.0,898,ES,
2026-08-20,928,7674.0,982,ES,
2026-08-20,929,7673.25,843,ES,
2026-08-20,930,7671.75,1331,ES,
2026-08-20,931,7671.25,812,ES,
2026-08-20,932,7671.75,876,ES,
2026-08-20,933,7670.5,875,ES,
2026-08-20,934,7670.25,1140,ES,
2026-08-20,935,7671.25,953,ES,
2026-08-20,936,7673.25,1089,ES,
2026-08-20,937,7672.0,1353,ES,
2026-08-20,938,7673.5,1160,ES,
2026-08-20,939,7673.25,1166,ES,
2026-08-20,940,7672.5,954,ES,
2026-08-20,941,7672.25,832,ES,
2026-08-20,942,7670.75,967,ES,
2026-08-20,943,7669.5,963,ES,
2026-08-20,944,7669.25,820,ES,
2026-08-20,945,7668.5,1545,ES,
2026-08-20,946,7667.0,1015,ES,
2026-08-20,947,7668.25,1235,ES,
2026-08-20,948,7669.25,1210,ES,
2026-08-20,949,7672.5,1256,ES,
2026-08-20,950,7671.0,2603,ES,
2026-08-20,951,7671.75,1737,ES,
2026-08-20,952,7672.0,1089,ES,
2026-08-20,953,7670.75,1279,ES,
2026-08-20,954,7667.25,1984,ES,
2026-08-20,955,7663.5,5098,ES,
2026-08-20,956,7662.25,1265,ES,
2026-08-20,957,7661.25,1661,ES,
2026-08-20,958,7663.75,2524,ES,
2026-08-20,959,7665.5,14425,ES,
2026-08-21,570,7689.0,3574,ES,
2026-08-21,571,7688.75,1652,ES,
2026-08-21,572,7687.5,1371,ES,
2026-08-21,573,7685.25,879,ES,
2026-08-21,574,7684.0,1397,ES,
2026-08-21,575,7683.25,2580,ES,
2026-08-21,576,7684.5,1545,ES,
2026-08-21,577,7686.5,1233,ES,
2026-08-21,578,7685.25,780,ES,
2026-08-21,579,7686.25,1384,ES,
2026-08-21,580,7685.75,1032,ES,
2026-08-21,581,7686.0,1226,ES,
2026-08-21,582,7685.25,1064,ES,
2026-08-21,583,7683.5,815,ES,
2026-08-21,584,7686.5,774,ES,
2026-08-21,585,7686.5,1103,ES,
2026-08-21,586,7687.0,519,ES,
2026-08-21,587,7685.0,1260,ES,
2026-08-21,588,7682.75,1025,ES,
2026-08-21,589,7685.0,1341,ES,
2026-08-21,590,7685.5,828,ES,
2026-08-21,591,7683.25,748,ES,
2026-08-21,592,7680.5,897,ES,
2026-08-21,593,7679.75,934,ES,
2026-08-21,594,7679.5,1116,ES,
2026-08-21,595,7679.5,1325,ES,
2026-08-21,596,7682.25,928,ES,
2026-08-21,597,7681.0,798,ES,
2026-08-21,598,7680.0,829,ES,
2026-08-21,599,7680.5,910,ES,
2026-08-21,600,7683.75,1109,ES,
2026-08-21,601,7683.75,962,ES,
2026-08-21,602,7681.5,1082,ES,
2026-08-21,603,7682.5,867,ES,
2026-08-21,604,7684.75,1013,ES,
2026-08-21,605,7688.25,1059,ES,
2026-08-21,606,7688.75,1330,ES,
2026-08-21,607,7687.75,1009,ES,
2026-08-21,608,7689.25,1155,ES,
2026-08-21,609,7687.75,763,ES,
2026-08-21,610,7689.0,944,ES,
2026-08-21,611,7688.0,848,ES,
2026-08-21,612,7685.25,953,ES,
2026-08-21,613,7684.0,1167,ES,
2026-08-21,614,7682.5,1268,ES,
2026-08-21,615,7684.5,1025,ES,
2026-08-21,616,7685.5,781,ES,
2026-08-21,617,7683.5,723,ES,
2026-08-21,618,7682.75,835,ES,
2026-08-21,619,7681.75,754,ES,
2026-08-21,620,7682.25,798,ES,
2026-08-21,621,7682.0,901,ES,
2026-08-21,622,7686.5,851,ES,
2026-08-21,623,7686.0,704,ES,
2026-08-21,624,7683.0,868,ES,
2026-08-21,625,7685.25,916,ES,
2026-08-21,626,7684.75,1006,ES,
2026-08-21,627,7684.75,1199,ES,
2026-08-21,628,7685.5,948,ES,
2026-08-21,629,7681.75,1048,ES,
2026-08-21,630,7683.0,1041,ES,
2026-08-21,631,7684.0,1228,ES,
2026-08-21,632,7682.5,1011,ES,
2026-08-21,633,7681.25,855,ES,
2026-08-21,634,7680.0,883,ES,
2026-08-21,635,7678.75,1003,ES,
2026-08-21,636,7678.0,1367,ES,
2026-08-21,637,7678.0,885,ES,
2026-08-21,638,7680.75,888,ES,
2026-08-21,639,7679.0,1062,ES,
2026-08-21,640,7680.5,790,ES,
2026-08-21,641,7677.75,610,ES,
2026-08-21,642,7679.0,791,ES,
2026-08-21,643,7683.0,1322,ES,
2026-08-21,644,7681.5,856,ES,
2026-08-21,645,7682.5,908,ES,
2026-08-21,646,7684.25,754,ES,
2026-08-21,647,7682.25,749,ES,
2026-08-21,648,7684.25,775,ES,
2026-08-21,649,7685.75,884,ES,
2026-08-21,650,7685.5,725,ES,
2026-08-21,651,7685.25,711,ES,
2026-08-21,652,7687.0,1364,ES,
2026-08-21,653,7686.75,682,ES,
2026-08-21,654,7686.0,915,ES,
2026-08-21,655,7689.0,906,ES,
2026-08-21,656,7690.75,713,ES,
2026-08-21,657,7691.0,1087,ES,
2026-08-21,658,7692.25,928,ES,
2026-08-21,659,7693.75,1043,ES,
2026-08-21,660,7696.0,1223,ES,
2026-08-21,661,7694.0,1413,ES,
2026-08-21,662,7693.25,847,ES,
2026-08-21,663,7697.0,641,ES,
2026-08-21,664,7698.0,848,ES,
2026-08-21,665,7697.0,1474,ES,
2026-08-21,666,7697.25,1098,ES,
2026-08-21,667,7697.0,967,ES,
2026-08-21,668,7696.25,617,ES,
2026-08-21,669,7693.75,1178,ES,
2026-08-21,670,7693.5,773,ES,
2026-08-21,671,7695.25,857,ES,
2026-08-21,672,7694.75,676,ES,
2026-08-21,673,7694.75,998,ES,
2026-08-21,674,7692.25,900,ES,
2026-08-21,675,7693.0,986,ES,
2026-08-21,676,7691.5,710,ES,
2026-08-21,677,7692.25,796,ES,
2026-08-21,678,7691.25,939,ES,
2026-08-21,679,7691.5,1021,ES,
2026-08-21,680,7690.75,915,ES,
2026-08-21,681,7691.75,837,ES,
2026-08-21,682,7693.5,921,ES,
2026-08-21,683,7693.5,594,ES,
2026-08-21,684,7690.5,690,ES,
2026-08-21,685,7690.25,900,ES,
2026-08-21,686,7692.75,807,ES,
2026-08-21,687,7693.5,726,ES,
2026-08-21,688,7695.0,1238,ES,
2026-08-21,689,7694.75,840,ES,
2026-08-21,690,7694.25,1375,ES,
2026-08-21,691,7694.25,1008,ES,
2026-08-21,692,7697.25,784,ES,
2026-08-21,693,7697.75,652,ES,
2026-08-21,694,7700.0,1708,ES,
2026-08-21,695,7700.5,1283,ES,
2026-08-21,696,7702.25,715,ES,
2026-08-21,697,7701.5,1108,ES,
2026-08-21,698,7701.75,1042,ES,
2026-08-21,699,7705.75,977,ES,
2026-08-21,700,7707.75,1136,ES,
2026-08-21,701,7709.0,1219,ES,
2026-08-21,702,7707.25,1056,ES,
2026-08-21,703,7707.0,1252,ES,
2026-08-21,704,7708.5,1126,ES,
2026-08-21,705,7708.75,1230,ES,
2026-08-21,706,7708.5,796,ES,
2026-08-21,707,7707.75,738,ES,
2026-08-21,708,7705.25,941,ES,
2026-08-21,709,7705.5,600,ES,
2026-08-21,710,7709.25,1199,ES,
2026-08-21,711,7710.75,1174,ES,
2026-08-21,712,7712.75,1067,ES,
2026-08-21,713,7713.25,1224,ES,
2026-08-21,714,7712.25,977,ES,
2026-08-21,715,7711.0,868,ES,
2026-08-21,716,7709.0,1319,ES,
2026-08-21,717,7707.75,1241,ES,
2026-08-21,718,7707.5,801,ES,
2026-08-21,719,7707.25,1025,ES,
2026-08-21,720,7705.75,1410,ES,
2026-08-21,721,7705.5,897,ES,
2026-08-21,722,7704.0,1100,ES,
2026-08-21,723,7704.0,969,ES,
2026-08-21,724,7702.75,962,ES,
2026-08-21,725,7701.5,1203,ES,
2026-08-21,726,7700.0,1134,ES,
2026-08-21,727,7701.0,1102,ES,
2026-08-21,728,7701.25,1378,ES,
2026-08-21,729,7698.5,916,ES,
2026-08-21,730,7699.5,883,ES,
2026-08-21,731,7699.5,1442,ES,
2026-08-21,732,7699.0,829,ES,
2026-08-21,733,7699.5,559,ES,
2026-08-21,734,7697.5,1073,ES,
2026-08-21,735,7698.75,964,ES,
2026-08-21,736,7699.75,955,ES,
2026-08-21,737,7699.5,783,ES,
2026-08-21,738,7696.5,689,ES,
2026-08-21,739,7695.5,1373,ES,
2026-08-21,740,7694.75,799,ES,
2026-08-21,741,7698.0,2489,ES,
2026-08-21,742,7697.5,1220,ES,
2026-08-21,743,7697.75,1052,ES,
2026-08-21,744,7697.25,660,ES,
2026-08-21,745,7697.5,629,ES,
2026-08-21,746,7697.5,696,ES,
2026-08-21,747,7699.25,839,ES,
2026-08-21,748,7700.25,909,ES,
2026-08-21,749,7700.5,495,ES,
2026-08-21,750,7699.5,1121,ES,
2026-08-21,751,7696.5,1032,ES,
2026-08-21,752,7697.25,109,ES,
2026-08-21,762,7699.75,6615,ES,
2026-08-21,763,7699.0,573,ES,
2026-08-21,764,7699.0,355,ES,
2026-08-21,765,7697.0,1238,ES,
2026-08-21,766,7697.0,486,ES,
2026-08-21,767,7697.25,478,ES,
2026-08-21,768,7697.25,481,ES,
2026-08-21,769,7696.5,559,ES,
2026-08-21,770,7694.0,1276,ES,
2026-08-21,771,7694.5,749,ES,
2026-08-21,772,7694.75,643,ES,
2026-08-21,773,7695.0,408,ES,
2026-08-21,774,7695.25,693,ES,
2026-08-21,775,7695.75,868,ES,
2026-08-21,776,7695.25,586,ES,
2026-08-21,777,7697.75,665,ES,
2026-08-21,778,7699.25,622,ES,
2026-08-21,779,7699.0,505,ES,
2026-08-21,780,7699.0,821,ES,
2026-08-21,781,7698.75,766,ES,
2026-08-21,782,7698.0,861,ES,
2026-08-21,783,7698.5,636,ES,
2026-08-21,784,7698.0,461,ES,
2026-08-21,785,7698.5,616,ES,
2026-08-21,786,7698.5,685,ES,
2026-08-21,787,7697.75,558,ES,
2026-08-21,788,7699.75,659,ES,
2026-08-21,789,7699.0,777,ES,
2026-08-21,790,7697.25,501,ES,
2026-08-21,791,7696.75,445,ES,
2026-08-21,792,7697.0,310,ES,
2026-08-21,793,7696.5,424,ES,
2026-08-21,794,7697.5,439,ES,
2026-08-21,795,7698.0,606,ES,
2026-08-21,796,7697.75,436,ES,
2026-08-21,797,7696.75,407,ES,
2026-08-21,798,7696.25,441,ES,
2026-08-21,799,7696.5,559,ES,
2026-08-21,800,7695.5,864,ES,
2026-08-21,801,7694.75,537,ES,
2026-08-21,802,7693.5,680,ES,
2026-08-21,803,7693.5,591,ES,
2026-08-21,804,7694.0,672,ES,
2026-08-21,805,7693.0,631,ES,
2026-08-21,806,7692.75,634,ES,
2026-08-21,807,7693.75,545,ES,
2026-08-21,808,7695.0,758,ES,
2026-08-21,809,7693.5,599,ES,
2026-08-21,810,7693.5,792,ES,
2026-08-21,811,7693.25,522,ES,
2026-08-21,812,7693.0,657,ES,
2026-08-21,813,7693.0,707,ES,
2026-08-21,814,7690.75,834,ES,
2026-08-21,815,7691.0,725,ES,
2026-08-21,816,7692.75,685,ES,
2026-08-21,817,7691.75,795,ES,
2026-08-21,818,7691.25,592,ES,
2026-08-21,819,7691.0,989,ES,
2026-08-21,820,7690.25,667,ES,
2026-08-21,821,7692.25,756,ES,
2026-08-21,822,7691.75,609,ES,
2026-08-21,823,7691.25,453,ES,
2026-08-21,824,7692.25,682,ES,
2026-08-21,825,7691.5,826,ES,
2026-08-21,826,7692.75,665,ES,
2026-08-21,827,7693.0,488,ES,
2026-08-21,828,7692.75,544,ES,
2026-08-21,829,7692.25,600,ES,
2026-08-21,830,7692.5,776,ES,
2026-08-21,831,7691.75,857,ES,
2026-08-21,832,7690.75,866,ES,
2026-08-21,833,7692.5,518,ES,
2026-08-21,834,7691.25,470,ES,
2026-08-21,835,7690.75,574,ES,
2026-08-21,836,7690.5,650,ES,
2026-08-21,837,7690.75,524,ES,
2026-08-21,838,7690.5,419,ES,
2026-08-21,839,7689.5,723,ES,
2026-08-21,840,7691.25,914,ES,
2026-08-21,841,7690.0,929,ES,
2026-08-21,842,7691.5,721,ES,
2026-08-21,843,7692.5,867,ES,
2026-08-21,844,7692.0,383,ES,
2026-08-21,845,7690.5,648,ES,
2026-08-21,846,7689.5,581,ES,
2026-08-21,847,7689.25,615,ES,
2026-08-21,848,7689.5,565,ES,
2026-08-21,849,7688.25,545,ES,
2026-08-21,850,7688.5,637,ES,
2026-08-21,851,7688.75,545,ES,
2026-08-21,852,7690.5,538,ES,
2026-08-21,853,7689.5,551,ES,
2026-08-21,854,7688.5,455,ES,
2026-08-21,855,7688.75,557,ES,
2026-08-21,856,7688.75,544,ES,
2026-08-21,857,7688.5,376,ES,
2026-08-21,858,7688.5,508,ES,
2026-08-21,859,7689.75,592,ES,
2026-08-21,860,7690.5,527,ES,
2026-08-21,861,7690.75,856,ES,
2026-08-21,862,7691.0,468,ES,
2026-08-21,863,7690.0,563,ES,
2026-08-21,864,7690.0,597,ES,
2026-08-21,865,7688.5,505,ES,
2026-08-21,866,7688.75,549,ES,
2026-08-21,867,7688.5,323,ES,
2026-08-21,868,7687.75,692,ES,
2026-08-21,869,7688.25,586,ES,
2026-08-21,870,7686.5,823,ES,
2026-08-21,871,7687.25,709,ES,
2026-08-21,872,7686.25,713,ES,
2026-08-21,873,7687.0,708,ES,
2026-08-21,874,7687.0,624,ES,
2026-08-21,875,7687.75,788,ES,
2026-08-21,876,7687.75,512,ES,
2026-08-21,877,7688.0,961,ES,
2026-08-21,878,7687.5,305,ES,
2026-08-21,879,7687.5,231,ES,
2026-08-21,880,7689.0,390,ES,
2026-08-21,881,7688.5,311,ES,
2026-08-21,882,7689.0,540,ES,
2026-08-21,883,7690.0,486,ES,
2026-08-21,884,7689.25,904,ES,
2026-08-21,885,7689.0,561,ES,
2026-08-21,886,7690.0,668,ES,
2026-08-21,887,7689.75,473,ES,
2026-08-21,888,7690.25,487,ES,
2026-08-21,889,7691.75,694,ES,
2026-08-21,890,7692.75,802,ES,
2026-08-21,891,7692.0,903,ES,
2026-08-21,892,7693.75,410,ES,
2026-08-21,893,7693.25,750,ES,
2026-08-21,894,7694.0,789,ES,
2026-08-21,895,7693.75,793,ES,
2026-08-21,896,7694.0,584,ES,
2026-08-21,897,7694.75,637,ES,
2026-08-21,898,7695.75,658,ES,
2026-08-21,899,7697.25,923,ES,
2026-08-21,900,7697.75,1176,ES,
2026-08-21,901,7698.25,1025,ES,
2026-08-21,902,7696.5,763,ES,
2026-08-21,903,7697.0,731,ES,
2026-08-21,904,7695.25,705,ES,
2026-08-21,905,7695.25,913,ES,
2026-08-21,906,7695.75,404,ES,
2026-08-21,907,7697.75,651,ES,
2026-08-21,908,7697.25,368,ES,
2026-08-21,909,7696.25,439,ES,
2026-08-21,910,7696.0,1307,ES,
2026-08-21,911,7695.5,592,ES,
2026-08-21,912,7694.25,810,ES,
2026-08-21,913,7695.25,571,ES,
2026-08-21,914,7695.25,294,ES,
2026-08-21,915,7694.25,664,ES,
2026-08-21,916,7694.0,964,ES,
2026-08-21,917,7695.0,725,ES,
2026-08-21,918,7695.75,443,ES,
2026-08-21,919,7694.75,751,ES,
2026-08-21,920,7696.0,660,ES,
2026-08-21,921,7696.0,509,ES,
2026-08-21,922,7695.75,415,ES,
2026-08-21,923,7695.75,589,ES,
2026-08-21,924,7697.25,850,ES,
2026-08-21,925,7695.75,797,ES,
2026-08-21,926,7695.0,883,ES,
2026-08-21,927,7695.75,632,ES,
2026-08-21,928,7697.0,474,ES,
2026-08-21,929,7695.5,616,ES,
2026-08-21,930,7697.0,939,ES,
2026-08-21,931,7695.75,625,ES,
2026-08-21,932,7696.25,825,ES,
2026-08-21,933,7695.75,861,ES,
2026-08-21,934,7695.75,416,ES,
2026-08-21,935,7696.25,1101,ES,
2026-08-21,936,7696.75,654,ES,
2026-08-21,937,7697.5,609,ES,
2026-08-21,938,7697.75,919,ES,
2026-08-21,939,7697.75,905,ES,
2026-08-21,940,7696.5,683,ES,
2026-08-21,941,7696.0,727,ES,
2026-08-21,942,7697.25,831,ES,
2026-08-21,943,7698.0,619,ES,
2026-08-21,944,7699.5,1157,ES,
2026-08-21,945,7699.5,1333,ES,
2026-08-21,946,7699.75,1000,ES,
2026-08-21,947,7701.75,992,ES,
2026-08-21,948,7701.5,795,ES,
2026-08-21,949,7701.25,883,ES,
2026-08-21,950,7696.75,2099,ES,
2026-08-21,951,7696.5,889,ES,
2026-08-21,952,7695.25,1440,ES,
2026-08-21,953,7695.25,998,ES,
2026-08-21,954,7694.25,1199,ES,
2026-08-21,955,7693.75,2499,ES,
2026-08-21,956,7695.5,1493,ES,
2026-08-21,957,7695.25,1334,ES,
2026-08-21,958,7696.75,2145,ES,
2026-08-21,959,7691.5,7586,ES,
2026-07-20,570,29058.5,844,NQ,
2026-07-20,571,29061.25,447,NQ,
2026-07-20,572,29109.0,519,NQ,
2026-07-20,573,29123.0,411,NQ,
2026-07-20,574,29136.5,206,NQ,
2026-07-20,575,29130.25,461,NQ,
2026-07-20,576,29149.0,530,NQ,
2026-07-20,577,29158.0,375,NQ,
2026-07-20,578,29152.75,387,NQ,
2026-07-20,579,29125.75,552,NQ,
2026-07-20,580,29126.0,301,NQ,
2026-07-20,581,29147.25,388,NQ,
2026-07-20,582,29159.75,293,NQ,
2026-07-20,583,29179.0,403,NQ,
2026-07-20,584,29178.25,364,NQ,
2026-07-20,585,29169.5,662,NQ,
2026-07-20,586,29161.5,381,NQ,
2026-07-20,587,29143.25,385,NQ,
2026-07-20,588,29141.75,385,NQ,
2026-07-20,589,29117.75,406,NQ,
2026-07-20,590,29104.75,444,NQ,
2026-07-20,591,29073.25,509,NQ,
2026-07-20,592,29057.0,543,NQ,
2026-07-20,593,29052.0,406,NQ,
2026-07-20,594,29064.5,357,NQ,
2026-07-20,595,29047.75,375,NQ,
2026-07-20,596,29040.5,359,NQ,
2026-07-20,597,28999.25,389,NQ,
2026-07-20,598,28984.25,412,NQ,
2026-07-20,599,28995.5,444,NQ,
2026-07-20,600,28998.0,519,NQ,
2026-07-20,601,28986.5,361,NQ,
2026-07-20,602,29015.0,486,NQ,
2026-07-20,603,29034.25,515,NQ,
2026-07-20,604,29019.0,276,NQ,
2026-07-20,605,29006.0,340,NQ,
2026-07-20,606,29001.0,355,NQ,
2026-07-20,607,29014.5,374,NQ,
2026-07-20,608,28996.0,328,NQ,
2026-07-20,609,29008.5,319,NQ,
2026-07-20,610,28963.25,388,NQ,
2026-07-20,611,28954.75,372,NQ,
2026-07-20,612,28947.5,248,NQ,
2026-07-20,613,28967.5,309,NQ,
2026-07-20,614,28972.75,346,NQ,
2026-07-20,615,28998.0,482,NQ,
2026-07-20,616,28966.25,330,NQ,
2026-07-20,617,28952.25,285,NQ,
2026-07-20,618,28965.75,344,NQ,
2026-07-20,619,28960.0,361,NQ,
2026-07-20,620,28931.5,355,NQ,
2026-07-20,621,28924.5,365,NQ,
2026-07-20,622,28946.75,351,NQ,
2026-07-20,623,28970.25,335,NQ,
2026-07-20,624,28968.0,287,NQ,
2026-07-20,625,28995.25,338,NQ,
2026-07-20,626,29005.75,277,NQ,
2026-07-20,627,28995.25,284,NQ,
2026-07-20,628,29000.75,275,NQ,
2026-07-20,629,29030.75,305,NQ,
2026-07-20,630,29044.5,333,NQ,
2026-07-20,631,29029.5,423,NQ,
2026-07-20,632,29010.25,359,NQ,
2026-07-20,633,28998.5,258,NQ,
2026-07-20,634,29002.25,231,NQ,
2026-07-20,635,29020.0,320,NQ,
2026-07-20,636,28993.75,212,NQ,
2026-07-20,637,28994.5,308,NQ,
2026-07-20,638,28986.5,250,NQ,
2026-07-20,639,28992.0,304,NQ,
2026-07-20,640,29011.5,338,NQ,
2026-07-20,641,28977.5,259,NQ,
2026-07-20,642,28979.5,251,NQ,
2026-07-20,643,28959.25,324,NQ,
2026-07-20,644,28963.75,287,NQ,
2026-07-20,645,28975.75,440,NQ,
2026-07-20,646,28991.75,355,NQ,
2026-07-20,647,28956.5,337,NQ,
2026-07-20,648,28942.0,316,NQ,
2026-07-20,649,28927.25,280,NQ,
2026-07-20,650,28932.25,355,NQ,
2026-07-20,651,28928.5,297,NQ,
2026-07-20,652,28914.0,256,NQ,
2026-07-20,653,28904.25,341,NQ,
2026-07-20,654,28912.75,281,NQ,
2026-07-20,655,28922.75,336,NQ,
2026-07-20,656,28888.5,385,NQ,
2026-07-20,657,28896.25,377,NQ,
2026-07-20,658,28879.0,396,NQ,
2026-07-20,659,28891.5,319,NQ,
2026-07-20,660,28911.75,421,NQ,
2026-07-20,661,28921.0,321,NQ,
2026-07-20,662,28942.5,381,NQ,
2026-07-20,663,28928.25,395,NQ,
2026-07-20,664,28927.0,303,NQ,
2026-07-20,665,28891.5,570,NQ,
2026-07-20,666,28913.75,318,NQ,
2026-07-20,667,28943.0,270,NQ,
2026-07-20,668,28965.5,346,NQ,
2026-07-20,669,28986.5,318,NQ,
2026-07-20,670,28954.0,306,NQ,
2026-07-20,671,28948.25,275,NQ,
2026-07-20,672,28944.25,283,NQ,
2026-07-20,673,28958.0,263,NQ,
2026-07-20,674,28945.0,247,NQ,
2026-07-20,675,28963.5,331,NQ,
2026-07-20,676,28977.75,229,NQ,
2026-07-20,677,28991.75,241,NQ,
2026-07-20,678,28989.25,249,NQ,
2026-07-20,679,28972.25,267,NQ,
2026-07-20,680,28981.75,299,NQ,
2026-07-20,681,28996.5,311,NQ,
2026-07-20,682,29002.25,226,NQ,
2026-07-20,683,29002.25,325,NQ,
2026-07-20,684,29002.0,243,NQ,
2026-07-20,685,29003.25,222,NQ,
2026-07-20,686,28998.75,255,NQ,
2026-07-20,687,28994.5,224,NQ,
2026-07-20,688,28974.5,252,NQ,
2026-07-20,689,29015.0,283,NQ,
2026-07-20,690,29023.75,330,NQ,
2026-07-20,691,29028.5,255,NQ,
2026-07-20,692,29019.0,206,NQ,
2026-07-20,693,29022.0,197,NQ,
2026-07-20,694,29020.0,261,NQ,
2026-07-20,695,29021.5,202,NQ,
2026-07-20,696,29022.0,153,NQ,
2026-07-20,697,29006.25,249,NQ,
2026-07-20,698,29011.0,221,NQ,
2026-07-20,699,29000.0,208,NQ,
2026-07-20,700,28993.25,302,NQ,
2026-07-20,701,29006.5,281,NQ,
2026-07-20,702,29022.5,319,NQ,
2026-07-20,703,29012.25,313,NQ,
2026-07-20,704,29027.5,206,NQ,
2026-07-20,705,29017.0,260,NQ,
2026-07-20,706,29018.0,252,NQ,
2026-07-20,707,29000.75,310,NQ,
2026-07-20,708,28985.75,239,NQ,
2026-07-20,709,28984.5,302,NQ,
2026-07-20,710,28993.75,272,NQ,
2026-07-20,711,29016.5,348,NQ,
2026-07-20,712,29019.75,285,NQ,
2026-07-20,713,29037.25,297,NQ,
2026-07-20,714,29044.25,289,NQ,
2026-07-20,715,29056.25,363,NQ,
2026-07-20,716,29063.0,313,NQ,
2026-07-20,717,29053.5,190,NQ,
2026-07-20,718,29056.0,236,NQ,
2026-07-20,719,29050.75,203,NQ,
2026-07-20,720,29060.0,212,NQ,
2026-07-20,721,29049.25,313,NQ,
2026-07-20,722,29035.0,301,NQ,
2026-07-20,723,29060.0,330,NQ,
2026-07-20,724,29063.0,282,NQ,
2026-07-20,725,29091.5,349,NQ,
2026-07-20,726,29097.25,286,NQ,
2026-07-20,727,29101.25,240,NQ,
2026-07-20,728,29100.75,243,NQ,
2026-07-20,729,29103.25,226,NQ,
2026-07-20,730,29109.5,248,NQ,
2026-07-20,731,29108.25,280,NQ,
2026-07-20,732,29108.5,248,NQ,
2026-07-20,733,29101.0,237,NQ,
2026-07-20,734,29106.25,305,NQ,
2026-07-20,735,29089.25,261,NQ,
2026-07-20,736,29089.0,245,NQ,
2026-07-20,737,29099.75,252,NQ,
2026-07-20,738,29105.0,253,NQ,
2026-07-20,739,29104.0,179,NQ,
2026-07-20,740,29111.0,194,NQ,
2026-07-20,741,29103.5,214,NQ,
2026-07-20,742,29104.25,212,NQ,
2026-07-20,743,29106.75,134,NQ,
2026-07-20,744,29101.0,214,NQ,
2026-07-20,745,29081.75,275,NQ,
2026-07-20,746,29079.0,212,NQ,
2026-07-20,747,29079.75,201,NQ,
2026-07-20,748,29075.25,196,NQ,
2026-07-20,749,29084.5,190,NQ,
2026-07-20,750,29083.0,268,NQ,
2026-07-20,751,29082.0,221,NQ,
2026-07-20,752,29066.75,232,NQ,
2026-07-20,753,29047.75,281,NQ,
2026-07-20,754,29045.75,225,NQ,
2026-07-20,755,29052.0,205,NQ,
2026-07-20,756,29052.75,187,NQ,
2026-07-20,757,29064.5,286,NQ,
2026-07-20,758,29057.75,266,NQ,
2026-07-20,759,29074.5,247,NQ,
2026-07-20,760,29069.5,258,NQ,
2026-07-20,761,29014.25,608,NQ,
2026-07-20,762,29017.0,344,NQ,
2026-07-20,763,29022.5,229,NQ,
2026-07-20,764,29004.5,293,NQ,
2026-07-20,765,29001.5,289,NQ,
2026-07-20,766,29023.75,299,NQ,
2026-07-20,767,29036.5,279,NQ,
2026-07-20,768,29036.75,161,NQ,
2026-07-20,769,29049.75,166,NQ,
2026-07-20,770,29030.5,278,NQ,
2026-07-20,771,29012.75,268,NQ,
2026-07-20,772,29004.5,319,NQ,
2026-07-20,773,29004.5,262,NQ,
2026-07-20,774,28978.0,431,NQ,
2026-07-20,775,28981.25,261,NQ,
2026-07-20,776,28959.0,263,NQ,
2026-07-20,777,28970.25,254,NQ,
2026-07-20,778,28972.0,278,NQ,
2026-07-20,779,28983.75,269,NQ,
2026-07-20,780,28993.0,340,NQ,
2026-07-20,781,28962.25,332,NQ,
2026-07-20,782,28967.0,305,NQ,
2026-07-20,783,28970.0,207,NQ,
2026-07-20,784,28961.0,191,NQ,
2026-07-20,785,28954.0,229,NQ,
2026-07-20,786,28957.5,236,NQ,
2026-07-20,787,28949.0,184,NQ,
2026-07-20,788,28947.75,246,NQ,
2026-07-20,789,28967.5,275,NQ,
2026-07-20,790,28944.25,240,NQ,
2026-07-20,791,28943.5,189,NQ,
2026-07-20,792,28942.25,225,NQ,
2026-07-20,793,28937.75,291,NQ,
2026-07-20,794,28926.5,222,NQ,
2026-07-20,795,28912.75,263,NQ,
2026-07-20,796,28918.0,194,NQ,
2026-07-20,797,28940.0,343,NQ,
2026-07-20,798,28954.0,204,NQ,
2026-07-20,799,28956.5,278,NQ,
2026-07-20,800,28952.25,187,NQ,
2026-07-20,801,28960.75,251,NQ,
2026-07-20,802,28967.0,283,NQ,
2026-07-20,803,28971.0,215,NQ,
2026-07-20,804,28958.25,171,NQ,
2026-07-20,805,28968.25,195,NQ,
2026-07-20,806,28973.25,194,NQ,
2026-07-20,807,28949.5,223,NQ,
2026-07-20,808,28952.5,176,NQ,
2026-07-20,809,28957.75,166,NQ,
2026-07-20,810,28955.25,257,NQ,
2026-07-20,811,28949.5,148,NQ,
2026-07-20,812,28960.25,202,NQ,
2026-07-20,813,28955.25,196,NQ,
2026-07-20,814,28957.5,183,NQ,
2026-07-20,815,28965.25,254,NQ,
2026-07-20,816,28949.5,225,NQ,
2026-07-20,817,28947.75,174,NQ,
2026-07-20,818,28946.5,201,NQ,
2026-07-20,819,28945.0,194,NQ,
2026-07-20,820,28931.0,249,NQ,
2026-07-20,821,28928.0,268,NQ,
2026-07-20,822,28922.75,209,NQ,
2026-07-20,823,28906.25,417,NQ,
2026-07-20,824,28910.25,229,NQ,
2026-07-20,825,28939.25,233,NQ,
2026-07-20,826,28935.75,247,NQ,
2026-07-20,827,28943.0,202,NQ,
2026-07-20,828,28952.25,199,NQ,
2026-07-20,829,28946.25,201,NQ,
2026-07-20,830,28951.75,167,NQ,
2026-07-20,831,28965.0,207,NQ,
2026-07-20,832,28976.25,250,NQ,
2026-07-20,833,28974.0,189,NQ,
2026-07-20,834,28969.5,239,NQ,
2026-07-20,835,28966.5,155,NQ,
2026-07-20,836,28949.25,162,NQ,
2026-07-20,837,28960.75,200,NQ,
2026-07-20,838,28955.5,157,NQ,
2026-07-20,839,28956.5,185,NQ,
2026-07-20,840,28975.75,249,NQ,
2026-07-20,841,28989.75,313,NQ,
2026-07-20,842,28987.5,211,NQ,
2026-07-20,843,28973.0,254,NQ,
2026-07-20,844,28970.75,251,NQ,
2026-07-20,845,28973.5,250,NQ,
2026-07-20,846,28975.75,183,NQ,
2026-07-20,847,28967.5,127,NQ,
2026-07-20,848,28970.0,174,NQ,
2026-07-20,849,28988.5,164,NQ,
2026-07-20,850,28987.5,284,NQ,
2026-07-20,851,28985.0,189,NQ,
2026-07-20,852,28994.75,245,NQ,
2026-07-20,853,28997.75,179,NQ,
2026-07-20,854,28993.0,117,NQ,
2026-07-20,855,28987.5,166,NQ,
2026-07-20,856,28991.75,236,NQ,
2026-07-20,857,28997.0,282,NQ,
2026-07-20,858,28990.25,223,NQ,
2026-07-20,859,28993.75,140,NQ,
2026-07-20,860,28980.75,161,NQ,
2026-07-20,861,28974.5,442,NQ,
2026-07-20,862,28963.5,286,NQ,
2026-07-20,863,28955.75,302,NQ,
2026-07-20,864,28941.0,228,NQ,
2026-07-20,865,28960.0,253,NQ,
2026-07-20,866,28960.5,276,NQ,
2026-07-20,867,28956.5,148,NQ,
2026-07-20,868,28963.5,196,NQ,
2026-07-20,869,28949.0,226,NQ,
2026-07-20,870,28924.25,244,NQ,
2026-07-20,871,28930.0,234,NQ,
2026-07-20,872,28929.25,192,NQ,
2026-07-20,873,28917.25,164,NQ,
2026-07-20,874,28907.5,333,NQ,
2026-07-20,875,28923.5,241,NQ,
2026-07-20,876,28939.75,234,NQ,
2026-07-20,877,28925.75,222,NQ,
2026-07-20,878,28916.25,217,NQ,
2026-07-20,879,28906.25,209,NQ,
2026-07-20,880,28891.75,261,NQ,
2026-07-20,881,28888.75,297,NQ,
2026-07-20,882,28884.5,235,NQ,
2026-07-20,883,28876.25,257,NQ,
2026-07-20,884,28860.5,349,NQ,
2026-07-20,885,28864.75,298,NQ,
2026-07-20,886,28885.25,287,NQ,
2026-07-20,887,28882.25,231,NQ,
2026-07-20,888,28878.75,219,NQ,
2026-07-20,889,28872.0,380,NQ,
2026-07-20,890,28881.75,507,NQ,
2026-07-20,891,28876.25,180,NQ,
2026-07-20,892,28881.75,213,NQ,
2026-07-20,893,28890.0,324,NQ,
2026-07-20,894,28893.0,257,NQ,
2026-07-20,895,28894.25,214,NQ,
2026-07-20,896,28886.0,216,NQ,
2026-07-20,897,28870.75,260,NQ,
2026-07-20,898,28867.0,250,NQ,
2026-07-20,899,28870.0,308,NQ,
2026-07-20,900,28893.25,254,NQ,
2026-07-20,901,28889.75,279,NQ,
2026-07-20,902,28857.75,279,NQ,
2026-07-20,903,28845.5,289,NQ,
2026-07-20,904,28846.25,289,NQ,
2026-07-20,905,28838.0,232,NQ,
2026-07-20,906,28853.25,304,NQ,
2026-07-20,907,28853.0,198,NQ,
2026-07-20,908,28846.0,298,NQ,
2026-07-20,909,28849.0,254,NQ,
2026-07-20,910,28870.75,285,NQ,
2026-07-20,911,28846.5,241,NQ,
2026-07-20,912,28835.5,282,NQ,
2026-07-20,913,28814.25,317,NQ,
2026-07-20,914,28807.75,283,NQ,
2026-07-20,915,28815.0,365,NQ,
2026-07-20,916,28823.0,238,NQ,
2026-07-20,917,28818.25,406,NQ,
2026-07-20,918,28820.5,207,NQ,
2026-07-20,919,28814.75,221,NQ,
2026-07-20,920,28805.75,284,NQ,
2026-07-20,921,28806.5,184,NQ,
2026-07-20,922,28808.25,207,NQ,
2026-07-20,923,28822.5,280,NQ,
2026-07-20,924,28825.5,238,NQ,
2026-07-20,925,28810.25,188,NQ,
2026-07-20,926,28808.5,243,NQ,
2026-07-20,927,28812.75,149,NQ,
2026-07-20,928,28807.5,195,NQ,
2026-07-20,929,28855.5,576,NQ,
2026-07-20,930,28841.0,525,NQ,
2026-07-20,931,28866.0,301,NQ,
2026-07-20,932,28879.75,390,NQ,
2026-07-20,933,28867.75,226,NQ,
2026-07-20,934,28867.25,217,NQ,
2026-07-20,935,28849.75,268,NQ,
2026-07-20,936,28848.5,220,NQ,
2026-07-20,937,28842.75,276,NQ,
2026-07-20,938,28855.25,269,NQ,
2026-07-20,939,28862.75,278,NQ,
2026-07-20,940,28880.0,307,NQ,
2026-07-20,941,28886.75,296,NQ,
2026-07-20,942,28864.5,423,NQ,
2026-07-20,943,28872.0,238,NQ,
2026-07-20,944,28867.25,174,NQ,
2026-07-20,945,28850.0,327,NQ,
2026-07-20,946,28860.0,266,NQ,
2026-07-20,947,28848.75,203,NQ,
2026-07-20,948,28853.75,186,NQ,
2026-07-20,949,28866.25,286,NQ,
2026-07-20,950,28836.5,616,NQ,
2026-07-20,951,28813.75,236,NQ,
2026-07-20,952,28812.25,545,NQ,
2026-07-20,953,28799.5,271,NQ,
2026-07-20,954,28804.75,424,NQ,
2026-07-20,955,28777.25,675,NQ,
2026-07-20,956,28791.5,335,NQ,
2026-07-20,957,28780.25,316,NQ,
2026-07-20,958,28788.75,359,NQ,
2026-07-20,959,28785.0,1436,NQ,
2026-07-21,570,29185.5,1016,NQ,
2026-07-21,571,29170.25,849,NQ,
2026-07-21,572,29167.75,470,NQ,
2026-07-21,573,29140.0,414,NQ,
2026-07-21,574,29147.25,361,NQ,
2026-07-21,575,29187.5,430,NQ,
2026-07-21,576,29199.5,427,NQ,
2026-07-21,577,29173.0,410,NQ,
2026-07-21,578,29200.75,441,NQ,
2026-07-21,579,29191.0,448,NQ,
2026-07-21,580,29164.25,641,NQ,
2026-07-21,581,29145.5,375,NQ,
2026-07-21,582,29142.0,332,NQ,
2026-07-21,583,29152.5,356,NQ,
2026-07-21,584,29143.5,337,NQ,
2026-07-21,585,29136.25,464,NQ,
2026-07-21,586,29114.75,332,NQ,
2026-07-21,587,29117.75,516,NQ,
2026-07-21,588,29123.0,381,NQ,
2026-07-21,589,29143.25,347,NQ,
2026-07-21,590,29158.5,493,NQ,
2026-07-21,591,29141.5,337,NQ,
2026-07-21,592,29162.0,327,NQ,
2026-07-21,593,29161.0,297,NQ,
2026-07-21,594,29140.75,298,NQ,
2026-07-21,595,29139.5,357,NQ,
2026-07-21,596,29109.0,297,NQ,
2026-07-21,597,29113.75,356,NQ,
2026-07-21,598,29115.0,265,NQ,
2026-07-21,599,29152.75,285,NQ,
2026-07-21,600,29169.25,493,NQ,
2026-07-21,601,29155.75,322,NQ,
2026-07-21,602,29132.25,321,NQ,
2026-07-21,603,29112.5,621,NQ,
2026-07-21,604,29113.25,300,NQ,
2026-07-21,605,29101.25,326,NQ,
2026-07-21,606,29134.0,310,NQ,
2026-07-21,607,29101.0,351,NQ,
2026-07-21,608,29094.25,346,NQ,
2026-07-21,609,29080.0,314,NQ,
2026-07-21,610,29080.75,322,NQ,
2026-07-21,611,29084.25,275,NQ,
2026-07-21,612,29091.0,264,NQ,
2026-07-21,613,29119.0,355,NQ,
2026-07-21,614,29130.75,335,NQ,
2026-07-21,615,29086.0,416,NQ,
2026-07-21,616,29085.75,389,NQ,
2026-07-21,617,29103.0,283,NQ,
2026-07-21,618,29152.75,471,NQ,
2026-07-21,619,29157.0,279,NQ,
2026-07-21,620,29141.0,363,NQ,
2026-07-21,621,29118.25,382,NQ,
2026-07-21,622,29144.5,321,NQ,
2026-07-21,623,29146.75,375,NQ,
2026-07-21,624,29147.5,287,NQ,
2026-07-21,625,29177.5,315,NQ,
2026-07-21,626,29182.5,317,NQ,
2026-07-21,627,29206.5,494,NQ,
2026-07-21,628,29199.5,359,NQ,
2026-07-21,629,29207.0,291,NQ,
2026-07-21,630,29217.25,297,NQ,
2026-07-21,631,29228.5,272,NQ,
2026-07-21,632,29215.75,253,NQ,
2026-07-21,633,29211.5,242,NQ,
2026-07-21,634,29218.5,309,NQ,
2026-07-21,635,29227.25,321,NQ,
2026-07-21,636,29220.75,256,NQ,
2026-07-21,637,29211.5,95,NQ,
2026-07-21,638,29198.0,132,NQ,
2026-07-21,639,29202.75,233,NQ,
2026-07-21,640,29200.25,284,NQ,
2026-07-21,641,29176.75,373,NQ,
2026-07-21,642,29189.0,268,NQ,
2026-07-21,643,29216.0,372,NQ,
2026-07-21,644,29224.5,257,NQ,
2026-07-21,645,29240.25,614,NQ,
2026-07-21,646,29235.0,305,NQ,
2026-07-21,647,29223.0,293,NQ,
2026-07-21,648,29237.5,370,NQ,
2026-07-21,649,29228.0,301,NQ,
2026-07-21,650,29228.5,299,NQ,
2026-07-21,651,29230.25,279,NQ,
2026-07-21,652,29219.25,224,NQ,
2026-07-21,653,29223.5,217,NQ,
2026-07-21,654,29230.25,210,NQ,
2026-07-21,655,29233.25,221,NQ,
2026-07-21,656,29214.75,258,NQ,
2026-07-21,657,29224.75,225,NQ,
2026-07-21,658,29237.75,266,NQ,
2026-07-21,659,29237.5,212,NQ,
2026-07-21,660,29242.25,345,NQ,
2026-07-21,661,29229.0,228,NQ,
2026-07-21,662,29200.0,475,NQ,
2026-07-21,663,29203.75,297,NQ,
2026-07-21,664,29199.0,240,NQ,
2026-07-21,665,29207.5,286,NQ,
2026-07-21,666,29231.5,384,NQ,
2026-07-21,667,29257.25,387,NQ,
2026-07-21,668,29262.0,273,NQ,
2026-07-21,669,29273.5,389,NQ,
2026-07-21,670,29275.0,269,NQ,
2026-07-21,671,29274.0,193,NQ,
2026-07-21,672,29293.0,258,NQ,
2026-07-21,673,29287.5,267,NQ,
2026-07-21,674,29291.75,281,NQ,
2026-07-21,675,29287.0,240,NQ,
2026-07-21,676,29288.25,245,NQ,
2026-07-21,677,29296.0,233,NQ,
2026-07-21,678,29292.25,238,NQ,
2026-07-21,679,29283.5,237,NQ,
2026-07-21,680,29275.25,262,NQ,
2026-07-21,681,29295.5,487,NQ,
2026-07-21,682,29294.25,312,NQ,
2026-07-21,683,29293.5,352,NQ,
2026-07-21,684,29301.0,297,NQ,
2026-07-21,685,29307.25,323,NQ,
2026-07-21,686,29315.75,347,NQ,
2026-07-21,687,29315.25,226,NQ,
2026-07-21,688,29309.0,275,NQ,
2026-07-21,689,29307.75,292,NQ,
2026-07-21,690,29297.5,279,NQ,
2026-07-21,691,29288.5,270,NQ,
2026-07-21,692,29289.5,235,NQ,
2026-07-21,693,29281.5,295,NQ,
2026-07-21,694,29295.0,275,NQ,
2026-07-21,695,29286.25,431,NQ,
2026-07-21,696,29293.0,306,NQ,
2026-07-21,697,29288.5,243,NQ,
2026-07-21,698,29279.0,214,NQ,
2026-07-21,699,29276.25,162,NQ,
2026-07-21,700,29269.75,315,NQ,
2026-07-21,701,29276.75,250,NQ,
2026-07-21,702,29278.5,178,NQ,
2026-07-21,703,29276.5,208,NQ,
2026-07-21,704,29260.75,298,NQ,
2026-07-21,705,29263.75,222,NQ,
2026-07-21,706,29265.25,144,NQ,
2026-07-21,707,29276.25,90,NQ,
2026-07-21,708,29280.0,199,NQ,
2026-07-21,709,29288.5,232,NQ,
2026-07-21,710,29289.5,269,NQ,
2026-07-21,711,29291.75,202,NQ,
2026-07-21,712,29280.75,219,NQ,
2026-07-21,713,29289.0,187,NQ,
2026-07-21,714,29274.5,185,NQ,
2026-07-21,715,29269.75,215,NQ,
2026-07-21,716,29279.75,209,NQ,
2026-07-21,717,29275.0,183,NQ,
2026-07-21,718,29273.0,192,NQ,
2026-07-21,719,29259.25,277,NQ,
2026-07-21,720,29272.25,308,NQ,
2026-07-21,721,29278.75,226,NQ,
2026-07-21,722,29277.75,237,NQ,
2026-07-21,723,29289.75,196,NQ,
2026-07-21,724,29302.5,314,NQ,
2026-07-21,725,29307.5,267,NQ,
2026-07-21,726,29308.75,219,NQ,
2026-07-21,727,29310.25,273,NQ,
2026-07-21,728,29310.0,245,NQ,
2026-07-21,729,29308.75,220,NQ,
2026-07-21,730,29308.0,215,NQ,
2026-07-21,731,29310.75,183,NQ,
2026-07-21,732,29306.0,192,NQ,
2026-07-21,733,29299.75,309,NQ,
2026-07-21,734,29301.75,209,NQ,
2026-07-21,735,29314.5,312,NQ,
2026-07-21,736,29313.5,219,NQ,
2026-07-21,737,29315.25,239,NQ,
2026-07-21,738,29307.25,301,NQ,
2026-07-21,739,29315.5,253,NQ,
2026-07-21,740,29317.75,205,NQ,
2026-07-21,741,29322.5,213,NQ,
2026-07-21,742,29326.5,383,NQ,
2026-07-21,743,29331.0,355,NQ,
2026-07-21,744,29326.0,275,NQ,
2026-07-21,745,29321.0,225,NQ,
2026-07-21,746,29313.0,332,NQ,
2026-07-21,747,29313.0,237,NQ,
2026-07-21,748,29315.75,180,NQ,
2026-07-21,749,29311.75,160,NQ,
2026-07-21,750,29316.5,228,NQ,
2026-07-21,751,29310.0,356,NQ,
2026-07-21,752,29307.75,208,NQ,
2026-07-21,753,29307.75,181,NQ,
2026-07-21,754,29314.5,183,NQ,
2026-07-21,755,29315.0,206,NQ,
2026-07-21,756,29318.75,216,NQ,
2026-07-21,757,29325.75,187,NQ,
2026-07-21,758,29331.0,230,NQ,
2026-07-21,759,29330.75,255,NQ,
2026-07-21,760,29328.75,237,NQ,
2026-07-21,761,29319.75,216,NQ,
2026-07-21,762,29315.0,234,NQ,
2026-07-21,763,29321.25,195,NQ,
2026-07-21,764,29318.75,164,NQ,
2026-07-21,765,29319.5,183,NQ,
2026-07-21,766,29320.0,224,NQ,
2026-07-21,767,29323.75,174,NQ,
2026-07-21,768,29321.25,217,NQ,
2026-07-21,769,29324.25,268,NQ,
2026-07-21,770,29334.25,276,NQ,
2026-07-21,771,29342.0,263,NQ,
2026-07-21,772,29342.75,288,NQ,
2026-07-21,773,29342.75,237,NQ,
2026-07-21,774,29347.5,174,NQ,
2026-07-21,775,29350.75,345,NQ,
2026-07-21,776,29339.75,260,NQ,
2026-07-21,777,29344.5,233,NQ,
2026-07-21,778,29338.25,203,NQ,
2026-07-21,779,29331.5,236,NQ,
2026-07-21,780,29343.25,269,NQ,
2026-07-21,781,29346.5,160,NQ,
2026-07-21,782,29346.75,179,NQ,
2026-07-21,783,29347.0,169,NQ,
2026-07-21,784,29348.75,163,NQ,
2026-07-21,785,29353.5,213,NQ,
2026-07-21,786,29352.25,197,NQ,
2026-07-21,787,29348.25,190,NQ,
2026-07-21,788,29346.0,203,NQ,
2026-07-21,789,29347.0,212,NQ,
2026-07-21,790,29337.75,318,NQ,
2026-07-21,791,29338.25,261,NQ,
2026-07-21,792,29334.75,156,NQ,
2026-07-21,793,29336.75,174,NQ,
2026-07-21,794,29334.25,196,NQ,
2026-07-21,795,29334.5,206,NQ,
2026-07-21,796,29336.5,198,NQ,
2026-07-21,797,29339.5,169,NQ,
2026-07-21,798,29341.0,157,NQ,
2026-07-21,799,29330.5,195,NQ,
2026-07-21,800,29331.0,185,NQ,
2026-07-21,801,29328.75,246,NQ,
2026-07-21,802,29331.25,181,NQ,
2026-07-21,803,29327.5,146,NQ,
2026-07-21,804,29328.75,182,NQ,
2026-07-21,805,29331.25,143,NQ,
2026-07-21,806,29330.0,158,NQ,
2026-07-21,807,29328.5,121,NQ,
2026-07-21,808,29328.0,199,NQ,
2026-07-21,809,29333.0,162,NQ,
2026-07-21,810,29343.0,366,NQ,
2026-07-21,811,29348.75,200,NQ,
2026-07-21,812,29348.5,243,NQ,
2026-07-21,813,29338.0,167,NQ,
2026-07-21,814,29337.5,246,NQ,
2026-07-21,815,29342.5,210,NQ,
2026-07-21,816,29350.25,223,NQ,
2026-07-21,817,29345.0,179,NQ,
2026-07-21,818,29346.0,188,NQ,
2026-07-21,819,29346.5,187,NQ,
2026-07-21,820,29344.0,202,NQ,
2026-07-21,821,29339.0,141,NQ,
2026-07-21,822,29336.75,209,NQ,
2026-07-21,823,29340.5,211,NQ,
2026-07-21,824,29341.5,195,NQ,
2026-07-21,825,29334.0,208,NQ,
2026-07-21,826,29338.0,213,NQ,
2026-07-21,827,29345.25,167,NQ,
2026-07-21,828,29346.0,146,NQ,
2026-07-21,829,29357.0,239,NQ,
2026-07-21,830,29360.75,209,NQ,
2026-07-21,831,29356.0,225,NQ,
2026-07-21,832,29351.25,170,NQ,
2026-07-21,833,29348.0,167,NQ,
2026-07-21,834,29344.0,222,NQ,
2026-07-21,835,29342.0,198,NQ,
2026-07-21,836,29342.25,164,NQ,
2026-07-21,837,29339.75,168,NQ,
2026-07-21,838,29338.5,175,NQ,
2026-07-21,839,29341.25,198,NQ,
2026-07-21,840,29348.5,254,NQ,
2026-07-21,841,29345.75,186,NQ,
2026-07-21,842,29346.5,293,NQ,
2026-07-21,843,29340.75,244,NQ,
2026-07-21,844,29343.75,200,NQ,
2026-07-21,845,29349.25,178,NQ,
2026-07-21,846,29354.25,167,NQ,
2026-07-21,847,29353.25,157,NQ,
2026-07-21,848,29354.5,219,NQ,
2026-07-21,849,29350.75,191,NQ,
2026-07-21,850,29351.0,179,NQ,
2026-07-21,851,29351.0,177,NQ,
2026-07-21,852,29343.75,141,NQ,
2026-07-21,853,29346.5,288,NQ,
2026-07-21,854,29337.75,193,NQ,
2026-07-21,855,29339.5,192,NQ,
2026-07-21,856,29337.25,157,NQ,
2026-07-21,857,29341.0,159,NQ,
2026-07-21,858,29337.5,150,NQ,
2026-07-21,859,29339.25,152,NQ,
2026-07-21,860,29334.5,186,NQ,
2026-07-21,861,29333.5,141,NQ,
2026-07-21,862,29340.75,228,NQ,
2026-07-21,863,29341.0,194,NQ,
2026-07-21,864,29340.0,213,NQ,
2026-07-21,865,29333.5,236,NQ,
2026-07-21,866,29326.75,173,NQ,
2026-07-21,867,29321.5,239,NQ,
2026-07-21,868,29323.5,168,NQ,
2026-07-21,869,29325.0,187,NQ,
2026-07-21,870,29323.75,214,NQ,
2026-07-21,871,29315.25,200,NQ,
2026-07-21,872,29314.75,214,NQ,
2026-07-21,873,29317.0,247,NQ,
2026-07-21,874,29316.25,243,NQ,
2026-07-21,875,29333.0,257,NQ,
2026-07-21,876,29329.25,192,NQ,
2026-07-21,877,29330.5,128,NQ,
2026-07-21,878,29330.75,143,NQ,
2026-07-21,879,29327.5,158,NQ,
2026-07-21,880,29327.75,235,NQ,
2026-07-21,881,29329.5,200,NQ,
2026-07-21,882,29339.0,242,NQ,
2026-07-21,883,29344.25,238,NQ,
2026-07-21,884,29347.25,231,NQ,
2026-07-21,885,29352.5,373,NQ,
2026-07-21,886,29353.25,234,NQ,
2026-07-21,887,29346.0,266,NQ,
2026-07-21,888,29341.75,162,NQ,
2026-07-21,889,29339.75,185,NQ,
2026-07-21,890,29337.5,160,NQ,
2026-07-21,891,29337.25,149,NQ,
2026-07-21,892,29338.25,145,NQ,
2026-07-21,893,29329.25,302,NQ,
2026-07-21,894,29323.5,158,NQ,
2026-07-21,895,29328.25,243,NQ,
2026-07-21,896,29322.75,221,NQ,
2026-07-21,897,29318.5,137,NQ,
2026-07-21,898,29319.75,157,NQ,
2026-07-21,899,29328.25,227,NQ,
2026-07-21,900,29329.75,310,NQ,
2026-07-21,901,29316.25,230,NQ,
2026-07-21,902,29314.0,197,NQ,
2026-07-21,903,29315.5,189,NQ,
2026-07-21,904,29318.5,247,NQ,
2026-07-21,905,29319.5,233,NQ,
2026-07-21,906,29322.75,191,NQ,
2026-07-21,907,29315.25,221,NQ,
2026-07-21,908,29312.75,292,NQ,
2026-07-21,909,29310.25,264,NQ,
2026-07-21,910,29307.0,179,NQ,
2026-07-21,911,29311.75,156,NQ,
2026-07-21,912,29313.25,249,NQ,
2026-07-21,913,29309.0,187,NQ,
2026-07-21,914,29309.75,214,NQ,
2026-07-21,915,29310.75,190,NQ,
2026-07-21,916,29317.25,227,NQ,
2026-07-21,917,29315.0,171,NQ,
2026-07-21,918,29314.0,252,NQ,
2026-07-21,919,29317.0,154,NQ,
2026-07-21,920,29318.25,301,NQ,
2026-07-21,921,29309.5,183,NQ,
2026-07-21,922,29312.25,167,NQ,
2026-07-21,923,29311.75,205,NQ,
2026-07-21,924,29310.5,199,NQ,
2026-07-21,925,29307.5,226,NQ,
2026-07-21,926,29305.25,339,NQ,
2026-07-21,927,29300.0,256,NQ,
2026-07-21,928,29297.25,223,NQ,
2026-07-21,929,29294.0,334,NQ,
2026-07-21,930,29298.5,300,NQ,
2026-07-21,931,29306.0,254,NQ,
2026-07-21,932,29307.5,278,NQ,
2026-07-21,933,29307.5,273,NQ,
2026-07-21,934,29305.75,219,NQ,
2026-07-21,935,29322.0,303,NQ,
2026-07-21,936,29323.25,256,NQ,
2026-07-21,937,29329.0,223,NQ,
2026-07-21,938,29325.25,203,NQ,
2026-07-21,939,29324.75,225,NQ,
2026-07-21,940,29324.25,278,NQ,
2026-07-21,941,29322.25,214,NQ,
2026-07-21,942,29327.0,189,NQ,
2026-07-21,943,29336.5,321,NQ,
2026-07-21,944,29337.25,329,NQ,
2026-07-21,945,29335.5,261,NQ,
2026-07-21,946,29335.25,253,NQ,
2026-07-21,947,29327.5,224,NQ,
2026-07-21,948,29330.5,224,NQ,
2026-07-21,949,29339.5,276,NQ,
2026-07-21,950,29335.5,396,NQ,
2026-07-21,951,29332.5,372,NQ,
2026-07-21,952,29334.75,304,NQ,
2026-07-21,953,29334.0,301,NQ,
2026-07-21,954,29338.0,466,NQ,
2026-07-21,955,29336.0,710,NQ,
2026-07-21,956,29341.0,296,NQ,
2026-07-21,957,29344.25,280,NQ,
2026-07-21,958,29335.5,385,NQ,
2026-07-21,959,29312.0,1597,NQ,
2026-07-22,570,29122.0,472,NQ,
2026-07-22,571,29129.0,551,NQ,
2026-07-22,572,29148.25,400,NQ,
2026-07-22,573,29143.0,408,NQ,
2026-07-22,574,29152.75,469,NQ,
2026-07-22,575,29151.5,329,NQ,
2026-07-22,576,29136.0,328,NQ,
2026-07-22,577,29160.25,392,NQ,
2026-07-22,578,29122.25,501,NQ,
2026-07-22,579,29155.75,434,NQ,
2026-07-22,580,29139.5,461,NQ,
2026-07-22,581,29158.25,393,NQ,
2026-07-22,582,29164.75,474,NQ,
2026-07-22,583,29178.25,334,NQ,
2026-07-22,584,29178.25,339,NQ,
2026-07-22,585,29205.0,569,NQ,
2026-07-22,586,29202.75,385,NQ,
2026-07-22,587,29175.75,384,NQ,
2026-07-22,588,29177.0,443,NQ,
2026-07-22,589,29173.0,404,NQ,
2026-07-22,590,29164.75,464,NQ,
2026-07-22,591,29183.5,307,NQ,
2026-07-22,592,29201.75,647,NQ,
2026-07-22,593,29224.75,304,NQ,
2026-07-22,594,29236.75,281,NQ,
2026-07-22,595,29242.5,328,NQ,
2026-07-22,596,29252.75,384,NQ,
2026-07-22,597,29257.25,336,NQ,
2026-07-22,598,29250.75,259,NQ,
2026-07-22,599,29276.75,444,NQ,
2026-07-22,600,29278.0,453,NQ,
2026-07-22,601,29263.25,345,NQ,
2026-07-22,602,29259.0,383,NQ,
2026-07-22,603,29243.25,365,NQ,
2026-07-22,604,29258.75,342,NQ,
2026-07-22,605,29275.5,314,NQ,
2026-07-22,606,29256.0,259,NQ,
2026-07-22,607,29239.75,344,NQ,
2026-07-22,608,29233.5,344,NQ,
2026-07-22,609,29222.5,273,NQ,
2026-07-22,610,29239.0,353,NQ,
2026-07-22,611,29252.75,316,NQ,
2026-07-22,612,29246.5,323,NQ,
2026-07-22,613,29230.0,321,NQ,
2026-07-22,614,29236.25,287,NQ,
2026-07-22,615,29207.5,412,NQ,
2026-07-22,616,29214.0,322,NQ,
2026-07-22,617,29228.5,288,NQ,
2026-07-22,618,29213.75,237,NQ,
2026-07-22,619,29252.5,305,NQ,
2026-07-22,620,29263.75,286,NQ,
2026-07-22,621,29263.75,346,NQ,
2026-07-22,622,29246.0,384,NQ,
2026-07-22,623,29219.75,383,NQ,
2026-07-22,624,29217.75,268,NQ,
2026-07-22,625,29225.25,351,NQ,
2026-07-22,626,29208.0,284,NQ,
2026-07-22,627,29214.75,257,NQ,
2026-07-22,628,29213.25,347,NQ,
2026-07-22,629,29220.0,293,NQ,
2026-07-22,630,29228.5,350,NQ,
2026-07-22,631,29231.0,325,NQ,
2026-07-22,632,29258.25,274,NQ,
2026-07-22,633,29234.5,283,NQ,
2026-07-22,634,29217.25,340,NQ,
2026-07-22,635,29224.5,391,NQ,
2026-07-22,636,29239.0,283,NQ,
2026-07-22,637,29225.0,240,NQ,
2026-07-22,638,29222.25,266,NQ,
2026-07-22,639,29220.0,218,NQ,
2026-07-22,640,29217.75,318,NQ,
2026-07-22,641,29189.0,316,NQ,
2026-07-22,642,29199.25,411,NQ,
2026-07-22,643,29192.75,353,NQ,
2026-07-22,644,29185.5,251,NQ,
2026-07-22,645,29197.5,360,NQ,
2026-07-22,646,29222.25,434,NQ,
2026-07-22,647,29211.75,323,NQ,
2026-07-22,648,29221.0,333,NQ,
2026-07-22,649,29224.5,253,NQ,
2026-07-22,650,29217.0,274,NQ,
2026-07-22,651,29212.25,317,NQ,
2026-07-22,652,29196.0,301,NQ,
2026-07-22,653,29201.0,282,NQ,
2026-07-22,654,29199.5,271,NQ,
2026-07-22,655,29198.75,246,NQ,
2026-07-22,656,29207.25,220,NQ,
2026-07-22,657,29226.25,265,NQ,
2026-07-22,658,29240.0,423,NQ,
2026-07-22,659,29241.0,243,NQ,
2026-07-22,660,29263.75,560,NQ,
2026-07-22,661,29248.5,312,NQ,
2026-07-22,662,29261.0,232,NQ,
2026-07-22,663,29261.5,275,NQ,
2026-07-22,664,29270.0,266,NQ,
2026-07-22,665,29290.5,394,NQ,
2026-07-22,666,29291.75,258,NQ,
2026-07-22,667,29296.5,266,NQ,
2026-07-22,668,29301.75,216,NQ,
2026-07-22,669,29292.75,276,NQ,
2026-07-22,670,29308.5,341,NQ,
2026-07-22,671,29298.5,341,NQ,
2026-07-22,672,29305.75,309,NQ,
2026-07-22,673,29298.75,215,NQ,
2026-07-22,674,29306.5,244,NQ,
2026-07-22,675,29308.5,279,NQ,
2026-07-22,676,29309.0,209,NQ,
2026-07-22,677,29300.25,263,NQ,
2026-07-22,678,29295.25,295,NQ,
2026-07-22,679,29309.75,179,NQ,
2026-07-22,680,29323.25,345,NQ,
2026-07-22,681,29302.75,329,NQ,
2026-07-22,682,29311.25,271,NQ,
2026-07-22,683,29310.0,307,NQ,
2026-07-22,684,29322.5,353,NQ,
2026-07-22,685,29330.0,290,NQ,
2026-07-22,686,29333.75,273,NQ,
2026-07-22,687,29332.0,283,NQ,
2026-07-22,688,29329.75,202,NQ,
2026-07-22,689,29324.5,168,NQ,
2026-07-22,690,29332.75,388,NQ,
2026-07-22,691,29325.75,193,NQ,
2026-07-22,692,29307.25,264,NQ,
2026-07-22,693,29300.0,313,NQ,
2026-07-22,694,29292.25,310,NQ,
2026-07-22,695,29304.75,308,NQ,
2026-07-22,696,29307.25,183,NQ,
2026-07-22,697,29296.75,259,NQ,
2026-07-22,698,29288.25,213,NQ,
2026-07-22,699,29282.5,208,NQ,
2026-07-22,700,29296.25,317,NQ,
2026-07-22,701,29296.75,226,NQ,
2026-07-22,702,29290.75,196,NQ,
2026-07-22,703,29284.5,241,NQ,
2026-07-22,704,29289.0,308,NQ,
2026-07-22,705,29301.75,287,NQ,
2026-07-22,706,29292.5,267,NQ,
2026-07-22,707,29299.0,194,NQ,
2026-07-22,708,29299.0,188,NQ,
2026-07-22,709,29307.25,183,NQ,
2026-07-22,710,29307.0,204,NQ,
2026-07-22,711,29320.5,253,NQ,
2026-07-22,712,29331.25,265,NQ,
2026-07-22,713,29314.0,280,NQ,
2026-07-22,714,29307.25,221,NQ,
2026-07-22,715,29311.75,281,NQ,
2026-07-22,716,29310.25,180,NQ,
2026-07-22,717,29312.5,254,NQ,
2026-07-22,718,29322.5,229,NQ,
2026-07-22,719,29329.5,250,NQ,
2026-07-22,720,29327.5,274,NQ,
2026-07-22,721,29316.5,210,NQ,
2026-07-22,722,29322.25,159,NQ,
2026-07-22,723,29320.25,158,NQ,
2026-07-22,724,29320.25,142,NQ,
2026-07-22,725,29323.5,160,NQ,
2026-07-22,726,29327.0,201,NQ,
2026-07-22,727,29327.25,177,NQ,
2026-07-22,728,29324.75,162,NQ,
2026-07-22,729,29328.75,200,NQ,
2026-07-22,730,29325.25,201,NQ,
2026-07-22,731,29316.5,216,NQ,
2026-07-22,732,29325.0,222,NQ,
2026-07-22,733,29324.25,193,NQ,
2026-07-22,734,29328.25,192,NQ,
2026-07-22,735,29328.5,301,NQ,
2026-07-22,736,29327.0,242,NQ,
2026-07-22,737,29321.0,206,NQ,
2026-07-22,738,29329.0,157,NQ,
2026-07-22,739,29330.0,204,NQ,
2026-07-22,740,29321.25,221,NQ,
2026-07-22,741,29319.25,162,NQ,
2026-07-22,742,29316.75,228,NQ,
2026-07-22,743,29310.0,161,NQ,
2026-07-22,744,29314.75,164,NQ,
2026-07-22,745,29315.0,205,NQ,
2026-07-22,746,29306.25,227,NQ,
2026-07-22,747,29311.75,161,NQ,
2026-07-22,757,29303.5,1836,NQ,
2026-07-22,758,29314.25,222,NQ,
2026-07-22,759,29305.0,185,NQ,
2026-07-22,760,29293.5,298,NQ,
2026-07-22,761,29291.0,173,NQ,
2026-07-22,762,29287.25,222,NQ,
2026-07-22,763,29284.75,243,NQ,
2026-07-22,764,29290.25,194,NQ,
2026-07-22,765,29285.0,217,NQ,
2026-07-22,766,29280.5,234,NQ,
2026-07-22,767,29282.75,214,NQ,
2026-07-22,768,29291.25,215,NQ,
2026-07-22,769,29288.5,224,NQ,
2026-07-22,770,29291.0,222,NQ,
2026-07-22,771,29289.25,268,NQ,
2026-07-22,772,29293.5,176,NQ,
2026-07-22,773,29290.25,176,NQ,
2026-07-22,774,29290.75,154,NQ,
2026-07-22,775,29314.75,247,NQ,
2026-07-22,776,29313.5,222,NQ,
2026-07-22,777,29315.25,242,NQ,
2026-07-22,778,29316.5,152,NQ,
2026-07-22,779,29310.5,165,NQ,
2026-07-22,780,29325.25,274,NQ,
2026-07-22,781,29318.0,201,NQ,
2026-07-22,782,29313.25,214,NQ,
2026-07-22,783,29310.5,288,NQ,
2026-07-22,784,29308.5,166,NQ,
2026-07-22,785,29315.75,234,NQ,
2026-07-22,786,29321.0,154,NQ,
2026-07-22,787,29330.25,198,NQ,
2026-07-22,788,29326.75,212,NQ,
2026-07-22,789,29326.0,190,NQ,
2026-07-22,790,29326.0,176,NQ,
2026-07-22,791,29324.25,145,NQ,
2026-07-22,792,29321.0,111,NQ,
2026-07-22,793,29314.75,231,NQ,
2026-07-22,794,29309.75,233,NQ,
2026-07-22,795,29305.5,246,NQ,
2026-07-22,796,29304.25,199,NQ,
2026-07-22,797,29313.5,217,NQ,
2026-07-22,798,29315.0,163,NQ,
2026-07-22,799,29310.0,168,NQ,
2026-07-22,800,29302.0,216,NQ,
2026-07-22,801,29298.25,177,NQ,
2026-07-22,802,29305.0,351,NQ,
2026-07-22,803,29310.5,161,NQ,
2026-07-22,804,29313.5,179,NQ,
2026-07-22,805,29304.0,170,NQ,
2026-07-22,806,29303.0,148,NQ,
2026-07-22,807,29306.25,114,NQ,
2026-07-22,808,29315.0,301,NQ,
2026-07-22,809,29306.0,221,NQ,
2026-07-22,810,29312.25,168,NQ,
2026-07-22,811,29314.0,199,NQ,
2026-07-22,812,29296.25,239,NQ,
2026-07-22,813,29290.25,250,NQ,
2026-07-22,814,29283.5,212,NQ,
2026-07-22,815,29290.0,254,NQ,
2026-07-22,816,29296.5,229,NQ,
2026-07-22,817,29306.5,256,NQ,
2026-07-22,818,29304.75,228,NQ,
2026-07-22,819,29314.0,208,NQ,
2026-07-22,820,29305.75,200,NQ,
2026-07-22,821,29297.5,221,NQ,
2026-07-22,822,29294.0,177,NQ,
2026-07-22,823,29291.0,145,NQ,
2026-07-22,824,29293.75,155,NQ,
2026-07-22,825,29294.75,97,NQ,
2026-07-22,826,29293.0,145,NQ,
2026-07-22,827,29287.25,193,NQ,
2026-07-22,828,29282.75,178,NQ,
2026-07-22,829,29282.0,158,NQ,
2026-07-22,830,29280.25,195,NQ,
2026-07-22,831,29284.25,161,NQ,
2026-07-22,832,29272.0,269,NQ,
2026-07-22,833,29258.75,257,NQ,
2026-07-22,834,29250.5,285,NQ,
2026-07-22,835,29251.25,301,NQ,
2026-07-22,836,29251.75,224,NQ,
2026-07-22,837,29249.5,242,NQ,
2026-07-22,838,29245.25,266,NQ,
2026-07-22,839,29244.25,198,NQ,
2026-07-22,840,29258.0,313,NQ,
2026-07-22,841,29249.25,255,NQ,
2026-07-22,842,29241.75,399,NQ,
2026-07-22,843,29248.25,235,NQ,
2026-07-22,844,29252.0,247,NQ,
2026-07-22,845,29254.0,244,NQ,
2026-07-22,846,29257.5,207,NQ,
2026-07-22,847,29268.0,264,NQ,
2026-07-22,848,29259.25,175,NQ,
2026-07-22,849,29245.5,231,NQ,
2026-07-22,850,29249.25,309,NQ,
2026-07-22,851,29245.25,229,NQ,
2026-07-22,852,29236.0,209,NQ,
2026-07-22,853,29233.25,285,NQ,
2026-07-22,854,29224.0,265,NQ,
2026-07-22,855,29228.0,250,NQ,
2026-07-22,856,29230.25,294,NQ,
2026-07-22,857,29227.25,183,NQ,
2026-07-22,858,29238.75,227,NQ,
2026-07-22,859,29231.75,197,NQ,
2026-07-22,860,29242.5,211,NQ,
2026-07-22,861,29239.0,238,NQ,
2026-07-22,862,29237.25,277,NQ,
2026-07-22,863,29227.25,259,NQ,
2026-07-22,864,29229.75,278,NQ,
2026-07-22,865,29232.25,149,NQ,
2026-07-22,866,29231.0,161,NQ,
2026-07-22,867,29232.75,185,NQ,
2026-07-22,868,29245.75,298,NQ,
2026-07-22,869,29239.0,259,NQ,
2026-07-22,870,29229.25,275,NQ,
2026-07-22,871,29215.75,337,NQ,
2026-07-22,872,29210.75,341,NQ,
2026-07-22,873,29219.25,149,NQ,
2026-07-22,874,29215.0,227,NQ,
2026-07-22,875,29230.75,270,NQ,
2026-07-22,876,29234.0,223,NQ,
2026-07-22,877,29233.75,201,NQ,
2026-07-22,878,29233.0,142,NQ,
2026-07-22,879,29233.25,259,NQ,
2026-07-22,880,29226.75,183,NQ,
2026-07-22,881,29233.0,129,NQ,
2026-07-22,882,29224.0,201,NQ,
2026-07-22,883,29231.25,171,NQ,
2026-07-22,884,29228.5,163,NQ,
2026-07-22,885,29244.0,186,NQ,
2026-07-22,886,29244.25,215,NQ,
2026-07-22,887,29242.75,127,NQ,
2026-07-22,888,29243.25,245,NQ,
2026-07-22,889,29232.75,163,NQ,
2026-07-22,890,29228.5,235,NQ,
2026-07-22,891,29232.75,211,NQ,
2026-07-22,892,29231.5,166,NQ,
2026-07-22,893,29242.5,179,NQ,
2026-07-22,894,29253.0,332,NQ,
2026-07-22,895,29257.25,187,NQ,
2026-07-22,896,29248.5,217,NQ,
2026-07-22,897,29251.25,121,NQ,
2026-07-22,898,29253.25,221,NQ,
2026-07-22,899,29245.25,194,NQ,
2026-07-22,900,29248.5,233,NQ,
2026-07-22,901,29241.0,294,NQ,
2026-07-22,902,29238.75,186,NQ,
2026-07-22,903,29248.5,181,NQ,
2026-07-22,904,29249.0,184,NQ,
2026-07-22,905,29245.25,179,NQ,
2026-07-22,906,29253.0,258,NQ,
2026-07-22,907,29242.75,229,NQ,
2026-07-22,908,29246.5,232,NQ,
2026-07-22,909,29246.0,140,NQ,
2026-07-22,910,29241.75,186,NQ,
2026-07-22,911,29235.0,209,NQ,
2026-07-22,912,29226.0,190,NQ,
2026-07-22,913,29223.25,238,NQ,
2026-07-22,914,29225.0,296,NQ,
2026-07-22,915,29226.0,250,NQ,
2026-07-22,916,29238.5,217,NQ,
2026-07-22,917,29239.0,178,NQ,
2026-07-22,918,29240.75,160,NQ,
2026-07-22,919,29240.5,177,NQ,
2026-07-22,920,29233.5,182,NQ,
2026-07-22,921,29231.25,259,NQ,
2026-07-22,922,29245.0,264,NQ,
2026-07-22,923,29244.0,283,NQ,
2026-07-22,924,29237.25,168,NQ,
2026-07-22,925,29236.25,195,NQ,
2026-07-22,926,29230.5,196,NQ,
2026-07-22,927,29244.5,227,NQ,
2026-07-22,928,29257.25,300,NQ,
2026-07-22,929,29253.0,288,NQ,
2026-07-22,930,29233.25,440,NQ,
2026-07-22,931,29235.0,242,NQ,
2026-07-22,932,29235.5,254,NQ,
2026-07-22,933,29233.25,202,NQ,
2026-07-22,934,29229.0,199,NQ,
2026-07-22,935,29226.25,207,NQ,
2026-07-22,936,29218.25,270,NQ,
2026-07-22,937,29213.5,240,NQ,
2026-07-22,938,29198.75,281,NQ,
2026-07-22,939,29199.75,217,NQ,
2026-07-22,940,29203.0,219,NQ,
2026-07-22,941,29209.25,413,NQ,
2026-07-22,942,29216.75,297,NQ,
2026-07-22,943,29218.5,239,NQ,
2026-07-22,944,29211.75,233,NQ,
2026-07-22,945,29213.5,250,NQ,
2026-07-22,946,29209.75,257,NQ,
2026-07-22,947,29214.25,235,NQ,
2026-07-22,948,29218.5,224,NQ,
2026-07-22,949,29223.75,279,NQ,
2026-07-22,950,29207.5,789,NQ,
2026-07-22,951,29209.25,259,NQ,
2026-07-22,952,29217.0,252,NQ,
2026-07-22,953,29214.25,268,NQ,
2026-07-22,954,29203.75,340,NQ,
2026-07-22,955,29181.25,538,NQ,
2026-07-22,956,29176.0,257,NQ,
2026-07-22,957,29188.5,338,NQ,
2026-07-22,958,29192.75,401,NQ,
2026-07-22,959,29160.5,1237,NQ,
2026-07-23,570,28687.5,668,NQ,
2026-07-23,571,28719.75,570,NQ,
2026-07-23,572,28740.25,506,NQ,
2026-07-23,573,28723.5,614,NQ,
2026-07-23,574,28759.75,488,NQ,
2026-07-23,575,28753.0,689,NQ,
2026-07-23,576,28788.5,547,NQ,
2026-07-23,577,28803.0,443,NQ,
2026-07-23,578,28794.25,384,NQ,
2026-07-23,579,28797.0,364,NQ,
2026-07-23,580,28813.5,524,NQ,
2026-07-23,581,28828.75,332,NQ,
2026-07-23,582,28865.5,592,NQ,
2026-07-23,583,28872.75,435,NQ,
2026-07-23,584,28856.75,410,NQ,
2026-07-23,585,28853.75,738,NQ,
2026-07-23,586,28846.25,565,NQ,
2026-07-23,587,28826.25,320,NQ,
2026-07-23,588,28795.5,399,NQ,
2026-07-23,589,28759.75,456,NQ,
2026-07-23,590,28775.5,459,NQ,
2026-07-23,591,28729.5,376,NQ,
2026-07-23,592,28745.75,436,NQ,
2026-07-23,593,28769.5,433,NQ,
2026-07-23,594,28815.75,470,NQ,
2026-07-23,595,28797.25,436,NQ,
2026-07-23,596,28762.0,459,NQ,
2026-07-23,597,28733.0,490,NQ,
2026-07-23,598,28725.0,517,NQ,
2026-07-23,599,28707.75,363,NQ,
2026-07-23,600,28748.25,560,NQ,
2026-07-23,601,28712.75,455,NQ,
2026-07-23,602,28726.75,250,NQ,
2026-07-23,603,28727.25,310,NQ,
2026-07-23,604,28749.25,371,NQ,
2026-07-23,605,28792.0,463,NQ,
2026-07-23,606,28778.0,373,NQ,
2026-07-23,607,28778.0,397,NQ,
2026-07-23,608,28712.75,425,NQ,
2026-07-23,609,28716.75,464,NQ,
2026-07-23,610,28724.25,618,NQ,
2026-07-23,611,28736.5,422,NQ,
2026-07-23,612,28755.75,458,NQ,
2026-07-23,613,28744.0,325,NQ,
2026-07-23,614,28704.75,404,NQ,
2026-07-23,615,28696.0,374,NQ,
2026-07-23,616,28716.0,358,NQ,
2026-07-23,617,28729.25,366,NQ,
2026-07-23,618,28718.25,359,NQ,
2026-07-23,619,28704.25,404,NQ,
2026-07-23,620,28708.75,282,NQ,
2026-07-23,621,28752.75,399,NQ,
2026-07-23,622,28763.75,437,NQ,
2026-07-23,623,28734.5,298,NQ,
2026-07-23,624,28709.5,357,NQ,
2026-07-23,625,28736.0,274,NQ,
2026-07-23,626,28713.25,318,NQ,
2026-07-23,627,28712.25,326,NQ,
2026-07-23,628,28703.0,377,NQ,
2026-07-23,629,28732.75,295,NQ,
2026-07-23,630,28731.0,314,NQ,
2026-07-23,631,28716.5,306,NQ,
2026-07-23,632,28683.0,367,NQ,
2026-07-23,633,28650.5,529,NQ,
2026-07-23,634,28670.0,495,NQ,
2026-07-23,635,28653.5,346,NQ,
2026-07-23,636,28666.25,393,NQ,
2026-07-23,637,28758.0,558,NQ,
2026-07-23,638,28735.25,494,NQ,
2026-07-23,639,28755.0,350,NQ,
2026-07-23,640,28728.75,337,NQ,
2026-07-23,641,28688.0,430,NQ,
2026-07-23,642,28666.5,334,NQ,
2026-07-23,643,28643.25,397,NQ,
2026-07-23,644,28645.0,380,NQ,
2026-07-23,645,28633.0,429,NQ,
2026-07-23,646,28653.25,366,NQ,
2026-07-23,647,28649.25,373,NQ,
2026-07-23,648,28634.75,357,NQ,
2026-07-23,649,28630.0,322,NQ,
2026-07-23,650,28614.5,411,NQ,
2026-07-23,651,28592.75,396,NQ,
2026-07-23,652,28612.5,476,NQ,
2026-07-23,653,28589.0,344,NQ,
2026-07-23,654,28582.25,410,NQ,
2026-07-23,655,28578.5,286,NQ,
2026-07-23,656,28607.0,372,NQ,
2026-07-23,657,28614.0,381,NQ,
2026-07-23,658,28595.25,331,NQ,
2026-07-23,659,28596.75,326,NQ,
2026-07-23,660,28588.5,392,NQ,
2026-07-23,661,28578.0,447,NQ,
2026-07-23,662,28571.25,301,NQ,
2026-07-23,663,28573.0,366,NQ,
2026-07-23,664,28567.75,366,NQ,
2026-07-23,665,28556.0,333,NQ,
2026-07-23,666,28534.0,445,NQ,
2026-07-23,667,28542.5,305,NQ,
2026-07-23,668,28547.75,410,NQ,
2026-07-23,669,28529.0,348,NQ,
2026-07-23,670,28528.75,300,NQ,
2026-07-23,671,28510.5,332,NQ,
2026-07-23,672,28496.75,626,NQ,
2026-07-23,673,28502.5,362,NQ,
2026-07-23,674,28493.5,373,NQ,
2026-07-23,675,28510.0,420,NQ,
2026-07-23,676,28510.0,400,NQ,
2026-07-23,677,28524.5,476,NQ,
2026-07-23,678,28521.5,333,NQ,
2026-07-23,679,28536.5,292,NQ,
2026-07-23,680,28555.5,753,NQ,
2026-07-23,681,28520.25,341,NQ,
2026-07-23,682,28484.0,777,NQ,
2026-07-23,683,28490.25,436,NQ,
2026-07-23,684,28503.0,390,NQ,
2026-07-23,685,28487.5,362,NQ,
2026-07-23,686,28475.5,378,NQ,
2026-07-23,687,28459.25,370,NQ,
2026-07-23,688,28450.5,462,NQ,
2026-07-23,689,28467.25,287,NQ,
2026-07-23,690,28448.5,363,NQ,
2026-07-23,691,28465.75,423,NQ,
2026-07-23,692,28479.75,304,NQ,
2026-07-23,693,28480.75,303,NQ,
2026-07-23,694,28488.75,291,NQ,
2026-07-23,695,28504.75,331,NQ,
2026-07-23,696,28514.75,368,NQ,
2026-07-23,697,28514.5,384,NQ,
2026-07-23,698,28532.75,315,NQ,
2026-07-23,699,28527.25,338,NQ,
2026-07-23,700,28532.75,357,NQ,
2026-07-23,701,28537.25,379,NQ,
2026-07-23,702,28510.0,401,NQ,
2026-07-23,703,28506.5,310,NQ,
2026-07-23,704,28494.5,280,NQ,
2026-07-23,705,28507.0,375,NQ,
2026-07-23,706,28497.5,291,NQ,
2026-07-23,707,28496.25,220,NQ,
2026-07-23,708,28501.5,227,NQ,
2026-07-23,709,28522.0,259,NQ,
2026-07-23,710,28531.75,315,NQ,
2026-07-23,711,28519.5,242,NQ,
2026-07-23,712,28537.0,231,NQ,
2026-07-23,713,28538.5,254,NQ,
2026-07-23,714,28556.25,335,NQ,
2026-07-23,715,28563.25,322,NQ,
2026-07-23,716,28571.0,380,NQ,
2026-07-23,717,28572.0,385,NQ,
2026-07-23,718,28581.0,318,NQ,
2026-07-23,719,28588.5,347,NQ,
2026-07-23,720,28597.75,350,NQ,
2026-07-23,721,28592.0,328,NQ,
2026-07-23,722,28619.0,345,NQ,
2026-07-23,723,28616.75,366,NQ,
2026-07-23,724,28616.0,377,NQ,
2026-07-23,725,28583.5,343,NQ,
2026-07-23,726,28580.0,301,NQ,
2026-07-23,727,28583.25,242,NQ,
2026-07-23,728,28617.0,357,NQ,
2026-07-23,729,28622.75,280,NQ,
2026-07-23,730,28630.75,303,NQ,
2026-07-23,731,28631.0,229,NQ,
2026-07-23,732,28623.0,295,NQ,
2026-07-23,733,28624.0,245,NQ,
2026-07-23,734,28629.75,230,NQ,
2026-07-23,735,28640.0,332,NQ,
2026-07-23,736,28624.0,239,NQ,
2026-07-23,737,28636.5,223,NQ,
2026-07-23,738,28635.75,241,NQ,
2026-07-23,739,28629.5,379,NQ,
2026-07-23,740,28655.25,260,NQ,
2026-07-23,741,28653.25,285,NQ,
2026-07-23,742,28670.5,416,NQ,
2026-07-23,743,28690.25,343,NQ,
2026-07-23,744,28687.25,297,NQ,
2026-07-23,745,28690.0,290,NQ,
2026-07-23,746,28675.75,343,NQ,
2026-07-23,747,28697.75,237,NQ,
2026-07-23,757,28708.0,2966,NQ,
2026-07-23,758,28732.0,388,NQ,
2026-07-23,759,28732.25,313,NQ,
2026-07-23,760,28713.5,244,NQ,
2026-07-23,761,28700.75,277,NQ,
2026-07-23,762,28701.0,283,NQ,
2026-07-23,763,28705.5,310,NQ,
2026-07-23,764,28687.0,259,NQ,
2026-07-23,765,28649.0,420,NQ,
2026-07-23,766,28645.0,382,NQ,
2026-07-23,767,28652.0,352,NQ,
2026-07-23,768,28640.5,290,NQ,
2026-07-23,769,28636.75,330,NQ,
2026-07-23,770,28626.0,304,NQ,
2026-07-23,771,28622.0,267,NQ,
2026-07-23,772,28628.25,268,NQ,
2026-07-23,773,28614.5,261,NQ,
2026-07-23,774,28611.75,251,NQ,
2026-07-23,775,28621.75,438,NQ,
2026-07-23,776,28626.0,285,NQ,
2026-07-23,777,28625.5,255,NQ,
2026-07-23,778,28625.5,266,NQ,
2026-07-23,779,28640.75,288,NQ,
2026-07-23,780,28657.25,309,NQ,
2026-07-23,781,28650.5,369,NQ,
2026-07-23,782,28648.0,276,NQ,
2026-07-23,783,28649.25,222,NQ,
2026-07-23,784,28615.5,272,NQ,
2026-07-23,785,28602.25,430,NQ,
2026-07-23,786,28595.25,284,NQ,
2026-07-23,787,28606.25,316,NQ,
2026-07-23,788,28608.0,253,NQ,
2026-07-23,789,28627.25,315,NQ,
2026-07-23,790,28633.5,343,NQ,
2026-07-23,791,28638.25,270,NQ,
2026-07-23,792,28649.25,281,NQ,
2026-07-23,793,28638.0,259,NQ,
2026-07-23,794,28644.25,329,NQ,
2026-07-23,795,28642.25,280,NQ,
2026-07-23,796,28645.25,272,NQ,
2026-07-23,797,28621.5,245,NQ,
2026-07-23,798,28635.0,336,NQ,
2026-07-23,799,28641.0,274,NQ,
2026-07-23,800,28660.0,332,NQ,
2026-07-23,801,28636.25,341,NQ,
2026-07-23,802,28634.25,240,NQ,
2026-07-23,803,28659.25,239,NQ,
2026-07-23,804,28664.5,366,NQ,
2026-07-23,805,28670.0,336,NQ,
2026-07-23,806,28669.25,322,NQ,
2026-07-23,807,28660.75,295,NQ,
2026-07-23,808,28664.25,211,NQ,
2026-07-23,809,28652.5,240,NQ,
2026-07-23,810,28649.25,363,NQ,
2026-07-23,811,28621.5,304,NQ,
2026-07-23,812,28611.0,275,NQ,
2026-07-23,813,28620.0,262,NQ,
2026-07-23,814,28620.75,221,NQ,
2026-07-23,815,28598.0,227,NQ,
2026-07-23,816,28594.75,255,NQ,
2026-07-23,817,28594.0,355,NQ,
2026-07-23,818,28589.25,241,NQ,
2026-07-23,819,28590.5,176,NQ,
2026-07-23,820,28578.0,286,NQ,
2026-07-23,821,28586.25,283,NQ,
2026-07-23,822,28589.5,246,NQ,
2026-07-23,823,28598.0,239,NQ,
2026-07-23,824,28595.25,205,NQ,
2026-07-23,825,28618.25,306,NQ,
2026-07-23,826,28616.75,328,NQ,
2026-07-23,827,28620.0,184,NQ,
2026-07-23,828,28621.25,193,NQ,
2026-07-23,829,28621.5,203,NQ,
2026-07-23,830,28622.25,246,NQ,
2026-07-23,831,28608.5,251,NQ,
2026-07-23,832,28621.25,218,NQ,
2026-07-23,833,28607.0,278,NQ,
2026-07-23,834,28597.0,262,NQ,
2026-07-23,835,28590.0,235,NQ,
2026-07-23,836,28578.0,216,NQ,
2026-07-23,837,28571.75,214,NQ,
2026-07-23,838,28574.75,276,NQ,
2026-07-23,839,28569.0,274,NQ,
2026-07-23,840,28570.75,352,NQ,
2026-07-23,841,28566.0,224,NQ,
2026-07-23,842,28571.5,167,NQ,
2026-07-23,843,28576.75,233,NQ,
2026-07-23,844,28561.0,227,NQ,
2026-07-23,845,28561.0,224,NQ,
2026-07-23,846,28565.5,194,NQ,
2026-07-23,847,28544.25,239,NQ,
2026-07-23,848,28554.0,252,NQ,
2026-07-23,849,28546.75,242,NQ,
2026-07-23,850,28554.5,187,NQ,
2026-07-23,851,28559.0,261,NQ,
2026-07-23,852,28574.5,234,NQ,
2026-07-23,853,28571.75,220,NQ,
2026-07-23,854,28559.0,291,NQ,
2026-07-23,855,28569.75,278,NQ,
2026-07-23,856,28568.0,337,NQ,
2026-07-23,857,28550.75,261,NQ,
2026-07-23,858,28550.75,283,NQ,
2026-07-23,859,28556.0,274,NQ,
2026-07-23,860,28555.75,238,NQ,
2026-07-23,861,28569.5,296,NQ,
2026-07-23,862,28563.5,280,NQ,
2026-07-23,863,28570.25,256,NQ,
2026-07-23,864,28580.25,352,NQ,
2026-07-23,865,28569.5,304,NQ,
2026-07-23,866,28561.5,161,NQ,
2026-07-23,867,28556.25,231,NQ,
2026-07-23,868,28567.5,233,NQ,
2026-07-23,869,28575.5,172,NQ,
2026-07-23,870,28579.25,375,NQ,
2026-07-23,871,28586.0,251,NQ,
2026-07-23,872,28581.25,260,NQ,
2026-07-23,873,28585.75,207,NQ,
2026-07-23,874,28596.25,248,NQ,
2026-07-23,875,28581.25,257,NQ,
2026-07-23,876,28567.75,284,NQ,
2026-07-23,877,28569.5,265,NQ,
2026-07-23,878,28558.5,248,NQ,
2026-07-23,879,28568.0,195,NQ,
2026-07-23,880,28575.5,216,NQ,
2026-07-23,881,28557.75,247,NQ,
2026-07-23,882,28554.0,241,NQ,
2026-07-23,883,28551.0,197,NQ,
2026-07-23,884,28550.5,204,NQ,
2026-07-23,885,28560.75,313,NQ,
2026-07-23,886,28563.25,175,NQ,
2026-07-23,887,28575.25,161,NQ,
2026-07-23,888,28573.5,224,NQ,
2026-07-23,889,28564.25,198,NQ,
2026-07-23,890,28561.75,291,NQ,
2026-07-23,891,28561.75,223,NQ,
2026-07-23,892,28562.25,197,NQ,
2026-07-23,893,28559.0,194,NQ,
2026-07-23,894,28533.0,256,NQ,
2026-07-23,895,28538.75,304,NQ,
2026-07-23,896,28537.25,214,NQ,
2026-07-23,897,28535.0,196,NQ,
2026-07-23,898,28535.75,285,NQ,
2026-07-23,899,28551.0,331,NQ,
2026-07-23,900,28555.25,362,NQ,
2026-07-23,901,28540.75,282,NQ,
2026-07-23,902,28544.25,173,NQ,
2026-07-23,903,28520.75,258,NQ,
2026-07-23,904,28515.5,240,NQ,
2026-07-23,905,28525.0,307,NQ,
2026-07-23,906,28526.5,198,NQ,
2026-07-23,907,28511.75,203,NQ,
2026-07-23,908,28516.0,282,NQ,
2026-07-23,909,28509.75,159,NQ,
2026-07-23,910,28503.75,232,NQ,
2026-07-23,911,28510.25,211,NQ,
2026-07-23,912,28514.25,291,NQ,
2026-07-23,913,28508.5,180,NQ,
2026-07-23,914,28505.75,163,NQ,
2026-07-23,915,28516.25,298,NQ,
2026-07-23,916,28526.0,194,NQ,
2026-07-23,917,28529.0,266,NQ,
2026-07-23,918,28520.5,288,NQ,
2026-07-23,919,28525.75,250,NQ,
2026-07-23,920,28539.5,263,NQ,
2026-07-23,921,28555.0,274,NQ,
2026-07-23,922,28550.25,271,NQ,
2026-07-23,923,28561.25,200,NQ,
2026-07-23,924,28573.5,319,NQ,
2026-07-23,925,28588.25,313,NQ,
2026-07-23,926,28582.75,356,NQ,
2026-07-23,927,28582.75,268,NQ,
2026-07-23,928,28566.25,332,NQ,
2026-07-23,929,28581.75,253,NQ,
2026-07-23,930,28589.5,466,NQ,
2026-07-23,931,28555.0,276,NQ,
2026-07-23,932,28552.25,288,NQ,
2026-07-23,933,28551.0,338,NQ,
2026-07-23,934,28560.25,300,NQ,
2026-07-23,935,28553.75,283,NQ,
2026-07-23,936,28554.5,263,NQ,
2026-07-23,937,28557.25,264,NQ,
2026-07-23,938,28543.75,228,NQ,
2026-07-23,939,28539.5,253,NQ,
2026-07-23,940,28538.0,217,NQ,
2026-07-23,941,28534.25,202,NQ,
2026-07-23,942,28510.75,305,NQ,
2026-07-23,943,28514.5,298,NQ,
2026-07-23,944,28502.25,222,NQ,
2026-07-23,945,28504.25,292,NQ,
2026-07-23,946,28493.25,273,NQ,
2026-07-23,947,28507.0,295,NQ,
2026-07-23,948,28501.5,205,NQ,
2026-07-23,949,28499.5,282,NQ,
2026-07-23,950,28528.75,834,NQ,
2026-07-23,951,28536.25,390,NQ,
2026-07-23,952,28523.25,297,NQ,
2026-07-23,953,28517.0,329,NQ,
2026-07-23,954,28536.0,627,NQ,
2026-07-23,955,28578.5,648,NQ,
2026-07-23,956,28584.0,372,NQ,
2026-07-23,957,28606.0,335,NQ,
2026-07-23,958,28623.5,429,NQ,
2026-07-23,959,28614.5,1547,NQ,
2026-07-24,570,28529.75,874,NQ,
2026-07-24,571,28527.25,524,NQ,
2026-07-24,572,28559.75,410,NQ,
2026-07-24,573,28557.0,456,NQ,
2026-07-24,574,28603.25,335,NQ,
2026-07-24,575,28578.5,671,NQ,
2026-07-24,576,28525.0,483,NQ,
2026-07-24,577,28546.5,362,NQ,
2026-07-24,578,28520.0,425,NQ,
2026-07-24,579,28528.25,513,NQ,
2026-07-24,580,28491.5,536,NQ,
2026-07-24,581,28482.0,472,NQ,
2026-07-24,582,28479.25,494,NQ,
2026-07-24,583,28480.0,355,NQ,
2026-07-24,584,28485.0,559,NQ,
2026-07-24,585,28470.25,388,NQ,
2026-07-24,586,28460.75,348,NQ,
2026-07-24,587,28466.5,338,NQ,
2026-07-24,588,28457.75,349,NQ,
2026-07-24,589,28503.25,400,NQ,
2026-07-24,590,28434.25,621,NQ,
2026-07-24,591,28396.0,510,NQ,
2026-07-24,592,28369.25,471,NQ,
2026-07-24,593,28352.0,386,NQ,
2026-07-24,594,28345.25,401,NQ,
2026-07-24,595,28325.5,505,NQ,
2026-07-24,596,28323.5,400,NQ,
2026-07-24,597,28326.75,424,NQ,
2026-07-24,598,28345.75,552,NQ,
2026-07-24,599,28323.0,358,NQ,
2026-07-24,600,28375.5,908,NQ,
2026-07-24,601,28367.25,478,NQ,
2026-07-24,602,28369.0,446,NQ,
2026-07-24,603,28363.25,392,NQ,
2026-07-24,604,28338.5,362,NQ,
2026-07-24,605,28373.25,363,NQ,
2026-07-24,606,28363.5,376,NQ,
2026-07-24,607,28390.25,385,NQ,
2026-07-24,608,28422.25,530,NQ,
2026-07-24,609,28429.25,445,NQ,
2026-07-24,610,28423.25,374,NQ,
2026-07-24,611,28418.25,348,NQ,
2026-07-24,612,28394.25,357,NQ,
2026-07-24,613,28419.25,371,NQ,
2026-07-24,614,28422.25,418,NQ,
2026-07-24,615,28384.0,404,NQ,
2026-07-24,616,28373.25,419,NQ,
2026-07-24,617,28345.5,483,NQ,
2026-07-24,618,28316.25,402,NQ,
2026-07-24,619,28332.5,372,NQ,
2026-07-24,620,28340.75,478,NQ,
2026-07-24,621,28375.5,335,NQ,
2026-07-24,622,28386.0,327,NQ,
2026-07-24,623,28419.75,343,NQ,
2026-07-24,624,28392.75,334,NQ,
2026-07-24,625,28382.75,398,NQ,
2026-07-24,626,28390.0,292,NQ,
2026-07-24,627,28373.25,334,NQ,
2026-07-24,628,28390.25,270,NQ,
2026-07-24,629,28393.25,290,NQ,
2026-07-24,630,28347.5,470,NQ,
2026-07-24,631,28365.5,353,NQ,
2026-07-24,632,28331.0,370,NQ,
2026-07-24,633,28328.75,292,NQ,
2026-07-24,634,28304.5,308,NQ,
2026-07-24,635,28337.5,406,NQ,
2026-07-24,636,28324.75,333,NQ,
2026-07-24,637,28307.0,291,NQ,
2026-07-24,638,28308.0,266,NQ,
2026-07-24,639,28284.0,370,NQ,
2026-07-24,640,28285.25,402,NQ,
2026-07-24,641,28283.75,345,NQ,
2026-07-24,642,28270.5,334,NQ,
2026-07-24,643,28284.5,298,NQ,
2026-07-24,644,28287.25,404,NQ,
2026-07-24,645,28262.25,416,NQ,
2026-07-24,646,28293.25,482,NQ,
2026-07-24,647,28272.25,415,NQ,
2026-07-24,648,28280.75,288,NQ,
2026-07-24,649,28321.5,391,NQ,
2026-07-24,650,28360.0,396,NQ,
2026-07-24,651,28346.25,353,NQ,
2026-07-24,652,28319.25,314,NQ,
2026-07-24,653,28357.5,401,NQ,
2026-07-24,654,28350.25,337,NQ,
2026-07-24,655,28377.75,314,NQ,
2026-07-24,656,28383.25,341,NQ,
2026-07-24,657,28415.5,321,NQ,
2026-07-24,658,28438.25,359,NQ,
2026-07-24,659,28449.25,465,NQ,
2026-07-24,660,28467.25,460,NQ,
2026-07-24,661,28432.25,541,NQ,
2026-07-24,662,28432.25,380,NQ,
2026-07-24,663,28417.0,373,NQ,
2026-07-24,664,28405.5,248,NQ,
2026-07-24,665,28410.25,288,NQ,
2026-07-24,666,28387.5,366,NQ,
2026-07-24,667,28397.75,398,NQ,
2026-07-24,668,28402.5,346,NQ,
2026-07-24,669,28364.5,381,NQ,
2026-07-24,670,28422.25,505,NQ,
2026-07-24,671,28433.5,661,NQ,
2026-07-24,672,28430.5,307,NQ,
2026-07-24,673,28433.75,284,NQ,
2026-07-24,674,28493.75,463,NQ,
2026-07-24,675,28543.5,688,NQ,
2026-07-24,676,28513.75,395,NQ,
2026-07-24,677,28491.0,310,NQ,
2026-07-24,678,28484.25,455,NQ,
2026-07-24,679,28463.75,404,NQ,
2026-07-24,680,28499.25,287,NQ,
2026-07-24,681,28502.0,301,NQ,
2026-07-24,682,28498.25,278,NQ,
2026-07-24,683,28513.25,318,NQ,
2026-07-24,684,28502.0,303,NQ,
2026-07-24,685,28527.75,470,NQ,
2026-07-24,686,28511.0,282,NQ,
2026-07-24,687,28533.0,257,NQ,
2026-07-24,688,28520.0,326,NQ,
2026-07-24,689,28499.75,383,NQ,
2026-07-24,690,28508.25,360,NQ,
2026-07-24,691,28532.75,364,NQ,
2026-07-24,692,28506.75,365,NQ,
2026-07-24,693,28500.25,334,NQ,
2026-07-24,694,28487.75,332,NQ,
2026-07-24,695,28516.75,373,NQ,
2026-07-24,696,28523.25,312,NQ,
2026-07-24,697,28534.0,313,NQ,
2026-07-24,698,28553.25,390,NQ,
2026-07-24,699,28562.0,239,NQ,
2026-07-24,700,28557.75,328,NQ,
2026-07-24,701,28533.0,317,NQ,
2026-07-24,702,28516.5,259,NQ,
2026-07-24,703,28498.25,336,NQ,
2026-07-24,704,28506.0,265,NQ,
2026-07-24,705,28517.5,292,NQ,
2026-07-24,706,28510.0,199,NQ,
2026-07-24,707,28500.75,318,NQ,
2026-07-24,708,28513.75,253,NQ,
2026-07-24,709,28503.25,296,NQ,
2026-07-24,710,28539.5,385,NQ,
2026-07-24,711,28532.5,317,NQ,
2026-07-24,712,28528.75,283,NQ,
2026-07-24,713,28547.0,273,NQ,
2026-07-24,714,28536.25,221,NQ,
2026-07-24,715,28553.75,318,NQ,
2026-07-24,716,28571.75,330,NQ,
2026-07-24,717,28562.5,266,NQ,
2026-07-24,718,28575.75,253,NQ,
2026-07-24,719,28575.75,273,NQ,
2026-07-24,720,28558.75,344,NQ,
2026-07-24,721,28563.0,248,NQ,
2026-07-24,722,28565.0,241,NQ,
2026-07-24,723,28580.25,258,NQ,
2026-07-24,724,28590.5,275,NQ,
2026-07-24,725,28590.75,312,NQ,
2026-07-24,726,28582.75,383,NQ,
2026-07-24,727,28615.0,365,NQ,
2026-07-24,728,28604.5,351,NQ,
2026-07-24,729,28604.5,296,NQ,
2026-07-24,730,28629.25,343,NQ,
2026-07-24,731,28608.25,318,NQ,
2026-07-24,732,28596.25,260,NQ,
2026-07-24,733,28577.5,454,NQ,
2026-07-24,734,28575.0,361,NQ,
2026-07-24,735,28566.75,338,NQ,
2026-07-24,736,28562.75,312,NQ,
2026-07-24,737,28557.75,305,NQ,
2026-07-24,738,28565.25,232,NQ,
2026-07-24,739,28566.0,314,NQ,
2026-07-24,740,28585.0,219,NQ,
2026-07-24,741,28575.5,277,NQ,
2026-07-24,742,28590.5,211,NQ,
2026-07-24,743,28585.5,293,NQ,
2026-07-24,744,28585.0,213,NQ,
2026-07-24,745,28590.5,265,NQ,
2026-07-24,746,28586.75,219,NQ,
2026-07-24,747,28575.0,277,NQ,
2026-07-24,748,28578.0,274,NQ,
2026-07-24,749,28566.75,266,NQ,
2026-07-24,750,28539.0,503,NQ,
2026-07-24,751,28540.25,278,NQ,
2026-07-24,752,28540.5,354,NQ,
2026-07-24,753,28536.75,227,NQ,
2026-07-24,754,28542.25,305,NQ,
2026-07-24,755,28544.75,252,NQ,
2026-07-24,756,28540.75,369,NQ,
2026-07-24,757,28541.75,252,NQ,
2026-07-24,758,28525.0,191,NQ,
2026-07-24,770,28479.75,2675,NQ,
2026-07-24,771,28478.0,297,NQ,
2026-07-24,772,28472.5,222,NQ,
2026-07-24,773,28469.75,230,NQ,
2026-07-24,774,28473.5,239,NQ,
2026-07-24,775,28486.5,270,NQ,
2026-07-24,776,28488.25,235,NQ,
2026-07-24,777,28502.5,216,NQ,
2026-07-24,778,28501.75,193,NQ,
2026-07-24,779,28495.75,185,NQ,
2026-07-24,780,28489.5,216,NQ,
2026-07-24,781,28483.75,233,NQ,
2026-07-24,782,28478.75,200,NQ,
2026-07-24,783,28476.5,148,NQ,
2026-07-24,784,28478.0,184,NQ,
2026-07-24,785,28481.5,284,NQ,
2026-07-24,786,28462.5,411,NQ,
2026-07-24,787,28450.25,197,NQ,
2026-07-24,788,28444.0,246,NQ,
2026-07-24,789,28435.5,270,NQ,
2026-07-24,790,28438.75,264,NQ,
2026-07-24,791,28450.75,254,NQ,
2026-07-24,792,28456.75,282,NQ,
2026-07-24,793,28456.0,204,NQ,
2026-07-24,794,28459.25,301,NQ,
2026-07-24,795,28450.5,225,NQ,
2026-07-24,796,28445.0,196,NQ,
2026-07-24,797,28471.75,345,NQ,
2026-07-24,798,28479.0,276,NQ,
2026-07-24,799,28487.25,296,NQ,
2026-07-24,800,28481.75,233,NQ,
2026-07-24,801,28479.0,367,NQ,
2026-07-24,802,28470.0,251,NQ,
2026-07-24,803,28468.0,188,NQ,
2026-07-24,804,28489.0,250,NQ,
2026-07-24,805,28491.25,200,NQ,
2026-07-24,806,28504.75,242,NQ,
2026-07-24,807,28515.5,344,NQ,
2026-07-24,808,28517.25,294,NQ,
2026-07-24,809,28514.5,334,NQ,
2026-07-24,810,28510.0,229,NQ,
2026-07-24,811,28516.75,190,NQ,
2026-07-24,812,28514.75,232,NQ,
2026-07-24,813,28533.0,216,NQ,
2026-07-24,814,28540.25,195,NQ,
2026-07-24,815,28536.75,195,NQ,
2026-07-24,816,28523.25,219,NQ,
2026-07-24,817,28506.0,269,NQ,
2026-07-24,818,28504.0,181,NQ,
2026-07-24,819,28489.0,264,NQ,
2026-07-24,820,28481.25,273,NQ,
2026-07-24,821,28471.5,249,NQ,
2026-07-24,822,28471.75,244,NQ,
2026-07-24,823,28472.75,187,NQ,
2026-07-24,824,28464.75,205,NQ,
2026-07-24,825,28460.25,265,NQ,
2026-07-24,826,28476.25,230,NQ,
2026-07-24,827,28467.75,179,NQ,
2026-07-24,828,28467.5,183,NQ,
2026-07-24,829,28483.75,169,NQ,
2026-07-24,830,28493.75,264,NQ,
2026-07-24,831,28473.5,261,NQ,
2026-07-24,832,28476.5,165,NQ,
2026-07-24,833,28477.25,110,NQ,
2026-07-24,834,28483.5,199,NQ,
2026-07-24,835,28476.0,210,NQ,
2026-07-24,836,28485.5,184,NQ,
2026-07-24,837,28474.0,185,NQ,
2026-07-24,838,28473.75,207,NQ,
2026-07-24,839,28466.5,146,NQ,
2026-07-24,840,28478.25,268,NQ,
2026-07-24,841,28459.25,269,NQ,
2026-07-24,842,28465.75,223,NQ,
2026-07-24,843,28455.25,191,NQ,
2026-07-24,844,28455.75,159,NQ,
2026-07-24,845,28454.5,217,NQ,
2026-07-24,846,28446.0,209,NQ,
2026-07-24,847,28462.5,248,NQ,
2026-07-24,848,28456.75,173,NQ,
2026-07-24,849,28450.75,261,NQ,
2026-07-24,850,28443.25,197,NQ,
2026-07-24,851,28435.0,215,NQ,
2026-07-24,852,28434.0,223,NQ,
2026-07-24,853,28428.0,224,NQ,
2026-07-24,854,28428.25,153,NQ,
2026-07-24,855,28425.5,301,NQ,
2026-07-24,856,28421.75,237,NQ,
2026-07-24,857,28419.75,173,NQ,
2026-07-24,858,28414.5,325,NQ,
2026-07-24,859,28399.0,293,NQ,
2026-07-24,860,28387.25,265,NQ,
2026-07-24,861,28383.75,223,NQ,
2026-07-24,862,28384.75,206,NQ,
2026-07-24,863,28385.25,218,NQ,
2026-07-24,864,28376.5,217,NQ,
2026-07-24,865,28367.25,338,NQ,
2026-07-24,866,28355.0,249,NQ,
2026-07-24,867,28349.75,334,NQ,
2026-07-24,868,28344.0,336,NQ,
2026-07-24,869,28336.25,245,NQ,
2026-07-24,870,28333.25,312,NQ,
2026-07-24,871,28316.25,242,NQ,
2026-07-24,872,28317.75,244,NQ,
2026-07-24,873,28305.75,359,NQ,
2026-07-24,874,28297.75,282,NQ,
2026-07-24,875,28293.75,397,NQ,
2026-07-24,876,28301.75,420,NQ,
2026-07-24,877,28296.0,228,NQ,
2026-07-24,878,28309.5,300,NQ,
2026-07-24,879,28294.75,493,NQ,
2026-07-24,880,28275.0,286,NQ,
2026-07-24,881,28268.5,325,NQ,
2026-07-24,882,28276.25,367,NQ,
2026-07-24,883,28281.5,302,NQ,
2026-07-24,884,28276.5,210,NQ,
2026-07-24,885,28303.75,355,NQ,
2026-07-24,886,28308.5,330,NQ,
2026-07-24,887,28320.25,229,NQ,
2026-07-24,888,28302.5,276,NQ,
2026-07-24,889,28304.25,241,NQ,
2026-07-24,890,28295.5,290,NQ,
2026-07-24,891,28309.5,274,NQ,
2026-07-24,892,28314.5,274,NQ,
2026-07-24,893,28310.0,226,NQ,
2026-07-24,894,28299.25,354,NQ,
2026-07-24,895,28310.0,198,NQ,
2026-07-24,896,28319.0,213,NQ,
2026-07-24,897,28314.25,259,NQ,
2026-07-24,898,28301.75,229,NQ,
2026-07-24,899,28302.5,178,NQ,
2026-07-24,900,28304.25,332,NQ,
2026-07-24,901,28307.25,358,NQ,
2026-07-24,902,28287.0,289,NQ,
2026-07-24,903,28287.5,261,NQ,
2026-07-24,904,28284.5,276,NQ,
2026-07-24,905,28300.75,316,NQ,
2026-07-24,906,28277.75,280,NQ,
2026-07-24,907,28241.5,299,NQ,
2026-07-24,908,28242.25,249,NQ,
2026-07-24,909,28230.75,320,NQ,
2026-07-24,910,28226.25,294,NQ,
2026-07-24,911,28230.25,210,NQ,
2026-07-24,912,28238.25,406,NQ,
2026-07-24,913,28235.0,222,NQ,
2026-07-24,914,28221.75,190,NQ,
2026-07-24,915,28220.0,334,NQ,
2026-07-24,916,28225.25,327,NQ,
2026-07-24,917,28232.0,227,NQ,
2026-07-24,918,28230.75,263,NQ,
2026-07-24,919,28240.75,229,NQ,
2026-07-24,920,28240.75,235,NQ,
2026-07-24,921,28249.25,235,NQ,
2026-07-24,922,28252.0,175,NQ,
2026-07-24,923,28245.75,206,NQ,
2026-07-24,924,28229.75,239,NQ,
2026-07-24,925,28225.75,281,NQ,
2026-07-24,926,28231.5,237,NQ,
2026-07-24,927,28244.75,331,NQ,
2026-07-24,928,28256.25,261,NQ,
2026-07-24,929,28253.5,250,NQ,
2026-07-24,930,28256.75,285,NQ,
2026-07-24,931,28271.0,493,NQ,
2026-07-24,932,28282.0,285,NQ,
2026-07-24,933,28288.25,334,NQ,
2026-07-24,934,28281.25,363,NQ,
2026-07-24,935,28294.25,394,NQ,
2026-07-24,936,28278.5,283,NQ,
2026-07-24,937,28295.75,296,NQ,
2026-07-24,938,28298.25,237,NQ,
2026-07-24,939,28274.0,286,NQ,
2026-07-24,940,28270.75,272,NQ,
2026-07-24,941,28257.25,329,NQ,
2026-07-24,942,28252.25,298,NQ,
2026-07-24,943,28259.5,473,NQ,
2026-07-24,944,28274.25,352,NQ,
2026-07-24,945,28256.25,362,NQ,
2026-07-24,946,28255.25,305,NQ,
2026-07-24,947,28257.5,302,NQ,
2026-07-24,948,28251.5,193,NQ,
2026-07-24,949,28275.5,330,NQ,
2026-07-24,950,28235.75,796,NQ,
2026-07-24,951,28238.25,368,NQ,
2026-07-24,952,28232.25,299,NQ,
2026-07-24,953,28240.5,460,NQ,
2026-07-24,954,28272.0,430,NQ,
2026-07-24,955,28250.0,615,NQ,
2026-07-24,956,28259.75,235,NQ,
2026-07-24,957,28272.25,754,NQ,
2026-07-24,958,28269.25,389,NQ,
2026-07-24,959,28284.0,1040,NQ,
2026-07-27,570,28581.0,819,NQ,
2026-07-27,571,28565.5,510,NQ,
2026-07-27,572,28521.5,491,NQ,
2026-07-27,573,28506.5,497,NQ,
2026-07-27,574,28538.0,432,NQ,
2026-07-27,575,28601.75,593,NQ,
2026-07-27,576,28590.75,502,NQ,
2026-07-27,577,28595.0,477,NQ,
2026-07-27,578,28547.75,468,NQ,
2026-07-27,579,28545.25,447,NQ,
2026-07-27,580,28504.75,428,NQ,
2026-07-27,581,28505.5,435,NQ,
2026-07-27,582,28458.25,544,NQ,
2026-07-27,583,28444.0,468,NQ,
2026-07-27,584,28455.0,325,NQ,
2026-07-27,585,28472.25,492,NQ,
2026-07-27,586,28435.75,565,NQ,
2026-07-27,587,28435.0,394,NQ,
2026-07-27,588,28465.5,389,NQ,
2026-07-27,589,28461.0,399,NQ,
2026-07-27,590,28485.75,453,NQ,
2026-07-27,591,28495.25,362,NQ,
2026-07-27,592,28476.5,433,NQ,
2026-07-27,593,28477.25,438,NQ,
2026-07-27,594,28459.5,351,NQ,
2026-07-27,595,28439.5,380,NQ,
2026-07-27,596,28406.0,421,NQ,
2026-07-27,597,28387.25,394,NQ,
2026-07-27,598,28347.5,423,NQ,
2026-07-27,599,28347.75,326,NQ,
2026-07-27,600,28367.5,518,NQ,
2026-07-27,601,28316.25,500,NQ,
2026-07-27,602,28324.5,449,NQ,
2026-07-27,603,28296.75,405,NQ,
2026-07-27,604,28319.5,361,NQ,
2026-07-27,605,28296.5,495,NQ,
2026-07-27,606,28300.5,463,NQ,
2026-07-27,607,28316.25,358,NQ,
2026-07-27,608,28334.5,385,NQ,
2026-07-27,609,28322.25,431,NQ,
2026-07-27,610,28270.5,435,NQ,
2026-07-27,611,28252.5,642,NQ,
2026-07-27,612,28273.5,458,NQ,
2026-07-27,613,28244.0,365,NQ,
2026-07-27,614,28252.0,350,NQ,
2026-07-27,615,28266.5,412,NQ,
2026-07-27,616,28266.25,326,NQ,
2026-07-27,617,28242.0,287,NQ,
2026-07-27,618,28249.0,459,NQ,
2026-07-27,619,28260.75,442,NQ,
2026-07-27,620,28219.25,365,NQ,
2026-07-27,621,28247.75,451,NQ,
2026-07-27,622,28215.0,396,NQ,
2026-07-27,623,28186.25,487,NQ,
2026-07-27,624,28182.25,539,NQ,
2026-07-27,625,28169.25,367,NQ,
2026-07-27,626,28163.0,304,NQ,
2026-07-27,627,28138.75,369,NQ,
2026-07-27,628,28120.0,402,NQ,
2026-07-27,629,28084.25,682,NQ,
2026-07-27,630,28073.75,613,NQ,
2026-07-27,631,28075.0,343,NQ,
2026-07-27,632,28077.75,334,NQ,
2026-07-27,633,28062.0,330,NQ,
2026-07-27,634,28050.5,486,NQ,
2026-07-27,635,28052.25,443,NQ,
2026-07-27,636,28010.75,517,NQ,
2026-07-27,637,28016.75,450,NQ,
2026-07-27,638,28038.25,489,NQ,
2026-07-27,639,28030.5,350,NQ,
2026-07-27,640,28003.75,490,NQ,
2026-07-27,641,27962.0,555,NQ,
2026-07-27,642,27961.0,436,NQ,
2026-07-27,643,27977.5,504,NQ,
2026-07-27,644,27958.5,488,NQ,
2026-07-27,645,27995.75,569,NQ,
2026-07-27,646,28024.0,506,NQ,
2026-07-27,647,28029.5,479,NQ,
2026-07-27,648,28030.5,415,NQ,
2026-07-27,649,28064.0,451,NQ,
2026-07-27,650,28101.25,535,NQ,
2026-07-27,651,28084.25,626,NQ,
2026-07-27,652,28122.5,488,NQ,
2026-07-27,653,28101.5,523,NQ,
2026-07-27,654,28102.0,576,NQ,
2026-07-27,655,28130.5,390,NQ,
2026-07-27,656,28140.5,444,NQ,
2026-07-27,657,28137.5,369,NQ,
2026-07-27,658,28155.75,305,NQ,
2026-07-27,659,28169.25,513,NQ,
2026-07-27,660,28175.5,571,NQ,
2026-07-27,661,28153.75,349,NQ,
2026-07-27,662,28149.0,539,NQ,
2026-07-27,663,28153.5,329,NQ,
2026-07-27,664,28161.0,368,NQ,
2026-07-27,665,28190.75,411,NQ,
2026-07-27,666,28157.25,449,NQ,
2026-07-27,667,28177.75,335,NQ,
2026-07-27,668,28165.75,290,NQ,
2026-07-27,669,28151.25,306,NQ,
2026-07-27,670,28151.5,510,NQ,
2026-07-27,671,28147.0,392,NQ,
2026-07-27,672,28148.0,275,NQ,
2026-07-27,673,28142.25,344,NQ,
2026-07-27,674,28126.0,348,NQ,
2026-07-27,675,28098.25,355,NQ,
2026-07-27,676,28093.0,440,NQ,
2026-07-27,677,28078.25,303,NQ,
2026-07-27,678,28078.0,368,NQ,
2026-07-27,679,28106.25,445,NQ,
2026-07-27,680,28138.25,376,NQ,
2026-07-27,681,28113.0,350,NQ,
2026-07-27,682,28127.0,407,NQ,
2026-07-27,683,28080.25,345,NQ,
2026-07-27,684,28077.25,314,NQ,
2026-07-27,685,28072.5,258,NQ,
2026-07-27,686,28081.5,262,NQ,
2026-07-27,687,28065.25,300,NQ,
2026-07-27,688,28060.0,303,NQ,
2026-07-27,689,28072.75,338,NQ,
2026-07-27,690,28061.75,310,NQ,
2026-07-27,691,28042.5,374,NQ,
2026-07-27,692,28024.0,406,NQ,
2026-07-27,693,28032.0,323,NQ,
2026-07-27,694,28028.0,318,NQ,
2026-07-27,695,28014.5,272,NQ,
2026-07-27,696,28008.25,219,NQ,
2026-07-27,697,27990.25,435,NQ,
2026-07-27,698,28005.5,404,NQ,
2026-07-27,699,28015.5,319,NQ,
2026-07-27,700,28012.0,496,NQ,
2026-07-27,701,28021.5,301,NQ,
2026-07-27,702,28033.5,354,NQ,
2026-07-27,703,28019.25,315,NQ,
2026-07-27,704,28039.75,262,NQ,
2026-07-27,705,28021.25,251,NQ,
2026-07-27,706,28025.0,299,NQ,
2026-07-27,707,28008.75,329,NQ,
2026-07-27,708,28008.25,290,NQ,
2026-07-27,709,28012.75,306,NQ,
2026-07-27,710,28015.5,305,NQ,
2026-07-27,711,28026.5,375,NQ,
2026-07-27,712,28009.25,209,NQ,
2026-07-27,713,28017.75,203,NQ,
2026-07-27,714,28021.25,224,NQ,
2026-07-27,715,28041.0,281,NQ,
2026-07-27,716,28046.0,311,NQ,
2026-07-27,717,28061.25,292,NQ,
2026-07-27,718,28055.25,279,NQ,
2026-07-27,719,28062.5,286,NQ,
2026-07-27,720,28068.5,329,NQ,
2026-07-27,721,28070.25,219,NQ,
2026-07-27,722,28071.0,233,NQ,
2026-07-27,723,28090.0,216,NQ,
2026-07-27,724,28119.0,535,NQ,
2026-07-27,725,28118.5,365,NQ,
2026-07-27,726,28111.5,287,NQ,
2026-07-27,727,28104.0,295,NQ,
2026-07-27,728,28115.5,220,NQ,
2026-07-27,729,28125.0,299,NQ,
2026-07-27,730,28150.25,289,NQ,
2026-07-27,731,28136.25,398,NQ,
2026-07-27,732,28133.25,328,NQ,
2026-07-27,733,28098.75,310,NQ,
2026-07-27,734,28078.75,306,NQ,
2026-07-27,735,28082.5,274,NQ,
2026-07-27,736,28051.5,301,NQ,
2026-07-27,737,28059.75,287,NQ,
2026-07-27,738,28067.25,263,NQ,
2026-07-27,739,28064.0,286,NQ,
2026-07-27,740,28066.75,233,NQ,
2026-07-27,741,28058.0,292,NQ,
2026-07-27,742,28073.0,240,NQ,
2026-07-27,743,28075.75,261,NQ,
2026-07-27,744,28095.75,318,NQ,
2026-07-27,745,28191.5,588,NQ,
2026-07-27,746,28160.5,555,NQ,
2026-07-27,747,28179.25,386,NQ,
2026-07-27,748,28171.75,369,NQ,
2026-07-27,749,28154.0,314,NQ,
2026-07-27,750,28176.25,270,NQ,
2026-07-27,751,28188.25,338,NQ,
2026-07-27,752,28160.75,389,NQ,
2026-07-27,753,28145.5,307,NQ,
2026-07-27,754,28149.5,287,NQ,
2026-07-27,755,28130.75,271,NQ,
2026-07-27,756,28158.5,323,NQ,
2026-07-27,757,28146.25,308,NQ,
2026-07-27,758,28166.75,238,NQ,
2026-07-27,759,28170.25,234,NQ,
2026-07-27,760,28177.5,239,NQ,
2026-07-27,761,28154.0,257,NQ,
2026-07-27,762,28148.75,268,NQ,
2026-07-27,763,28135.75,245,NQ,
2026-07-27,764,28133.25,292,NQ,
2026-07-27,765,28127.0,220,NQ,
2026-07-27,766,28137.5,269,NQ,
2026-07-27,767,28143.5,234,NQ,
2026-07-27,768,28131.0,266,NQ,
2026-07-27,769,28117.5,250,NQ,
2026-07-27,770,28084.75,273,NQ,
2026-07-27,771,28079.75,281,NQ,
2026-07-27,772,28070.75,319,NQ,
2026-07-27,773,28062.0,262,NQ,
2026-07-27,774,28059.75,285,NQ,
2026-07-27,775,28036.75,298,NQ,
2026-07-27,776,28046.75,335,NQ,
2026-07-27,777,28040.5,267,NQ,
2026-07-27,778,28047.25,233,NQ,
2026-07-27,779,28048.5,217,NQ,
2026-07-27,780,28049.25,259,NQ,
2026-07-27,781,28023.75,265,NQ,
2026-07-27,782,28004.75,336,NQ,
2026-07-27,783,28014.75,378,NQ,
2026-07-27,784,28007.0,313,NQ,
2026-07-27,785,28004.0,274,NQ,
2026-07-27,786,28012.0,280,NQ,
2026-07-27,787,28025.5,319,NQ,
2026-07-27,788,28016.75,262,NQ,
2026-07-27,789,28016.25,242,NQ,
2026-07-27,790,28023.25,281,NQ,
2026-07-27,791,28010.0,245,NQ,
2026-07-27,792,28033.75,327,NQ,
2026-07-27,793,28029.75,283,NQ,
2026-07-27,794,28033.75,238,NQ,
2026-07-27,795,28038.25,219,NQ,
2026-07-27,796,28017.0,256,NQ,
2026-07-27,797,27997.5,249,NQ,
2026-07-27,798,27992.5,256,NQ,
2026-07-27,799,28002.5,218,NQ,
2026-07-27,800,28027.5,272,NQ,
2026-07-27,801,28019.75,213,NQ,
2026-07-27,802,28025.5,201,NQ,
2026-07-27,803,28007.0,166,NQ,
2026-07-27,804,28011.0,171,NQ,
2026-07-27,805,28001.0,151,NQ,
2026-07-27,806,28010.25,250,NQ,
2026-07-27,807,28008.25,221,NQ,
2026-07-27,808,28014.5,134,NQ,
2026-07-27,809,27998.75,308,NQ,
2026-07-27,810,28009.5,254,NQ,
2026-07-27,811,28013.5,293,NQ,
2026-07-27,812,28038.75,282,NQ,
2026-07-27,813,28052.25,247,NQ,
2026-07-27,814,28058.5,260,NQ,
2026-07-27,815,28053.75,245,NQ,
2026-07-27,816,28045.5,272,NQ,
2026-07-27,817,28031.75,179,NQ,
2026-07-27,818,28053.25,247,NQ,
2026-07-27,819,28030.5,186,NQ,
2026-07-27,820,28017.75,221,NQ,
2026-07-27,821,28038.25,273,NQ,
2026-07-27,822,28023.75,176,NQ,
2026-07-27,823,28034.25,208,NQ,
2026-07-27,824,28036.25,172,NQ,
2026-07-27,825,28021.75,202,NQ,
2026-07-27,826,28045.5,312,NQ,
2026-07-27,827,28044.5,225,NQ,
2026-07-27,828,28035.75,232,NQ,
2026-07-27,829,28032.75,176,NQ,
2026-07-27,830,28041.75,210,NQ,
2026-07-27,831,28042.5,176,NQ,
2026-07-27,832,28063.5,215,NQ,
2026-07-27,833,28063.5,252,NQ,
2026-07-27,834,28084.25,233,NQ,
2026-07-27,835,28081.75,268,NQ,
2026-07-27,836,28098.25,190,NQ,
2026-07-27,837,28088.75,209,NQ,
2026-07-27,838,28091.25,210,NQ,
2026-07-27,839,28104.75,260,NQ,
2026-07-27,840,28096.75,261,NQ,
2026-07-27,841,28104.5,274,NQ,
2026-07-27,842,28097.5,265,NQ,
2026-07-27,843,28106.75,233,NQ,
2026-07-27,844,28092.5,350,NQ,
2026-07-27,845,28106.5,216,NQ,
2026-07-27,846,28091.5,280,NQ,
2026-07-27,847,28100.5,202,NQ,
2026-07-27,848,28092.5,166,NQ,
2026-07-27,849,28098.75,178,NQ,
2026-07-27,850,28097.25,207,NQ,
2026-07-27,851,28095.25,210,NQ,
2026-07-27,852,28101.0,245,NQ,
2026-07-27,853,28105.75,192,NQ,
2026-07-27,854,28100.75,231,NQ,
2026-07-27,855,28071.75,380,NQ,
2026-07-27,856,28060.0,253,NQ,
2026-07-27,857,28062.25,290,NQ,
2026-07-27,858,28073.5,202,NQ,
2026-07-27,859,28063.0,267,NQ,
2026-07-27,860,28061.25,240,NQ,
2026-07-27,861,28065.25,214,NQ,
2026-07-27,862,28057.25,147,NQ,
2026-07-27,863,28062.5,196,NQ,
2026-07-27,864,28079.25,257,NQ,
2026-07-27,865,28079.0,229,NQ,
2026-07-27,866,28080.25,248,NQ,
2026-07-27,867,28074.25,206,NQ,
2026-07-27,868,28074.25,224,NQ,
2026-07-27,869,28082.0,181,NQ,
2026-07-27,870,28060.5,309,NQ,
2026-07-27,871,28043.75,286,NQ,
2026-07-27,872,28055.5,252,NQ,
2026-07-27,873,28051.0,170,NQ,
2026-07-27,874,28041.5,176,NQ,
2026-07-27,875,28045.75,391,NQ,
2026-07-27,876,28049.5,176,NQ,
2026-07-27,877,28046.0,209,NQ,
2026-07-27,878,28032.25,205,NQ,
2026-07-27,879,28032.75,241,NQ,
2026-07-27,880,28023.0,256,NQ,
2026-07-27,881,28062.75,477,NQ,
2026-07-27,882,28058.0,288,NQ,
2026-07-27,883,28077.75,337,NQ,
2026-07-27,884,28082.0,235,NQ,
2026-07-27,885,28087.0,218,NQ,
2026-07-27,886,28081.5,221,NQ,
2026-07-27,887,28082.25,266,NQ,
2026-07-27,888,28093.0,229,NQ,
2026-07-27,889,28073.75,282,NQ,
2026-07-27,890,28085.75,194,NQ,
2026-07-27,891,28104.25,258,NQ,
2026-07-27,892,28139.0,447,NQ,
2026-07-27,893,28158.25,376,NQ,
2026-07-27,894,28151.25,291,NQ,
2026-07-27,895,28181.0,416,NQ,
2026-07-27,896,28169.25,336,NQ,
2026-07-27,897,28167.5,266,NQ,
2026-07-27,898,28177.0,261,NQ,
2026-07-27,899,28188.25,305,NQ,
2026-07-27,900,28174.0,388,NQ,
2026-07-27,901,28183.5,251,NQ,
2026-07-27,902,28183.25,210,NQ,
2026-07-27,903,28184.0,290,NQ,
2026-07-27,904,28172.25,249,NQ,
2026-07-27,905,28173.0,232,NQ,
2026-07-27,906,28199.5,287,NQ,
2026-07-27,907,28217.0,283,NQ,
2026-07-27,908,28210.75,260,NQ,
2026-07-27,909,28214.25,243,NQ,
2026-07-27,910,28226.5,360,NQ,
2026-07-27,911,28221.5,204,NQ,
2026-07-27,912,28210.5,270,NQ,
2026-07-27,913,28197.75,301,NQ,
2026-07-27,914,28201.25,200,NQ,
2026-07-27,915,28204.25,236,NQ,
2026-07-27,916,28205.0,253,NQ,
2026-07-27,917,28211.0,211,NQ,
2026-07-27,918,28212.25,271,NQ,
2026-07-27,919,28214.5,228,NQ,
2026-07-27,920,28219.75,309,NQ,
2026-07-27,921,28205.5,230,NQ,
2026-07-27,922,28223.0,272,NQ,
2026-07-27,923,28216.0,250,NQ,
2026-07-27,924,28225.0,249,NQ,
2026-07-27,925,28216.25,295,NQ,
2026-07-27,926,28220.5,215,NQ,
2026-07-27,927,28233.0,241,NQ,
2026-07-27,928,28226.0,227,NQ,
2026-07-27,929,28243.5,365,NQ,
2026-07-27,930,28243.0,370,NQ,
2026-07-27,931,28241.5,254,NQ,
2026-07-27,932,28241.0,226,NQ,
2026-07-27,933,28250.0,239,NQ,
2026-07-27,934,28233.0,233,NQ,
2026-07-27,935,28233.25,305,NQ,
2026-07-27,936,28224.5,241,NQ,
2026-07-27,937,28203.0,318,NQ,
2026-07-27,938,28197.0,254,NQ,
2026-07-27,939,28185.25,339,NQ,
2026-07-27,940,28198.5,259,NQ,
2026-07-27,941,28187.5,262,NQ,
2026-07-27,942,28178.0,233,NQ,
2026-07-27,943,28180.0,305,NQ,
2026-07-27,944,28175.75,205,NQ,
2026-07-27,945,28173.5,255,NQ,
2026-07-27,946,28161.25,252,NQ,
2026-07-27,947,28170.5,316,NQ,
2026-07-27,948,28171.0,306,NQ,
2026-07-27,949,28185.25,257,NQ,
2026-07-27,950,28178.0,328,NQ,
2026-07-27,951,28174.0,251,NQ,
2026-07-27,952,28180.75,256,NQ,
2026-07-27,953,28179.5,304,NQ,
2026-07-27,954,28178.75,377,NQ,
2026-07-27,955,28187.5,804,NQ,
2026-07-27,956,28200.75,429,NQ,
2026-07-27,957,28187.25,366,NQ,
2026-07-27,958,28190.5,300,NQ,
2026-07-27,959,28192.5,1158,NQ,
2026-07-28,570,27948.25,788,NQ,
2026-07-28,571,27910.5,688,NQ,
2026-07-28,572,27896.5,603,NQ,
2026-07-28,573,27903.75,540,NQ,
2026-07-28,574,27877.0,462,NQ,
2026-07-28,575,27913.25,526,NQ,
2026-07-28,576,27860.5,745,NQ,
2026-07-28,577,27834.75,697,NQ,
2026-07-28,578,27811.75,466,NQ,
2026-07-28,579,27792.25,436,NQ,
2026-07-28,580,27813.25,676,NQ,
2026-07-28,581,27812.0,421,NQ,
2026-07-28,582,27761.5,635,NQ,
2026-07-28,583,27735.5,487,NQ,
2026-07-28,584,27749.75,435,NQ,
2026-07-28,585,27711.75,563,NQ,
2026-07-28,586,27686.5,657,NQ,
2026-07-28,587,27660.0,458,NQ,
2026-07-28,588,27727.5,691,NQ,
2026-07-28,589,27754.75,640,NQ,
2026-07-28,590,27722.75,694,NQ,
2026-07-28,591,27726.5,424,NQ,
2026-07-28,592,27752.75,527,NQ,
2026-07-28,593,27718.25,486,NQ,
2026-07-28,594,27696.0,394,NQ,
2026-07-28,595,27676.0,467,NQ,
2026-07-28,596,27707.5,738,NQ,
2026-07-28,597,27688.25,508,NQ,
2026-07-28,598,27665.25,394,NQ,
2026-07-28,599,27663.0,528,NQ,
2026-07-28,600,27727.0,495,NQ,
2026-07-28,601,27706.0,373,NQ,
2026-07-28,602,27730.25,432,NQ,
2026-07-28,603,27717.25,336,NQ,
2026-07-28,604,27715.25,346,NQ,
2026-07-28,605,27766.25,549,NQ,
2026-07-28,606,27781.5,492,NQ,
2026-07-28,607,27724.0,673,NQ,
2026-07-28,608,27693.75,385,NQ,
2026-07-28,609,27673.75,435,NQ,
2026-07-28,610,27699.0,374,NQ,
2026-07-28,611,27722.75,372,NQ,
2026-07-28,612,27662.25,441,NQ,
2026-07-28,613,27652.5,497,NQ,
2026-07-28,614,27630.25,685,NQ,
2026-07-28,615,27644.25,526,NQ,
2026-07-28,616,27611.0,499,NQ,
2026-07-28,617,27622.5,443,NQ,
2026-07-28,618,27636.25,433,NQ,
2026-07-28,619,27614.25,493,NQ,
2026-07-28,620,27620.5,382,NQ,
2026-07-28,621,27676.75,456,NQ,
2026-07-28,622,27631.5,470,NQ,
2026-07-28,623,27698.5,600,NQ,
2026-07-28,624,27677.75,567,NQ,
2026-07-28,625,27681.5,340,NQ,
2026-07-28,626,27691.75,343,NQ,
2026-07-28,627,27690.25,308,NQ,
2026-07-28,628,27683.75,374,NQ,
2026-07-28,629,27706.75,423,NQ,
2026-07-28,630,27684.75,367,NQ,
2026-07-28,631,27708.75,410,NQ,
2026-07-28,632,27708.0,336,NQ,
2026-07-28,633,27707.25,347,NQ,
2026-07-28,634,27679.5,310,NQ,
2026-07-28,635,27731.25,411,NQ,
2026-07-28,636,27744.5,477,NQ,
2026-07-28,637,27756.0,327,NQ,
2026-07-28,638,27715.25,337,NQ,
2026-07-28,639,27723.5,371,NQ,
2026-07-28,640,27754.0,338,NQ,
2026-07-28,641,27770.5,504,NQ,
2026-07-28,642,27771.0,285,NQ,
2026-07-28,643,27782.0,450,NQ,
2026-07-28,644,27772.75,392,NQ,
2026-07-28,645,27752.0,306,NQ,
2026-07-28,646,27782.0,409,NQ,
2026-07-28,647,27807.0,555,NQ,
2026-07-28,648,27840.0,491,NQ,
2026-07-28,649,27850.75,460,NQ,
2026-07-28,650,27862.75,358,NQ,
2026-07-28,651,27882.75,364,NQ,
2026-07-28,652,27858.25,489,NQ,
2026-07-28,653,27875.75,430,NQ,
2026-07-28,654,27852.5,357,NQ,
2026-07-28,655,27859.25,504,NQ,
2026-07-28,656,27844.75,367,NQ,
2026-07-28,657,27820.25,458,NQ,
2026-07-28,658,27812.5,441,NQ,
2026-07-28,659,27801.75,330,NQ,
2026-07-28,660,27833.0,418,NQ,
2026-07-28,661,27821.5,340,NQ,
2026-07-28,662,27812.0,397,NQ,
2026-07-28,663,27796.75,390,NQ,
2026-07-28,664,27780.5,341,NQ,
2026-07-28,665,27796.5,379,NQ,
2026-07-28,666,27810.75,412,NQ,
2026-07-28,667,27797.0,380,NQ,
2026-07-28,668,27797.75,344,NQ,
2026-07-28,669,27825.25,404,NQ,
2026-07-28,670,27822.25,617,NQ,
2026-07-28,671,27823.25,327,NQ,
2026-07-28,672,27862.25,385,NQ,
2026-07-28,673,27859.5,316,NQ,
2026-07-28,674,27854.25,388,NQ,
2026-07-28,675,27861.25,332,NQ,
2026-07-28,676,27863.25,306,NQ,
2026-07-28,677,27878.75,375,NQ,
2026-07-28,678,27910.5,391,NQ,
2026-07-28,679,27915.25,369,NQ,
2026-07-28,680,27952.25,490,NQ,
2026-07-28,681,27954.0,336,NQ,
2026-07-28,682,27952.0,365,NQ,
2026-07-28,683,27960.75,417,NQ,
2026-07-28,684,27974.5,427,NQ,
2026-07-28,685,27979.5,481,NQ,
2026-07-28,686,28000.25,441,NQ,
2026-07-28,687,27976.0,496,NQ,
2026-07-28,688,27971.25,306,NQ,
2026-07-28,689,27965.0,387,NQ,
2026-07-28,690,27957.0,431,NQ,
2026-07-28,691,27963.25,288,NQ,
2026-07-28,692,27975.5,280,NQ,
2026-07-28,693,27985.0,298,NQ,
2026-07-28,694,27979.0,292,NQ,
2026-07-28,695,28001.75,369,NQ,
2026-07-28,696,28006.5,319,NQ,
2026-07-28,697,28004.0,356,NQ,
2026-07-28,698,28012.5,287,NQ,
2026-07-28,699,28006.25,311,NQ,
2026-07-28,700,27998.0,363,NQ,
2026-07-28,701,28001.25,261,NQ,
2026-07-28,702,27995.5,315,NQ,
2026-07-28,703,28022.25,282,NQ,
2026-07-28,704,28031.0,277,NQ,
2026-07-28,705,28036.0,349,NQ,
2026-07-28,706,28049.5,317,NQ,
2026-07-28,707,28045.75,263,NQ,
2026-07-28,708,28058.75,279,NQ,
2026-07-28,709,28044.0,341,NQ,
2026-07-28,710,28023.75,298,NQ,
2026-07-28,711,28025.5,302,NQ,
2026-07-28,712,28031.25,262,NQ,
2026-07-28,713,28054.5,315,NQ,
2026-07-28,714,28032.5,341,NQ,
2026-07-28,715,28019.25,358,NQ,
2026-07-28,716,28043.0,307,NQ,
2026-07-28,717,28050.0,314,NQ,
2026-07-28,718,28043.75,340,NQ,
2026-07-28,719,28047.25,378,NQ,
2026-07-28,720,28062.5,477,NQ,
2026-07-28,721,28055.0,304,NQ,
2026-07-28,722,28046.5,281,NQ,
2026-07-28,723,28054.75,320,NQ,
2026-07-28,724,28050.5,325,NQ,
2026-07-28,725,28052.0,256,NQ,
2026-07-28,726,28051.25,306,NQ,
2026-07-28,727,28014.5,362,NQ,
2026-07-28,728,28016.0,455,NQ,
2026-07-28,729,28007.5,303,NQ,
2026-07-28,730,28010.25,299,NQ,
2026-07-28,731,28024.75,318,NQ,
2026-07-28,732,28017.75,346,NQ,
2026-07-28,733,28003.0,278,NQ,
2026-07-28,734,28007.5,295,NQ,
2026-07-28,735,27998.0,315,NQ,
2026-07-28,736,27995.0,267,NQ,
2026-07-28,737,27995.5,319,NQ,
2026-07-28,738,27999.25,238,NQ,
2026-07-28,739,28030.25,393,NQ,
2026-07-28,740,28032.0,439,NQ,
2026-07-28,741,28022.5,295,NQ,
2026-07-28,742,28012.0,295,NQ,
2026-07-28,743,27995.0,364,NQ,
2026-07-28,744,27999.0,320,NQ,
2026-07-28,745,28006.0,230,NQ,
2026-07-28,746,27996.75,314,NQ,
2026-07-28,747,28000.0,240,NQ,
2026-07-28,748,27998.5,251,NQ,
2026-07-28,749,27994.0,226,NQ,
2026-07-28,750,27964.25,297,NQ,
2026-07-28,751,27965.0,290,NQ,
2026-07-28,752,27985.0,415,NQ,
2026-07-28,753,27975.75,331,NQ,
2026-07-28,754,27975.75,222,NQ,
2026-07-28,755,27978.25,235,NQ,
2026-07-28,756,27979.0,253,NQ,
2026-07-28,757,27982.0,263,NQ,
2026-07-28,758,28006.5,294,NQ,
2026-07-28,759,28023.5,288,NQ,
2026-07-28,760,28022.75,428,NQ,
2026-07-28,761,28037.25,307,NQ,
2026-07-28,762,28017.0,287,NQ,
2026-07-28,763,28040.75,258,NQ,
2026-07-28,764,28032.75,364,NQ,
2026-07-28,765,28026.75,247,NQ,
2026-07-28,766,27995.5,352,NQ,
2026-07-28,767,28017.0,310,NQ,
2026-07-28,768,28008.5,482,NQ,
2026-07-28,769,28016.0,241,NQ,
2026-07-28,770,28046.0,591,NQ,
2026-07-28,771,28068.0,327,NQ,
2026-07-28,772,28065.5,316,NQ,
2026-07-28,773,28064.25,280,NQ,
2026-07-28,774,28068.75,343,NQ,
2026-07-28,775,28067.25,329,NQ,
2026-07-28,776,28076.25,226,NQ,
2026-07-28,777,28065.5,260,NQ,
2026-07-28,778,28056.75,246,NQ,
2026-07-28,779,28057.5,264,NQ,
2026-07-28,780,28055.25,291,NQ,
2026-07-28,781,28055.5,228,NQ,
2026-07-28,782,28035.75,372,NQ,
2026-07-28,783,28027.5,333,NQ,
2026-07-28,784,28021.0,204,NQ,
2026-07-28,785,28016.75,256,NQ,
2026-07-28,786,28021.75,374,NQ,
2026-07-28,787,28025.5,258,NQ,
2026-07-28,788,27998.75,278,NQ,
2026-07-28,789,27987.75,570,NQ,
2026-07-28,790,27986.0,379,NQ,
2026-07-28,791,27993.75,266,NQ,
2026-07-28,792,27995.75,254,NQ,
2026-07-28,793,27989.0,309,NQ,
2026-07-28,794,27986.5,438,NQ,
2026-07-28,795,27991.75,323,NQ,
2026-07-28,796,27991.5,222,NQ,
2026-07-28,797,27978.0,201,NQ,
2026-07-28,798,27982.25,177,NQ,
2026-07-28,799,27993.0,291,NQ,
2026-07-28,800,28025.75,444,NQ,
2026-07-28,801,28011.5,334,NQ,
2026-07-28,802,28008.5,332,NQ,
2026-07-28,803,28005.75,190,NQ,
2026-07-28,804,27988.0,203,NQ,
2026-07-28,805,27989.5,244,NQ,
2026-07-28,806,27998.0,219,NQ,
2026-07-28,807,28011.0,243,NQ,
2026-07-28,808,28001.25,247,NQ,
2026-07-28,809,27996.5,278,NQ,
2026-07-28,810,28000.5,244,NQ,
2026-07-28,811,27993.75,163,NQ,
2026-07-28,812,27999.25,216,NQ,
2026-07-28,813,28015.5,442,NQ,
2026-07-28,814,28021.75,283,NQ,
2026-07-28,815,28023.5,262,NQ,
2026-07-28,816,28008.0,172,NQ,
2026-07-28,817,28003.5,183,NQ,
2026-07-28,818,28009.0,217,NQ,
2026-07-28,819,27994.75,179,NQ,
2026-07-28,820,27996.25,261,NQ,
2026-07-28,821,27979.75,185,NQ,
2026-07-28,822,27976.0,330,NQ,
2026-07-28,823,27959.0,268,NQ,
2026-07-28,824,27954.25,220,NQ,
2026-07-28,825,27950.0,245,NQ,
2026-07-28,826,27952.5,231,NQ,
2026-07-28,827,27943.25,246,NQ,
2026-07-28,828,27972.25,343,NQ,
2026-07-28,829,27980.0,293,NQ,
2026-07-28,830,27961.75,250,NQ,
2026-07-28,831,27957.0,195,NQ,
2026-07-28,832,27944.75,184,NQ,
2026-07-28,833,27950.25,141,NQ,
2026-07-28,834,27941.0,245,NQ,
2026-07-28,835,27932.0,319,NQ,
2026-07-28,836,27949.25,246,NQ,
2026-07-28,837,27947.0,166,NQ,
2026-07-28,838,27958.0,213,NQ,
2026-07-28,839,27972.5,293,NQ,
2026-07-28,840,27990.25,287,NQ,
2026-07-28,841,27959.0,343,NQ,
2026-07-28,842,27965.0,375,NQ,
2026-07-28,843,27962.0,232,NQ,
2026-07-28,844,27969.5,212,NQ,
2026-07-28,845,27960.75,235,NQ,
2026-07-28,846,27952.5,217,NQ,
2026-07-28,847,27946.75,319,NQ,
2026-07-28,848,27943.0,210,NQ,
2026-07-28,849,27944.5,239,NQ,
2026-07-28,850,27939.0,342,NQ,
2026-07-28,851,27927.75,302,NQ,
2026-07-28,852,27936.75,288,NQ,
2026-07-28,853,27929.0,287,NQ,
2026-07-28,854,27917.0,271,NQ,
2026-07-28,855,27934.25,229,NQ,
2026-07-28,856,27934.75,198,NQ,
2026-07-28,857,27921.75,207,NQ,
2026-07-28,858,27924.5,192,NQ,
2026-07-28,859,27929.25,260,NQ,
2026-07-28,860,27943.75,242,NQ,
2026-07-28,861,27933.75,223,NQ,
2026-07-28,862,27943.75,194,NQ,
2026-07-28,863,27928.0,244,NQ,
2026-07-28,864,27925.75,213,NQ,
2026-07-28,865,27930.25,241,NQ,
2026-07-28,866,27926.0,213,NQ,
2026-07-28,867,27921.25,293,NQ,
2026-07-28,868,27918.75,234,NQ,
2026-07-28,869,27925.25,183,NQ,
2026-07-28,870,27932.5,297,NQ,
2026-07-28,871,27928.25,228,NQ,
2026-07-28,872,27931.0,238,NQ,
2026-07-28,873,27953.5,342,NQ,
2026-07-28,874,27947.0,396,NQ,
2026-07-28,875,27948.25,254,NQ,
2026-07-28,876,27943.75,248,NQ,
2026-07-28,877,27947.25,171,NQ,
2026-07-28,878,27951.25,256,NQ,
2026-07-28,879,27933.5,250,NQ,
2026-07-28,880,27930.25,300,NQ,
2026-07-28,881,27927.75,147,NQ,
2026-07-28,882,27923.75,167,NQ,
2026-07-28,883,27937.0,194,NQ,
2026-07-28,884,27937.75,192,NQ,
2026-07-28,885,27952.0,219,NQ,
2026-07-28,886,27969.0,215,NQ,
2026-07-28,887,27963.25,300,NQ,
2026-07-28,888,27953.25,238,NQ,
2026-07-28,889,27955.0,195,NQ,
2026-07-28,890,27967.75,214,NQ,
2026-07-28,891,27964.25,264,NQ,
2026-07-28,892,27952.5,184,NQ,
2026-07-28,893,27946.25,252,NQ,
2026-07-28,894,27951.75,211,NQ,
2026-07-28,895,27965.25,208,NQ,
2026-07-28,896,27965.75,269,NQ,
2026-07-28,897,27968.75,218,NQ,
2026-07-28,898,27974.5,204,NQ,
2026-07-28,899,27972.75,203,NQ,
2026-07-28,900,27989.25,321,NQ,
2026-07-28,901,27994.75,229,NQ,
2026-07-28,902,27997.75,269,NQ,
2026-07-28,903,28008.25,445,NQ,
2026-07-28,904,28015.5,284,NQ,
2026-07-28,905,28018.5,233,NQ,
2026-07-28,906,27999.25,322,NQ,
2026-07-28,907,27992.75,226,NQ,
2026-07-28,908,27977.75,327,NQ,
2026-07-28,909,27978.5,252,NQ,
2026-07-28,910,27980.5,254,NQ,
2026-07-28,911,27987.0,266,NQ,
2026-07-28,912,27975.0,205,NQ,
2026-07-28,913,27986.75,221,NQ,
2026-07-28,914,27988.0,226,NQ,
2026-07-28,915,27976.25,288,NQ,
2026-07-28,916,27971.25,249,NQ,
2026-07-28,917,27971.0,222,NQ,
2026-07-28,918,27983.0,264,NQ,
2026-07-28,919,27990.25,244,NQ,
2026-07-28,920,27991.5,200,NQ,
2026-07-28,921,27984.5,251,NQ,
2026-07-28,922,28008.5,341,NQ,
2026-07-28,923,28007.25,265,NQ,
2026-07-28,924,28018.5,231,NQ,
2026-07-28,925,28009.0,280,NQ,
2026-07-28,926,27995.5,331,NQ,
2026-07-28,927,27989.5,250,NQ,
2026-07-28,928,28016.75,317,NQ,
2026-07-28,929,28017.75,233,NQ,
2026-07-28,930,28012.0,367,NQ,
2026-07-28,931,28009.0,288,NQ,
2026-07-28,932,28003.5,243,NQ,
2026-07-28,933,28000.5,293,NQ,
2026-07-28,934,28000.5,219,NQ,
2026-07-28,935,27972.0,324,NQ,
2026-07-28,936,27959.25,269,NQ,
2026-07-28,937,27950.0,248,NQ,
2026-07-28,938,27954.75,443,NQ,
2026-07-28,939,27948.0,236,NQ,
2026-07-28,940,27950.0,284,NQ,
2026-07-28,941,27953.5,283,NQ,
2026-07-28,942,27948.75,344,NQ,
2026-07-28,943,27952.25,225,NQ,
2026-07-28,944,27954.25,245,NQ,
2026-07-28,945,27940.25,266,NQ,
2026-07-28,946,27938.75,216,NQ,
2026-07-28,947,27944.5,278,NQ,
2026-07-28,948,27946.25,204,NQ,
2026-07-28,958,27937.75,3830,NQ,
2026-07-28,959,27919.75,835,NQ,
2026-07-29,570,27871.0,853,NQ,
2026-07-29,571,27849.75,554,NQ,
2026-07-29,572,27904.0,468,NQ,
2026-07-29,573,27960.25,500,NQ,
2026-07-29,574,27957.25,476,NQ,
2026-07-29,575,27978.5,468,NQ,
2026-07-29,576,27934.0,574,NQ,
2026-07-29,577,27907.0,423,NQ,
2026-07-29,578,27877.5,420,NQ,
2026-07-29,579,27886.75,360,NQ,
2026-07-29,580,27892.25,381,NQ,
2026-07-29,581,27897.0,468,NQ,
2026-07-29,582,27884.75,318,NQ,
2026-07-29,583,27874.0,72,NQ,
2026-07-29,593,27772.25,4255,NQ,
2026-07-29,594,27753.5,372,NQ,
2026-07-29,595,27713.75,488,NQ,
2026-07-29,596,27687.75,337,NQ,
2026-07-29,597,27700.5,540,NQ,
2026-07-29,598,27730.0,437,NQ,
2026-07-29,599,27734.75,376,NQ,
2026-07-29,600,27752.75,585,NQ,
2026-07-29,601,27748.5,462,NQ,
2026-07-29,602,27774.75,443,NQ,
2026-07-29,603,27759.5,475,NQ,
2026-07-29,604,27787.0,447,NQ,
2026-07-29,605,27793.25,580,NQ,
2026-07-29,606,27759.25,491,NQ,
2026-07-29,607,27753.25,412,NQ,
2026-07-29,608,27744.5,371,NQ,
2026-07-29,609,27727.0,372,NQ,
2026-07-29,610,27720.25,322,NQ,
2026-07-29,611,27732.25,348,NQ,
2026-07-29,612,27669.75,423,NQ,
2026-07-29,613,27658.5,495,NQ,
2026-07-29,614,27648.0,373,NQ,
2026-07-29,615,27664.0,458,NQ,
2026-07-29,616,27670.5,398,NQ,
2026-07-29,617,27653.75,393,NQ,
2026-07-29,618,27674.0,448,NQ,
2026-07-29,619,27663.25,384,NQ,
2026-07-29,620,27671.25,345,NQ,
2026-07-29,621,27687.75,463,NQ,
2026-07-29,622,27688.25,369,NQ,
2026-07-29,623,27656.25,303,NQ,
2026-07-29,624,27619.75,566,NQ,
2026-07-29,625,27574.75,435,NQ,
2026-07-29,626,27556.5,633,NQ,
2026-07-29,627,27559.25,346,NQ,
2026-07-29,628,27574.0,434,NQ,
2026-07-29,629,27573.25,376,NQ,
2026-07-29,630,27601.25,350,NQ,
2026-07-29,631,27606.25,472,NQ,
2026-07-29,632,27635.25,477,NQ,
2026-07-29,633,27627.25,324,NQ,
2026-07-29,634,27622.25,493,NQ,
2026-07-29,635,27616.25,472,NQ,
2026-07-29,636,27608.75,377,NQ,
2026-07-29,637,27595.5,253,NQ,
2026-07-29,638,27603.25,347,NQ,
2026-07-29,639,27564.25,359,NQ,
2026-07-29,640,27542.0,521,NQ,
2026-07-29,641,27545.0,448,NQ,
2026-07-29,642,27517.25,382,NQ,
2026-07-29,643,27527.0,447,NQ,
2026-07-29,644,27537.75,368,NQ,
2026-07-29,645,27539.5,356,NQ,
2026-07-29,646,27551.25,386,NQ,
2026-07-29,647,27543.75,429,NQ,
2026-07-29,648,27535.75,444,NQ,
2026-07-29,649,27565.75,336,NQ,
2026-07-29,650,27578.25,433,NQ,
2026-07-29,651,27569.75,448,NQ,
2026-07-29,652,27599.25,340,NQ,
2026-07-29,653,27602.5,356,NQ,
2026-07-29,654,27599.25,472,NQ,
2026-07-29,655,27568.75,318,NQ,
2026-07-29,656,27571.0,477,NQ,
2026-07-29,657,27561.25,354,NQ,
2026-07-29,658,27589.25,375,NQ,
2026-07-29,659,27600.0,380,NQ,
2026-07-29,660,27594.75,535,NQ,
2026-07-29,661,27618.0,294,NQ,
2026-07-29,662,27631.0,431,NQ,
2026-07-29,663,27632.0,329,NQ,
2026-07-29,664,27638.25,405,NQ,
2026-07-29,665,27615.5,432,NQ,
2026-07-29,666,27609.5,375,NQ,
2026-07-29,667,27636.5,391,NQ,
2026-07-29,668,27622.0,481,NQ,
2026-07-29,669,27644.25,353,NQ,
2026-07-29,670,27612.25,385,NQ,
2026-07-29,671,27585.25,455,NQ,
2026-07-29,672,27590.25,404,NQ,
2026-07-29,673,27583.75,395,NQ,
2026-07-29,674,27577.5,373,NQ,
2026-07-29,675,27594.25,338,NQ,
2026-07-29,676,27611.25,495,NQ,
2026-07-29,677,27602.25,273,NQ,
2026-07-29,678,27608.25,331,NQ,
2026-07-29,679,27562.25,383,NQ,
2026-07-29,680,27570.0,463,NQ,
2026-07-29,681,27575.5,270,NQ,
2026-07-29,682,27578.5,350,NQ,
2026-07-29,683,27596.25,333,NQ,
2026-07-29,684,27602.75,287,NQ,
2026-07-29,685,27597.0,342,NQ,
2026-07-29,686,27577.25,446,NQ,
2026-07-29,687,27564.5,299,NQ,
2026-07-29,688,27570.5,295,NQ,
2026-07-29,689,27555.75,243,NQ,
2026-07-29,690,27559.5,518,NQ,
2026-07-29,691,27564.75,269,NQ,
2026-07-29,692,27565.75,308,NQ,
2026-07-29,693,27572.75,314,NQ,
2026-07-29,694,27559.25,339,NQ,
2026-07-29,695,27582.5,274,NQ,
2026-07-29,705,27528.75,2822,NQ,
2026-07-29,706,27540.75,291,NQ,
2026-07-29,707,27549.0,275,NQ,
2026-07-29,708,27548.75,291,NQ,
2026-07-29,709,27558.25,299,NQ,
2026-07-29,710,27556.0,241,NQ,
2026-07-29,711,27554.5,247,NQ,
2026-07-29,712,27560.5,283,NQ,
2026-07-29,713,27531.75,245,NQ,
2026-07-29,714,27492.25,706,NQ,
2026-07-29,715,27476.75,318,NQ,
2026-07-29,716,27484.5,331,NQ,
2026-07-29,717,27489.0,297,NQ,
2026-07-29,718,27492.5,313,NQ,
2026-07-29,719,27517.0,392,NQ,
2026-07-29,720,27495.0,399,NQ,
2026-07-29,721,27487.25,395,NQ,
2026-07-29,722,27484.75,255,NQ,
2026-07-29,723,27475.75,263,NQ,
2026-07-29,724,27458.5,307,NQ,
2026-07-29,725,27440.5,532,NQ,
2026-07-29,726,27445.75,322,NQ,
2026-07-29,727,27455.0,273,NQ,
2026-07-29,728,27458.0,334,NQ,
2026-07-29,729,27462.5,231,NQ,
2026-07-29,730,27459.5,257,NQ,
2026-07-29,731,27447.5,230,NQ,
2026-07-29,732,27444.75,241,NQ,
2026-07-29,733,27440.0,222,NQ,
2026-07-29,734,27419.75,242,NQ,
2026-07-29,735,27429.75,352,NQ,
2026-07-29,736,27424.25,215,NQ,
2026-07-29,737,27435.5,275,NQ,
2026-07-29,738,27446.75,238,NQ,
2026-07-29,739,27446.25,222,NQ,
2026-07-29,740,27463.0,297,NQ,
2026-07-29,741,27461.5,298,NQ,
2026-07-29,742,27491.5,316,NQ,
2026-07-29,743,27511.5,355,NQ,
2026-07-29,744,27515.5,291,NQ,
2026-07-29,745,27524.25,354,NQ,
2026-07-29,746,27539.0,342,NQ,
2026-07-29,747,27536.0,318,NQ,
2026-07-29,748,27548.0,314,NQ,
2026-07-29,749,27551.0,295,NQ,
2026-07-29,750,27571.75,302,NQ,
2026-07-29,751,27565.0,307,NQ,
2026-07-29,752,27544.0,350,NQ,
2026-07-29,753,27548.75,324,NQ,
2026-07-29,754,27525.75,284,NQ,
2026-07-29,755,27512.25,414,NQ,
2026-07-29,756,27499.75,306,NQ,
2026-07-29,757,27518.25,284,NQ,
2026-07-29,758,27514.75,224,NQ,
2026-07-29,759,27527.75,242,NQ,
2026-07-29,760,27535.5,232,NQ,
2026-07-29,761,27521.5,250,NQ,
2026-07-29,762,27498.5,292,NQ,
2026-07-29,763,27489.75,268,NQ,
2026-07-29,764,27504.25,266,NQ,
2026-07-29,765,27495.75,299,NQ,
2026-07-29,766,27500.5,196,NQ,
2026-07-29,767,27527.25,289,NQ,
2026-07-29,768,27526.0,277,NQ,
2026-07-29,769,27553.0,286,NQ,
2026-07-29,770,27550.0,317,NQ,
2026-07-29,771,27547.75,286,NQ,
2026-07-29,772,27568.5,283,NQ,
2026-07-29,773,27570.75,249,NQ,
2026-07-29,774,27563.0,295,NQ,
2026-07-29,775,27566.75,349,NQ,
2026-07-29,776,27578.75,221,NQ,
2026-07-29,777,27586.0,283,NQ,
2026-07-29,778,27584.25,236,NQ,
2026-07-29,779,27603.25,262,NQ,
2026-07-29,780,27611.0,426,NQ,
2026-07-29,781,27613.5,334,NQ,
2026-07-29,782,27616.5,381,NQ,
2026-07-29,783,27643.25,287,NQ,
2026-07-29,784,27661.0,381,NQ,
2026-07-29,785,27642.25,320,NQ,
2026-07-29,786,27654.75,244,NQ,
2026-07-29,787,27642.25,282,NQ,
2026-07-29,788,27650.0,297,NQ,
2026-07-29,789,27652.75,378,NQ,
2026-07-29,790,27682.0,330,NQ,
2026-07-29,791,27686.25,280,NQ,
2026-07-29,792,27697.5,266,NQ,
2026-07-29,793,27712.5,293,NQ,
2026-07-29,794,27736.25,377,NQ,
2026-07-29,795,27723.0,346,NQ,
2026-07-29,796,27715.75,308,NQ,
2026-07-29,797,27722.0,253,NQ,
2026-07-29,798,27718.0,368,NQ,
2026-07-29,799,27715.5,235,NQ,
2026-07-29,800,27726.75,265,NQ,
2026-07-29,801,27746.5,247,NQ,
2026-07-29,802,27724.25,322,NQ,
2026-07-29,803,27728.0,280,NQ,
2026-07-29,804,27694.25,434,NQ,
2026-07-29,805,27685.0,394,NQ,
2026-07-29,806,27698.0,300,NQ,
2026-07-29,807,27680.0,206,NQ,
2026-07-29,808,27680.25,293,NQ,
2026-07-29,809,27652.25,365,NQ,
2026-07-29,810,27636.0,363,NQ,
2026-07-29,811,27658.25,333,NQ,
2026-07-29,812,27675.25,332,NQ,
2026-07-29,813,27692.75,238,NQ,
2026-07-29,814,27673.5,231,NQ,
2026-07-29,815,27656.75,254,NQ,
2026-07-29,816,27644.5,262,NQ,
2026-07-29,817,27652.0,245,NQ,
2026-07-29,818,27650.25,159,NQ,
2026-07-29,819,27658.75,241,NQ,
2026-07-29,820,27662.0,286,NQ,
2026-07-29,821,27673.25,288,NQ,
2026-07-29,822,27662.25,282,NQ,
2026-07-29,823,27686.75,215,NQ,
2026-07-29,824,27681.0,200,NQ,
2026-07-29,825,27664.75,177,NQ,
2026-07-29,826,27667.75,183,NQ,
2026-07-29,827,27674.75,137,NQ,
2026-07-29,828,27690.0,191,NQ,
2026-07-29,829,27695.0,314,NQ,
2026-07-29,830,27706.75,294,NQ,
2026-07-29,831,27717.5,253,NQ,
2026-07-29,832,27712.75,237,NQ,
2026-07-29,833,27720.75,266,NQ,
2026-07-29,834,27711.5,223,NQ,
2026-07-29,835,27699.25,338,NQ,
2026-07-29,836,27692.75,239,NQ,
2026-07-29,837,27689.5,281,NQ,
2026-07-29,838,27693.25,275,NQ,
2026-07-29,839,27721.75,328,NQ,
2026-07-29,840,27848.25,851,NQ,
2026-07-29,841,27869.5,548,NQ,
2026-07-29,842,27844.0,605,NQ,
2026-07-29,843,27831.0,387,NQ,
2026-07-29,844,27802.0,448,NQ,
2026-07-29,845,27842.5,506,NQ,
2026-07-29,846,27871.0,472,NQ,
2026-07-29,847,27862.75,417,NQ,
2026-07-29,848,27851.75,482,NQ,
2026-07-29,849,27855.25,322,NQ,
2026-07-29,850,27844.0,304,NQ,
2026-07-29,851,27851.75,381,NQ,
2026-07-29,852,27830.0,388,NQ,
2026-07-29,853,27813.5,387,NQ,
2026-07-29,854,27799.0,340,NQ,
2026-07-29,855,27816.75,410,NQ,
2026-07-29,856,27813.75,305,NQ,
2026-07-29,857,27792.75,342,NQ,
2026-07-29,858,27770.75,295,NQ,
2026-07-29,859,27764.75,377,NQ,
2026-07-29,860,27753.5,343,NQ,
2026-07-29,861,27746.25,352,NQ,
2026-07-29,862,27750.25,448,NQ,
2026-07-29,863,27733.75,298,NQ,
2026-07-29,864,27749.0,254,NQ,
2026-07-29,865,27744.5,332,NQ,
2026-07-29,866,27746.75,265,NQ,
2026-07-29,867,27742.25,304,NQ,
2026-07-29,868,27750.25,271,NQ,
2026-07-29,869,27776.75,254,NQ,
2026-07-29,870,27803.0,296,NQ,
2026-07-29,871,27756.75,462,NQ,
2026-07-29,872,27752.25,400,NQ,
2026-07-29,873,27756.5,448,NQ,
2026-07-29,874,27756.0,237,NQ,
2026-07-29,875,27748.75,341,NQ,
2026-07-29,876,27790.5,302,NQ,
2026-07-29,877,27816.25,452,NQ,
2026-07-29,878,27862.0,455,NQ,
2026-07-29,879,27867.75,326,NQ,
2026-07-29,880,27907.75,572,NQ,
2026-07-29,881,27930.75,555,NQ,
2026-07-29,882,27927.5,362,NQ,
2026-07-29,883,27953.5,428,NQ,
2026-07-29,884,27975.0,408,NQ,
2026-07-29,885,27978.25,421,NQ,
2026-07-29,886,27996.25,351,NQ,
2026-07-29,887,28025.0,395,NQ,
2026-07-29,888,28006.5,412,NQ,
2026-07-29,889,28043.25,332,NQ,
2026-07-29,890,28040.0,389,NQ,
2026-07-29,891,28038.5,453,NQ,
2026-07-29,892,28045.25,401,NQ,
2026-07-29,893,28067.0,417,NQ,
2026-07-29,894,28085.5,337,NQ,
2026-07-29,895,28079.0,488,NQ,
2026-07-29,896,28047.0,435,NQ,
2026-07-29,897,28051.25,383,NQ,
2026-07-29,898,28056.5,339,NQ,
2026-07-29,899,28056.75,361,NQ,
2026-07-29,900,28036.75,559,NQ,
2026-07-29,901,28091.75,396,NQ,
2026-07-29,902,28062.5,381,NQ,
2026-07-29,903,28025.75,326,NQ,
2026-07-29,904,27993.75,360,NQ,
2026-07-29,905,27956.0,369,NQ,
2026-07-29,906,27959.75,361,NQ,
2026-07-29,907,27920.5,460,NQ,
2026-07-29,908,27904.25,450,NQ,
2026-07-29,909,27879.0,396,NQ,
2026-07-29,910,27862.75,479,NQ,
2026-07-29,911,27912.75,432,NQ,
2026-07-29,912,27907.75,505,NQ,
2026-07-29,913,27907.5,280,NQ,
2026-07-29,914,27905.0,326,NQ,
2026-07-29,915,27931.25,413,NQ,
2026-07-29,916,27889.75,372,NQ,
2026-07-29,917,27846.25,405,NQ,
2026-07-29,918,27826.0,370,NQ,
2026-07-29,919,27822.0,373,NQ,
2026-07-29,920,27772.25,401,NQ,
2026-07-29,921,27737.25,579,NQ,
2026-07-29,922,27718.0,489,NQ,
2026-07-29,923,27718.75,394,NQ,
2026-07-29,924,27712.25,418,NQ,
2026-07-29,925,27678.0,438,NQ,
2026-07-29,926,27669.75,311,NQ,
2026-07-29,927,27676.0,414,NQ,
2026-07-29,928,27694.5,358,NQ,
2026-07-29,929,27711.75,417,NQ,
2026-07-29,930,27727.25,518,NQ,
2026-07-29,931,27718.25,403,NQ,
2026-07-29,932,27682.75,396,NQ,
2026-07-29,933,27600.75,436,NQ,
2026-07-29,934,27609.25,460,NQ,
2026-07-29,935,27601.5,478,NQ,
2026-07-29,936,27622.75,475,NQ,
2026-07-29,937,27582.75,357,NQ,
2026-07-29,938,27527.0,432,NQ,
2026-07-29,939,27509.25,481,NQ,
2026-07-29,940,27517.75,646,NQ,
2026-07-29,941,27513.25,423,NQ,
2026-07-29,942,27510.0,382,NQ,
2026-07-29,943,27500.75,399,NQ,
2026-07-29,944,27474.5,369,NQ,
2026-07-29,945,27456.0,559,NQ,
2026-07-29,946,27448.25,368,NQ,
2026-07-29,947,27447.5,378,NQ,
2026-07-29,948,27472.5,383,NQ,
2026-07-29,949,27501.5,395,NQ,
2026-07-29,950,27459.25,638,NQ,
2026-07-29,951,27443.5,467,NQ,
2026-07-29,952,27415.5,433,NQ,
2026-07-29,953,27416.75,397,NQ,
2026-07-29,954,27435.25,411,NQ,
2026-07-29,955,27378.5,856,NQ,
2026-07-29,956,27364.25,482,NQ,
2026-07-29,957,27344.75,448,NQ,
2026-07-29,958,27339.5,500,NQ,
2026-07-29,959,27338.25,1923,NQ,
2026-07-30,570,27859.5,1256,NQ,
2026-07-30,571,27879.75,591,NQ,
2026-07-30,572,27862.0,501,NQ,
2026-07-30,573,27841.25,496,NQ,
2026-07-30,574,27871.25,470,NQ,
2026-07-30,575,27891.25,579,NQ,
2026-07-30,576,27896.75,523,NQ,
2026-07-30,577,27883.5,526,NQ,
2026-07-30,578,27889.25,467,NQ,
2026-07-30,579,27889.5,402,NQ,
2026-07-30,580,27881.75,415,NQ,
2026-07-30,581,27887.5,330,NQ,
2026-07-30,582,27933.75,509,NQ,
2026-07-30,583,27965.25,531,NQ,
2026-07-30,584,27977.25,628,NQ,
2026-07-30,585,28014.5,561,NQ,
2026-07-30,586,28029.25,511,NQ,
2026-07-30,587,28036.0,363,NQ,
2026-07-30,588,28040.5,346,NQ,
2026-07-30,589,28064.75,417,NQ,
2026-07-30,590,28105.0,685,NQ,
2026-07-30,591,28093.5,516,NQ,
2026-07-30,592,28062.75,427,NQ,
2026-07-30,593,28079.0,397,NQ,
2026-07-30,594,28102.5,403,NQ,
2026-07-30,595,28126.0,470,NQ,
2026-07-30,596,28108.0,514,NQ,
2026-07-30,597,28110.0,299,NQ,
2026-07-30,598,28123.0,408,NQ,
2026-07-30,599,28151.75,488,NQ,
2026-07-30,600,28155.75,494,NQ,
2026-07-30,601,28168.0,511,NQ,
2026-07-30,602,28158.5,771,NQ,
2026-07-30,603,28167.75,490,NQ,
2026-07-30,604,28160.25,395,NQ,
2026-07-30,605,28146.75,424,NQ,
2026-07-30,606,28131.0,464,NQ,
2026-07-30,607,28106.0,490,NQ,
2026-07-30,608,28090.25,472,NQ,
2026-07-30,609,28086.25,385,NQ,
2026-07-30,610,28084.5,457,NQ,
2026-07-30,611,28105.0,404,NQ,
2026-07-30,612,28112.0,435,NQ,
2026-07-30,613,28090.0,448,NQ,
2026-07-30,614,28107.5,325,NQ,
2026-07-30,615,28111.75,378,NQ,
2026-07-30,616,28129.25,327,NQ,
2026-07-30,617,28116.75,401,NQ,
2026-07-30,618,28107.5,392,NQ,
2026-07-30,619,28113.0,406,NQ,
2026-07-30,620,28125.0,462,NQ,
2026-07-30,621,28155.0,552,NQ,
2026-07-30,622,28155.25,405,NQ,
2026-07-30,623,28160.75,305,NQ,
2026-07-30,624,28163.25,334,NQ,
2026-07-30,625,28172.5,360,NQ,
2026-07-30,626,28170.25,301,NQ,
2026-07-30,627,28211.0,520,NQ,
2026-07-30,628,28223.5,462,NQ,
2026-07-30,629,28226.5,362,NQ,
2026-07-30,630,28219.5,435,NQ,
2026-07-30,631,28236.25,335,NQ,
2026-07-30,632,28239.25,390,NQ,
2026-07-30,633,28237.25,331,NQ,
2026-07-30,634,28234.5,382,NQ,
2026-07-30,635,28207.75,457,NQ,
2026-07-30,636,28237.0,334,NQ,
2026-07-30,637,28237.75,403,NQ,
2026-07-30,638,28214.25,305,NQ,
2026-07-30,639,28219.75,330,NQ,
2026-07-30,640,28227.25,290,NQ,
2026-07-30,641,28230.25,353,NQ,
2026-07-30,642,28206.0,289,NQ,
2026-07-30,643,28185.0,344,NQ,
2026-07-30,644,28175.0,367,NQ,
2026-07-30,645,28187.5,310,NQ,
2026-07-30,646,28161.0,432,NQ,
2026-07-30,647,28160.75,308,NQ,
2026-07-30,648,28159.25,452,NQ,
2026-07-30,649,28166.5,439,NQ,
2026-07-30,650,28141.25,410,NQ,
2026-07-30,651,28123.0,360,NQ,
2026-07-30,652,28104.0,289,NQ,
2026-07-30,653,28091.25,400,NQ,
2026-07-30,654,28068.75,504,NQ,
2026-07-30,655,28054.75,427,NQ,
2026-07-30,656,28034.5,579,NQ,
2026-07-30,657,28057.25,398,NQ,
2026-07-30,658,28073.75,405,NQ,
2026-07-30,659,28070.75,435,NQ,
2026-07-30,660,28027.0,548,NQ,
2026-07-30,661,28021.0,464,NQ,
2026-07-30,662,28068.75,405,NQ,
2026-07-30,663,28103.5,597,NQ,
2026-07-30,664,28106.0,399,NQ,
2026-07-30,665,28113.5,368,NQ,
2026-07-30,666,28094.5,428,NQ,
2026-07-30,667,28071.0,337,NQ,
2026-07-30,668,28098.0,340,NQ,
2026-07-30,669,28134.25,383,NQ,
2026-07-30,670,28079.75,311,NQ,
2026-07-30,671,28045.25,678,NQ,
2026-07-30,672,28061.5,338,NQ,
2026-07-30,673,28033.0,344,NQ,
2026-07-30,674,28023.75,295,NQ,
2026-07-30,675,28061.25,498,NQ,
2026-07-30,676,28054.5,439,NQ,
2026-07-30,677,28029.75,350,NQ,
2026-07-30,678,28044.75,290,NQ,
2026-07-30,679,28047.0,296,NQ,
2026-07-30,680,28055.75,318,NQ,
2026-07-30,681,28077.5,381,NQ,
2026-07-30,682,28075.25,284,NQ,
2026-07-30,683,28058.0,381,NQ,
2026-07-30,684,28050.5,275,NQ,
2026-07-30,685,28036.75,319,NQ,
2026-07-30,686,28041.5,393,NQ,
2026-07-30,687,28020.0,302,NQ,
2026-07-30,688,28021.0,257,NQ,
2026-07-30,689,28010.5,240,NQ,
2026-07-30,690,28007.25,315,NQ,
2026-07-30,691,28032.75,343,NQ,
2026-07-30,692,28038.5,345,NQ,
2026-07-30,693,28049.0,299,NQ,
2026-07-30,694,28072.5,364,NQ,
2026-07-30,695,28059.75,348,NQ,
2026-07-30,696,28087.75,293,NQ,
2026-07-30,697,28043.75,324,NQ,
2026-07-30,698,28049.0,351,NQ,
2026-07-30,699,28071.0,296,NQ,
2026-07-30,700,28075.0,392,NQ,
2026-07-30,701,28078.25,295,NQ,
2026-07-30,702,28076.25,264,NQ,
2026-07-30,703,28088.75,411,NQ,
2026-07-30,704,28087.5,358,NQ,
2026-07-30,705,28109.0,281,NQ,
2026-07-30,706,28123.75,348,NQ,
2026-07-30,707,28121.75,251,NQ,
2026-07-30,708,28107.0,297,NQ,
2026-07-30,709,28113.0,322,NQ,
2026-07-30,710,28089.5,315,NQ,
2026-07-30,711,28105.75,278,NQ,
2026-07-30,712,28067.75,335,NQ,
2026-07-30,713,28086.75,312,NQ,
2026-07-30,714,28107.75,260,NQ,
2026-07-30,715,28122.5,290,NQ,
2026-07-30,716,28117.0,264,NQ,
2026-07-30,717,28112.25,269,NQ,
2026-07-30,718,28094.0,309,NQ,
2026-07-30,719,28079.75,302,NQ,
2026-07-30,720,28070.0,430,NQ,
2026-07-30,721,28095.75,476,NQ,
2026-07-30,722,28114.75,459,NQ,
2026-07-30,723,28120.5,328,NQ,
2026-07-30,724,28150.25,366,NQ,
2026-07-30,725,28153.25,257,NQ,
2026-07-30,726,28142.0,268,NQ,
2026-07-30,727,28148.25,223,NQ,
2026-07-30,728,28151.5,245,NQ,
2026-07-30,729,28145.75,266,NQ,
2026-07-30,730,28153.5,318,NQ,
2026-07-30,731,28169.75,333,NQ,
2026-07-30,732,28181.75,257,NQ,
2026-07-30,733,28188.0,306,NQ,
2026-07-30,734,28185.5,364,NQ,
2026-07-30,735,28182.75,261,NQ,
2026-07-30,736,28189.0,256,NQ,
2026-07-30,737,28189.25,332,NQ,
2026-07-30,738,28186.75,326,NQ,
2026-07-30,739,28171.5,250,NQ,
2026-07-30,740,28179.5,292,NQ,
2026-07-30,741,28182.0,206,NQ,
2026-07-30,742,28168.0,250,NQ,
2026-07-30,743,28163.25,302,NQ,
2026-07-30,744,28156.75,265,NQ,
2026-07-30,745,28149.75,267,NQ,
2026-07-30,746,28150.0,219,NQ,
2026-07-30,747,28162.0,267,NQ,
2026-07-30,748,28150.5,233,NQ,
2026-07-30,749,28145.0,219,NQ,
2026-07-30,750,28126.25,378,NQ,
2026-07-30,751,28127.75,245,NQ,
2026-07-30,752,28130.25,291,NQ,
2026-07-30,753,28123.0,208,NQ,
2026-07-30,754,28119.75,277,NQ,
2026-07-30,755,28122.75,290,NQ,
2026-07-30,756,28130.5,225,NQ,
2026-07-30,757,28122.0,211,NQ,
2026-07-30,758,28120.5,272,NQ,
2026-07-30,759,28117.5,207,NQ,
2026-07-30,760,28087.75,367,NQ,
2026-07-30,761,28079.75,318,NQ,
2026-07-30,762,28067.75,441,NQ,
2026-07-30,763,28062.5,312,NQ,
2026-07-30,764,28068.75,266,NQ,
2026-07-30,765,28093.5,424,NQ,
2026-07-30,766,28097.75,380,NQ,
2026-07-30,767,28092.0,217,NQ,
2026-07-30,768,28086.5,188,NQ,
2026-07-30,769,28098.0,256,NQ,
2026-07-30,770,28083.75,240,NQ,
2026-07-30,771,28120.5,300,NQ,
2026-07-30,772,28133.0,280,NQ,
2026-07-30,773,28113.75,318,NQ,
2026-07-30,774,28113.25,241,NQ,
2026-07-30,775,28129.0,282,NQ,
2026-07-30,776,28127.5,232,NQ,
2026-07-30,777,28123.0,202,NQ,
2026-07-30,778,28128.0,188,NQ,
2026-07-30,779,28126.75,218,NQ,
2026-07-30,780,28159.25,543,NQ,
2026-07-30,781,28171.0,320,NQ,
2026-07-30,782,28151.25,315,NQ,
2026-07-30,783,28151.0,269,NQ,
2026-07-30,784,28166.75,189,NQ,
2026-07-30,785,28167.75,214,NQ,
2026-07-30,786,28173.25,353,NQ,
2026-07-30,787,28166.75,240,NQ,
2026-07-30,788,28175.25,194,NQ,
2026-07-30,789,28168.25,259,NQ,
2026-07-30,790,28168.75,281,NQ,
2026-07-30,791,28173.25,200,NQ,
2026-07-30,792,28158.25,313,NQ,
2026-07-30,793,28159.0,172,NQ,
2026-07-30,794,28159.25,185,NQ,
2026-07-30,795,28159.0,258,NQ,
2026-07-30,796,28179.5,256,NQ,
2026-07-30,797,28184.25,264,NQ,
2026-07-30,798,28181.25,258,NQ,
2026-07-30,799,28203.0,276,NQ,
2026-07-30,800,28202.25,233,NQ,
2026-07-30,801,28199.5,224,NQ,
2026-07-30,802,28180.25,325,NQ,
2026-07-30,803,28191.25,211,NQ,
2026-07-30,804,28189.75,172,NQ,
2026-07-30,805,28182.75,195,NQ,
2026-07-30,806,28181.5,189,NQ,
2026-07-30,807,28181.75,159,NQ,
2026-07-30,808,28175.0,219,NQ,
2026-07-30,809,28169.5,174,NQ,
2026-07-30,810,28177.25,264,NQ,
2026-07-30,811,28177.0,210,NQ,
2026-07-30,812,28173.25,138,NQ,
2026-07-30,813,28164.75,215,NQ,
2026-07-30,814,28163.75,204,NQ,
2026-07-30,815,28176.0,187,NQ,
2026-07-30,816,28179.0,242,NQ,
2026-07-30,817,28159.0,228,NQ,
2026-07-30,818,28153.25,307,NQ,
2026-07-30,819,28146.75,222,NQ,
2026-07-30,820,28157.75,194,NQ,
2026-07-30,821,28170.25,244,NQ,
2026-07-30,822,28173.5,381,NQ,
2026-07-30,823,28187.0,294,NQ,
2026-07-30,824,28188.25,238,NQ,
2026-07-30,825,28187.5,246,NQ,
2026-07-30,826,28196.5,226,NQ,
2026-07-30,827,28195.75,225,NQ,
2026-07-30,828,28199.25,182,NQ,
2026-07-30,829,28183.5,191,NQ,
2026-07-30,830,28193.25,210,NQ,
2026-07-30,831,28200.0,308,NQ,
2026-07-30,832,28186.5,253,NQ,
2026-07-30,833,28175.0,260,NQ,
2026-07-30,834,28177.0,225,NQ,
2026-07-30,835,28180.0,230,NQ,
2026-07-30,836,28180.0,215,NQ,
2026-07-30,837,28185.0,186,NQ,
2026-07-30,838,28177.75,151,NQ,
2026-07-30,839,28177.5,168,NQ,
2026-07-30,840,28191.0,276,NQ,
2026-07-30,841,28198.5,241,NQ,
2026-07-30,842,28193.5,166,NQ,
2026-07-30,843,28182.5,186,NQ,
2026-07-30,844,28169.75,163,NQ,
2026-07-30,845,28180.0,217,NQ,
2026-07-30,846,28194.0,170,NQ,
2026-07-30,847,28185.5,182,NQ,
2026-07-30,848,28192.5,306,NQ,
2026-07-30,849,28192.25,247,NQ,
2026-07-30,850,28191.25,210,NQ,
2026-07-30,851,28196.5,164,NQ,
2026-07-30,852,28194.75,206,NQ,
2026-07-30,853,28195.25,191,NQ,
2026-07-30,854,28200.5,268,NQ,
2026-07-30,855,28186.75,264,NQ,
2026-07-30,856,28183.25,220,NQ,
2026-07-30,857,28177.5,304,NQ,
2026-07-30,858,28177.0,217,NQ,
2026-07-30,859,28167.75,221,NQ,
2026-07-30,860,28172.25,198,NQ,
2026-07-30,861,28183.0,190,NQ,
2026-07-30,862,28189.5,234,NQ,
2026-07-30,863,28185.5,178,NQ,
2026-07-30,864,28184.75,171,NQ,
2026-07-30,865,28180.75,146,NQ,
2026-07-30,866,28182.75,150,NQ,
2026-07-30,867,28181.25,189,NQ,
2026-07-30,868,28182.75,175,NQ,
2026-07-30,869,28183.0,136,NQ,
2026-07-30,870,28197.5,233,NQ,
2026-07-30,871,28181.75,319,NQ,
2026-07-30,872,28177.5,258,NQ,
2026-07-30,873,28178.75,160,NQ,
2026-07-30,874,28174.75,206,NQ,
2026-07-30,875,28170.75,313,NQ,
2026-07-30,876,28167.0,159,NQ,
2026-07-30,877,28162.75,246,NQ,
2026-07-30,878,28158.25,225,NQ,
2026-07-30,879,28157.5,242,NQ,
2026-07-30,880,28170.0,192,NQ,
2026-07-30,881,28154.75,248,NQ,
2026-07-30,882,28153.25,214,NQ,
2026-07-30,883,28160.75,188,NQ,
2026-07-30,884,28167.0,164,NQ,
2026-07-30,885,28172.25,251,NQ,
2026-07-30,886,28183.5,335,NQ,
2026-07-30,887,28183.5,233,NQ,
2026-07-30,888,28176.5,268,NQ,
2026-07-30,889,28178.75,183,NQ,
2026-07-30,890,28174.0,282,NQ,
2026-07-30,891,28169.5,251,NQ,
2026-07-30,892,28169.25,204,NQ,
2026-07-30,893,28167.5,254,NQ,
2026-07-30,894,28164.0,138,NQ,
2026-07-30,895,28163.0,173,NQ,
2026-07-30,896,28167.75,263,NQ,
2026-07-30,897,28165.75,167,NQ,
2026-07-30,898,28169.5,194,NQ,
2026-07-30,899,28180.5,264,NQ,
2026-07-30,900,28195.25,620,NQ,
2026-07-30,901,28194.5,282,NQ,
2026-07-30,902,28202.25,266,NQ,
2026-07-30,903,28192.5,284,NQ,
2026-07-30,904,28199.0,239,NQ,
2026-07-30,905,28200.0,245,NQ,
2026-07-30,906,28219.75,251,NQ,
2026-07-30,907,28236.0,365,NQ,
2026-07-30,908,28242.75,342,NQ,
2026-07-30,909,28254.0,331,NQ,
2026-07-30,910,28276.75,364,NQ,
2026-07-30,911,28273.0,365,NQ,
2026-07-30,912,28291.0,330,NQ,
2026-07-30,913,28282.75,299,NQ,
2026-07-30,914,28274.75,373,NQ,
2026-07-30,915,28264.75,322,NQ,
2026-07-30,916,28287.0,283,NQ,
2026-07-30,917,28285.75,275,NQ,
2026-07-30,918,28295.0,317,NQ,
2026-07-30,919,28285.75,290,NQ,
2026-07-30,920,28275.5,302,NQ,
2026-07-30,921,28269.0,337,NQ,
2026-07-30,922,28263.5,307,NQ,
2026-07-30,923,28270.5,318,NQ,
2026-07-30,924,28264.0,236,NQ,
2026-07-30,925,28260.5,236,NQ,
2026-07-30,926,28268.0,260,NQ,
2026-07-30,927,28263.0,234,NQ,
2026-07-30,928,28257.25,244,NQ,
2026-07-30,929,28244.5,263,NQ,
2026-07-30,930,28253.25,315,NQ,
2026-07-30,931,28247.75,232,NQ,
2026-07-30,932,28237.5,318,NQ,
2026-07-30,933,28248.25,257,NQ,
2026-07-30,934,28243.0,294,NQ,
2026-07-30,935,28232.75,272,NQ,
2026-07-30,936,28220.5,306,NQ,
2026-07-30,937,28229.25,275,NQ,
2026-07-30,938,28235.0,310,NQ,
2026-07-30,939,28237.75,228,NQ,
2026-07-30,940,28233.75,282,NQ,
2026-07-30,941,28233.5,254,NQ,
2026-07-30,942,28229.75,290,NQ,
2026-07-30,943,28236.25,257,NQ,
2026-07-30,944,28233.0,237,NQ,
2026-07-30,945,28239.75,364,NQ,
2026-07-30,946,28232.75,350,NQ,
2026-07-30,947,28234.5,253,NQ,
2026-07-30,948,28222.5,288,NQ,
2026-07-30,949,28235.5,382,NQ,
2026-07-30,950,28221.5,615,NQ,
2026-07-30,951,28219.75,454,NQ,
2026-07-30,952,28225.0,446,NQ,
2026-07-30,953,28209.25,417,NQ,
2026-07-30,954,28223.75,440,NQ,
2026-07-30,955,28214.5,490,NQ,
2026-07-30,956,28230.0,585,NQ,
2026-07-30,957,28234.25,411,NQ,
2026-07-30,958,28239.75,644,NQ,
2026-07-30,959,28229.0,2420,NQ,
2026-07-31,570,28598.0,880,NQ,
2026-07-31,571,28626.25,512,NQ,
2026-07-31,572,28663.5,620,NQ,
2026-07-31,573,28687.25,553,NQ,
2026-07-31,574,28682.75,565,NQ,
2026-07-31,575,28708.75,478,NQ,
2026-07-31,576,28682.25,518,NQ,
2026-07-31,577,28659.25,512,NQ,
2026-07-31,578,28607.25,679,NQ,
2026-07-31,579,28562.0,646,NQ,
2026-07-31,580,28537.0,602,NQ,
2026-07-31,581,28526.0,491,NQ,
2026-07-31,582,28479.0,582,NQ,
2026-07-31,583,28470.0,617,NQ,
2026-07-31,584,28419.75,568,NQ,
2026-07-31,585,28433.75,731,NQ,
2026-07-31,586,28399.5,567,NQ,
2026-07-31,587,28380.75,503,NQ,
2026-07-31,588,28350.5,611,NQ,
2026-07-31,589,28361.0,633,NQ,
2026-07-31,590,28346.75,541,NQ,
2026-07-31,591,28392.0,464,NQ,
2026-07-31,592,28346.75,509,NQ,
2026-07-31,593,28323.5,711,NQ,
2026-07-31,594,28333.0,553,NQ,
2026-07-31,595,28361.0,619,NQ,
2026-07-31,596,28397.0,719,NQ,
2026-07-31,597,28372.75,624,NQ,
2026-07-31,598,28343.0,449,NQ,
2026-07-31,599,28359.75,335,NQ,
2026-07-31,600,28343.0,472,NQ,
2026-07-31,601,28323.5,422,NQ,
2026-07-31,602,28287.5,425,NQ,
2026-07-31,603,28282.75,533,NQ,
2026-07-31,604,28242.75,542,NQ,
2026-07-31,605,28252.75,472,NQ,
2026-07-31,606,28212.25,587,NQ,
2026-07-31,607,28188.5,668,NQ,
2026-07-31,608,28149.75,582,NQ,
2026-07-31,609,28152.75,636,NQ,
2026-07-31,610,28126.0,596,NQ,
2026-07-31,611,28167.75,539,NQ,
2026-07-31,612,28140.75,569,NQ,
2026-07-31,613,28121.5,484,NQ,
2026-07-31,614,28137.5,486,NQ,
2026-07-31,615,28123.0,496,NQ,
2026-07-31,616,28112.25,516,NQ,
2026-07-31,617,28133.75,561,NQ,
2026-07-31,618,28194.75,478,NQ,
2026-07-31,619,28178.75,733,NQ,
2026-07-31,620,28224.0,539,NQ,
2026-07-31,621,28204.75,599,NQ,
2026-07-31,622,28237.75,400,NQ,
2026-07-31,623,28230.25,461,NQ,
2026-07-31,624,28195.75,487,NQ,
2026-07-31,625,28195.25,331,NQ,
2026-07-31,626,28194.75,383,NQ,
2026-07-31,627,28225.5,488,NQ,
2026-07-31,628,28252.25,454,NQ,
2026-07-31,629,28251.5,412,NQ,
2026-07-31,630,28254.0,415,NQ,
2026-07-31,631,28251.25,450,NQ,
2026-07-31,632,28257.0,395,NQ,
2026-07-31,633,28229.75,377,NQ,
2026-07-31,634,28236.75,322,NQ,
2026-07-31,635,28281.0,463,NQ,
2026-07-31,636,28276.75,315,NQ,
2026-07-31,637,28277.5,407,NQ,
2026-07-31,638,28262.25,357,NQ,
2026-07-31,639,28270.5,268,NQ,
2026-07-31,640,28286.0,439,NQ,
2026-07-31,641,28249.0,362,NQ,
2026-07-31,642,28237.25,387,NQ,
2026-07-31,643,28260.0,355,NQ,
2026-07-31,644,28269.0,296,NQ,
2026-07-31,645,28250.5,407,NQ,
2026-07-31,646,28274.75,385,NQ,
2026-07-31,647,28279.25,358,NQ,
2026-07-31,648,28317.0,315,NQ,
2026-07-31,649,28332.75,447,NQ,
2026-07-31,650,28326.25,471,NQ,
2026-07-31,651,28339.5,319,NQ,
2026-07-31,652,28332.25,284,NQ,
2026-07-31,653,28338.0,367,NQ,
2026-07-31,654,28298.25,336,NQ,
2026-07-31,655,28276.5,436,NQ,
2026-07-31,656,28314.5,358,NQ,
2026-07-31,657,28310.25,326,NQ,
2026-07-31,658,28321.0,667,NQ,
2026-07-31,659,28307.75,337,NQ,
2026-07-31,660,28285.25,315,NQ,
2026-07-31,661,28290.25,423,NQ,
2026-07-31,662,28304.0,324,NQ,
2026-07-31,663,28289.0,287,NQ,
2026-07-31,664,28321.75,401,NQ,
2026-07-31,665,28299.75,359,NQ,
2026-07-31,666,28305.75,270,NQ,
2026-07-31,667,28304.25,337,NQ,
2026-07-31,668,28289.0,307,NQ,
2026-07-31,669,28277.0,345,NQ,
2026-07-31,670,28267.0,331,NQ,
2026-07-31,671,28231.5,330,NQ,
2026-07-31,672,28266.5,477,NQ,
2026-07-31,673,28275.75,347,NQ,
2026-07-31,674,28269.75,307,NQ,
2026-07-31,675,28307.0,513,NQ,
2026-07-31,676,28259.25,345,NQ,
2026-07-31,677,28253.25,313,NQ,
2026-07-31,678,28258.5,279,NQ,
2026-07-31,679,28261.25,281,NQ,
2026-07-31,680,28245.0,306,NQ,
2026-07-31,681,28222.25,310,NQ,
2026-07-31,682,28209.0,359,NQ,
2026-07-31,683,28213.0,204,NQ,
2026-07-31,684,28195.25,284,NQ,
2026-07-31,685,28180.0,264,NQ,
2026-07-31,686,28142.25,449,NQ,
2026-07-31,687,28133.25,345,NQ,
2026-07-31,688,28153.75,245,NQ,
2026-07-31,689,28150.5,338,NQ,
2026-07-31,690,28154.25,375,NQ,
2026-07-31,691,28150.5,321,NQ,
2026-07-31,692,28158.25,374,NQ,
2026-07-31,693,28145.0,243,NQ,
2026-07-31,694,28174.25,312,NQ,
2026-07-31,695,28190.25,375,NQ,
2026-07-31,696,28194.75,212,NQ,
2026-07-31,697,28217.75,192,NQ,
2026-07-31,698,28252.5,94,NQ,
2026-07-31,699,28234.75,116,NQ,
2026-07-31,700,28227.0,191,NQ,
2026-07-31,701,28180.25,140,NQ,
2026-07-31,702,28181.0,228,NQ,
2026-07-31,703,28190.0,115,NQ,
2026-07-31,704,28215.25,163,NQ,
2026-07-31,705,28204.5,37,NQ,
2026-07-31,706,28194.25,177,NQ,
2026-07-31,707,28180.0,323,NQ,
2026-07-31,708,28198.75,301,NQ,
2026-07-31,709,28194.25,306,NQ,
2026-07-31,710,28232.0,393,NQ,
2026-07-31,711,28252.25,331,NQ,
2026-07-31,712,28263.5,334,NQ,
2026-07-31,713,28252.5,270,NQ,
2026-07-31,714,28280.5,304,NQ,
2026-07-31,715,28271.0,399,NQ,
2026-07-31,716,28277.0,338,NQ,
2026-07-31,717,28283.0,278,NQ,
2026-07-31,718,28267.25,463,NQ,
2026-07-31,719,28274.0,268,NQ,
2026-07-31,720,28292.0,325,NQ,
2026-07-31,721,28286.75,382,NQ,
2026-07-31,722,28280.0,272,NQ,
2026-07-31,723,28287.25,269,NQ,
2026-07-31,724,28289.75,411,NQ,
2026-07-31,725,28274.25,293,NQ,
2026-07-31,726,28265.0,305,NQ,
2026-07-31,727,28258.5,330,NQ,
2026-07-31,728,28276.0,226,NQ,
2026-07-31,729,28275.0,280,NQ,
2026-07-31,730,28279.0,292,NQ,
2026-07-31,731,28294.5,230,NQ,
2026-07-31,732,28288.75,280,NQ,
2026-07-31,733,28303.25,282,NQ,
2026-07-31,734,28301.0,314,NQ,
2026-07-31,735,28265.75,327,NQ,
2026-07-31,736,28281.25,257,NQ,
2026-07-31,737,28291.0,241,NQ,
2026-07-31,738,28297.5,263,NQ,
2026-07-31,739,28292.25,262,NQ,
2026-07-31,740,28309.25,241,NQ,
2026-07-31,741,28302.75,294,NQ,
2026-07-31,742,28310.0,224,NQ,
2026-07-31,743,28319.0,284,NQ,
2026-07-31,744,28331.75,431,NQ,
2026-07-31,745,28313.5,272,NQ,
2026-07-31,746,28325.5,369,NQ,
2026-07-31,747,28323.25,294,NQ,
2026-07-31,748,28343.5,289,NQ,
2026-07-31,749,28364.25,262,NQ,
2026-07-31,750,28355.5,389,NQ,
2026-07-31,751,28376.0,335,NQ,
2026-07-31,752,28377.75,237,NQ,
2026-07-31,753,28385.5,287,NQ,
2026-07-31,754,28376.75,245,NQ,
2026-07-31,755,28382.75,291,NQ,
2026-07-31,756,28362.25,283,NQ,
2026-07-31,757,28370.0,290,NQ,
2026-07-31,758,28358.75,342,NQ,
2026-07-31,759,28362.75,311,NQ,
2026-07-31,760,28361.0,285,NQ,
2026-07-31,761,28330.0,363,NQ,
2026-07-31,762,28337.0,370,NQ,
2026-07-31,763,28325.25,229,NQ,
2026-07-31,764,28321.5,283,NQ,
2026-07-31,765,28325.75,317,NQ,
2026-07-31,766,28344.25,263,NQ,
2026-07-31,767,28344.5,278,NQ,
2026-07-31,768,28342.25,240,NQ,
2026-07-31,769,28348.0,287,NQ,
2026-07-31,770,28361.0,270,NQ,
2026-07-31,771,28372.0,322,NQ,
2026-07-31,772,28366.75,286,NQ,
2026-07-31,773,28368.25,229,NQ,
2026-07-31,774,28354.25,266,NQ,
2026-07-31,775,28367.25,275,NQ,
2026-07-31,776,28371.0,264,NQ,
2026-07-31,777,28385.75,244,NQ,
2026-07-31,778,28377.75,307,NQ,
2026-07-31,779,28366.75,245,NQ,
2026-07-31,780,28384.75,277,NQ,
2026-07-31,781,28405.75,360,NQ,
2026-07-31,782,28400.25,220,NQ,
2026-07-31,783,28406.25,225,NQ,
2026-07-31,784,28395.25,214,NQ,
2026-07-31,785,28397.25,243,NQ,
2026-07-31,786,28384.75,294,NQ,
2026-07-31,787,28368.75,263,NQ,
2026-07-31,788,28375.25,218,NQ,
2026-07-31,789,28379.0,189,NQ,
2026-07-31,790,28386.0,220,NQ,
2026-07-31,791,28402.25,284,NQ,
2026-07-31,792,28404.25,314,NQ,
2026-07-31,793,28401.0,192,NQ,
2026-07-31,794,28402.25,178,NQ,
2026-07-31,795,28412.0,311,NQ,
2026-07-31,796,28406.75,214,NQ,
2026-07-31,797,28400.75,172,NQ,
2026-07-31,798,28402.75,188,NQ,
2026-07-31,799,28417.75,260,NQ,
2026-07-31,800,28420.25,221,NQ,
2026-07-31,801,28409.5,227,NQ,
2026-07-31,802,28413.5,234,NQ,
2026-07-31,803,28429.25,276,NQ,
2026-07-31,804,28453.5,358,NQ,
2026-07-31,805,28461.5,295,NQ,
2026-07-31,806,28464.25,315,NQ,
2026-07-31,807,28456.0,335,NQ,
2026-07-31,808,28456.75,296,NQ,
2026-07-31,809,28461.5,293,NQ,
2026-07-31,810,28454.75,319,NQ,
2026-07-31,811,28461.25,244,NQ,
2026-07-31,812,28461.5,318,NQ,
2026-07-31,813,28481.25,455,NQ,
2026-07-31,814,28482.0,297,NQ,
2026-07-31,815,28486.25,352,NQ,
2026-07-31,816,28489.5,312,NQ,
2026-07-31,817,28498.5,256,NQ,
2026-07-31,818,28479.0,295,NQ,
2026-07-31,819,28455.75,313,NQ,
2026-07-31,820,28465.75,254,NQ,
2026-07-31,821,28456.75,330,NQ,
2026-07-31,822,28447.5,315,NQ,
2026-07-31,823,28460.5,233,NQ,
2026-07-31,824,28457.5,247,NQ,
2026-07-31,825,28452.0,229,NQ,
2026-07-31,826,28463.75,310,NQ,
2026-07-31,827,28434.75,293,NQ,
2026-07-31,828,28428.0,314,NQ,
2026-07-31,829,28421.25,284,NQ,
2026-07-31,830,28430.25,237,NQ,
2026-07-31,831,28449.75,286,NQ,
2026-07-31,832,28446.5,319,NQ,
2026-07-31,833,28441.25,193,NQ,
2026-07-31,834,28443.25,303,NQ,
2026-07-31,835,28451.0,208,NQ,
2026-07-31,836,28447.5,211,NQ,
2026-07-31,837,28446.25,242,NQ,
2026-07-31,838,28436.5,164,NQ,
2026-07-31,839,28429.0,204,NQ,
2026-07-31,840,28441.0,332,NQ,
2026-07-31,841,28447.25,231,NQ,
2026-07-31,842,28441.75,211,NQ,
2026-07-31,843,28431.0,203,NQ,
2026-07-31,844,28426.5,202,NQ,
2026-07-31,845,28426.0,278,NQ,
2026-07-31,846,28444.5,285,NQ,
2026-07-31,847,28433.0,239,NQ,
2026-07-31,848,28436.75,223,NQ,
2026-07-31,849,28429.0,219,NQ,
2026-07-31,850,28419.75,253,NQ,
2026-07-31,851,28402.75,327,NQ,
2026-07-31,852,28398.25,315,NQ,
2026-07-31,853,28406.75,230,NQ,
2026-07-31,854,28403.75,294,NQ,
2026-07-31,855,28417.0,267,NQ,
2026-07-31,856,28418.5,238,NQ,
2026-07-31,857,28423.25,227,NQ,
2026-07-31,858,28440.5,236,NQ,
2026-07-31,859,28427.25,218,NQ,
2026-07-31,860,28433.25,270,NQ,
2026-07-31,861,28437.25,191,NQ,
2026-07-31,862,28438.0,251,NQ,
2026-07-31,863,28436.25,208,NQ,
2026-07-31,864,28437.75,205,NQ,
2026-07-31,865,28418.25,241,NQ,
2026-07-31,866,28418.5,174,NQ,
2026-07-31,867,28419.25,185,NQ,
2026-07-31,868,28418.5,171,NQ,
2026-07-31,869,28421.75,174,NQ,
2026-07-31,870,28440.0,182,NQ,
2026-07-31,871,28438.75,162,NQ,
2026-07-31,872,28440.0,198,NQ,
2026-07-31,873,28438.5,166,NQ,
2026-07-31,874,28434.75,209,NQ,
2026-07-31,875,28428.0,331,NQ,
2026-07-31,876,28424.25,181,NQ,
2026-07-31,877,28425.5,207,NQ,
2026-07-31,878,28430.25,123,NQ,
2026-07-31,879,28426.25,140,NQ,
2026-07-31,880,28424.75,202,NQ,
2026-07-31,881,28428.75,259,NQ,
2026-07-31,882,28440.25,219,NQ,
2026-07-31,883,28435.0,171,NQ,
2026-07-31,884,28432.5,140,NQ,
2026-07-31,885,28440.5,194,NQ,
2026-07-31,886,28426.5,222,NQ,
2026-07-31,887,28430.5,220,NQ,
2026-07-31,888,28439.25,208,NQ,
2026-07-31,889,28448.0,194,NQ,
2026-07-31,890,28458.0,344,NQ,
2026-07-31,891,28455.75,235,NQ,
2026-07-31,892,28450.75,193,NQ,
2026-07-31,893,28450.5,195,NQ,
2026-07-31,894,28446.0,190,NQ,
2026-07-31,895,28429.75,236,NQ,
2026-07-31,896,28430.25,185,NQ,
2026-07-31,897,28429.75,283,NQ,
2026-07-31,898,28432.0,215,NQ,
2026-07-31,899,28433.75,221,NQ,
2026-07-31,900,28449.0,278,NQ,
2026-07-31,901,28437.75,223,NQ,
2026-07-31,902,28434.0,184,NQ,
2026-07-31,903,28430.25,231,NQ,
2026-07-31,904,28420.5,195,NQ,
2026-07-31,905,28428.5,280,NQ,
2026-07-31,906,28415.0,205,NQ,
2026-07-31,907,28422.5,235,NQ,
2026-07-31,908,28425.75,232,NQ,
2026-07-31,909,28427.75,234,NQ,
2026-07-31,910,28432.25,234,NQ,
2026-07-31,911,28428.0,172,NQ,
2026-07-31,912,28439.5,277,NQ,
2026-07-31,913,28436.0,187,NQ,
2026-07-31,914,28433.0,169,NQ,
2026-07-31,915,28441.5,241,NQ,
2026-07-31,916,28436.75,240,NQ,
2026-07-31,917,28455.25,325,NQ,
2026-07-31,918,28471.5,420,NQ,
2026-07-31,919,28485.5,305,NQ,
2026-07-31,920,28486.75,339,NQ,
2026-07-31,921,28487.5,255,NQ,
2026-07-31,922,28488.25,235,NQ,
2026-07-31,923,28479.0,275,NQ,
2026-07-31,924,28470.0,292,NQ,
2026-07-31,925,28465.75,277,NQ,
2026-07-31,926,28472.5,259,NQ,
2026-07-31,927,28472.5,232,NQ,
2026-07-31,928,28473.75,217,NQ,
2026-07-31,929,28475.25,197,NQ,
2026-07-31,930,28453.25,319,NQ,
2026-07-31,931,28451.25,279,NQ,
2026-07-31,932,28454.5,217,NQ,
2026-07-31,933,28451.0,246,NQ,
2026-07-31,934,28459.75,296,NQ,
2026-07-31,935,28465.0,353,NQ,
2026-07-31,936,28470.75,218,NQ,
2026-07-31,937,28462.5,209,NQ,
2026-07-31,938,28459.5,237,NQ,
2026-07-31,939,28458.5,230,NQ,
2026-07-31,940,28448.25,338,NQ,
2026-07-31,941,28437.0,275,NQ,
2026-07-31,942,28450.25,219,NQ,
2026-07-31,943,28472.5,325,NQ,
2026-07-31,944,28476.75,297,NQ,
2026-07-31,945,28485.25,340,NQ,
2026-07-31,946,28498.5,281,NQ,
2026-07-31,947,28484.5,294,NQ,
2026-07-31,948,28486.75,284,NQ,
2026-07-31,949,28510.0,263,NQ,
2026-07-31,950,28491.0,548,NQ,
2026-07-31,951,28482.25,355,NQ,
2026-07-31,952,28500.5,263,NQ,
2026-07-31,953,28514.25,307,NQ,
2026-07-31,954,28507.5,456,NQ,
2026-07-31,955,28470.5,447,NQ,
2026-07-31,956,28474.25,325,NQ,
2026-07-31,957,28457.0,418,NQ,
2026-07-31,958,28458.75,429,NQ,
2026-07-31,959,28402.25,1695,NQ,
2026-08-03,570,28358.0,884,NQ,
2026-08-03,571,28349.25,594,NQ,
2026-08-03,572,28350.75,767,NQ,
2026-08-03,573,28355.75,506,NQ,
2026-08-03,574,28380.75,546,NQ,
2026-08-03,575,28449.25,637,NQ,
2026-08-03,576,28498.25,473,NQ,
2026-08-03,577,28489.75,716,NQ,
2026-08-03,578,28502.0,490,NQ,
2026-08-03,579,28502.25,461,NQ,
2026-08-03,580,28469.75,510,NQ,
2026-08-03,581,28468.25,472,NQ,
2026-08-03,582,28432.75,470,NQ,
2026-08-03,583,28440.5,384,NQ,
2026-08-03,584,28494.0,436,NQ,
2026-08-03,585,28491.25,513,NQ,
2026-08-03,586,28450.5,373,NQ,
2026-08-03,587,28495.5,324,NQ,
2026-08-03,588,28504.5,608,NQ,
2026-08-03,589,28473.5,365,NQ,
2026-08-03,590,28470.0,466,NQ,
2026-08-03,591,28504.75,442,NQ,
2026-08-03,592,28489.25,322,NQ,
2026-08-03,593,28522.0,427,NQ,
2026-08-03,594,28524.25,287,NQ,
2026-08-03,595,28556.5,379,NQ,
2026-08-03,596,28558.5,443,NQ,
2026-08-03,597,28580.5,409,NQ,
2026-08-03,598,28604.25,418,NQ,
2026-08-03,599,28623.5,496,NQ,
2026-08-03,600,28601.5,649,NQ,
2026-08-03,601,28581.25,478,NQ,
2026-08-03,602,28582.25,411,NQ,
2026-08-03,603,28567.5,404,NQ,
2026-08-03,604,28553.25,467,NQ,
2026-08-03,605,28572.75,321,NQ,
2026-08-03,606,28581.75,374,NQ,
2026-08-03,607,28553.0,335,NQ,
2026-08-03,608,28567.0,386,NQ,
2026-08-03,609,28571.0,362,NQ,
2026-08-03,610,28587.25,470,NQ,
2026-08-03,611,28600.5,452,NQ,
2026-08-03,612,28594.5,411,NQ,
2026-08-03,613,28590.5,391,NQ,
2026-08-03,614,28572.25,403,NQ,
2026-08-03,615,28577.5,370,NQ,
2026-08-03,616,28610.25,404,NQ,
2026-08-03,617,28613.25,376,NQ,
2026-08-03,618,28628.75,396,NQ,
2026-08-03,619,28614.0,309,NQ,
2026-08-03,620,28637.5,217,NQ,
2026-08-03,621,28639.25,154,NQ,
2026-08-03,622,28643.5,182,NQ,
2026-08-03,623,28655.75,99,NQ,
2026-08-03,624,28662.0,260,NQ,
2026-08-03,625,28664.5,468,NQ,
2026-08-03,626,28666.75,284,NQ,
2026-08-03,627,28654.5,371,NQ,
2026-08-03,628,28656.75,426,NQ,
2026-08-03,629,28678.5,309,NQ,
2026-08-03,630,28669.75,375,NQ,
2026-08-03,631,28678.5,122,NQ,
2026-08-03,632,28677.25,199,NQ,
2026-08-03,633,28682.75,245,NQ,
2026-08-03,634,28684.75,324,NQ,
2026-08-03,635,28697.5,298,NQ,
2026-08-03,636,28707.25,490,NQ,
2026-08-03,637,28711.0,333,NQ,
2026-08-03,638,28708.75,337,NQ,
2026-08-03,639,28716.0,354,NQ,
2026-08-03,640,28725.5,329,NQ,
2026-08-03,641,28721.5,362,NQ,
2026-08-03,642,28718.25,387,NQ,
2026-08-03,643,28715.0,283,NQ,
2026-08-03,644,28706.5,276,NQ,
2026-08-03,645,28701.75,324,NQ,
2026-08-03,646,28728.0,321,NQ,
2026-08-03,647,28726.75,348,NQ,
2026-08-03,648,28731.0,376,NQ,
2026-08-03,649,28738.75,347,NQ,
2026-08-03,650,28750.25,461,NQ,
2026-08-03,651,28776.0,464,NQ,
2026-08-03,652,28781.0,379,NQ,
2026-08-03,653,28795.0,584,NQ,
2026-08-03,654,28779.5,385,NQ,
2026-08-03,655,28792.0,456,NQ,
2026-08-03,656,28787.25,300,NQ,
2026-08-03,657,28790.25,368,NQ,
2026-08-03,658,28795.5,325,NQ,
2026-08-03,659,28801.5,317,NQ,
2026-08-03,660,28792.75,327,NQ,
2026-08-03,661,28796.0,270,NQ,
2026-08-03,662,28791.0,241,NQ,
2026-08-03,663,28790.5,305,NQ,
2026-08-03,664,28791.25,285,NQ,
2026-08-03,665,28778.0,290,NQ,
2026-08-03,666,28777.0,357,NQ,
2026-08-03,667,28786.25,313,NQ,
2026-08-03,668,28778.0,312,NQ,
2026-08-03,669,28766.75,248,NQ,
2026-08-03,670,28764.5,306,NQ,
2026-08-03,671,28765.0,264,NQ,
2026-08-03,672,28767.5,344,NQ,
2026-08-03,673,28770.5,281,NQ,
2026-08-03,674,28757.75,244,NQ,
2026-08-03,675,28774.5,240,NQ,
2026-08-03,676,28782.75,293,NQ,
2026-08-03,677,28776.25,411,NQ,
2026-08-03,678,28777.75,237,NQ,
2026-08-03,679,28780.5,293,NQ,
2026-08-03,680,28797.0,387,NQ,
2026-08-03,681,28787.25,245,NQ,
2026-08-03,682,28792.75,293,NQ,
2026-08-03,683,28792.0,214,NQ,
2026-08-03,684,28781.25,189,NQ,
2026-08-03,685,28769.0,370,NQ,
2026-08-03,686,28760.75,406,NQ,
2026-08-03,687,28759.0,345,NQ,
2026-08-03,688,28737.75,350,NQ,
2026-08-03,689,28733.5,339,NQ,
2026-08-03,690,28750.0,406,NQ,
2026-08-03,691,28761.75,346,NQ,
2026-08-03,692,28757.75,304,NQ,
2026-08-03,693,28774.0,304,NQ,
2026-08-03,694,28764.5,309,NQ,
2026-08-03,695,28775.75,259,NQ,
2026-08-03,696,28764.25,212,NQ,
2026-08-03,697,28755.0,265,NQ,
2026-08-03,698,28756.25,240,NQ,
2026-08-03,699,28767.0,361,NQ,
2026-08-03,700,28780.0,358,NQ,
2026-08-03,701,28775.25,320,NQ,
2026-08-03,702,28782.75,290,NQ,
2026-08-03,703,28782.0,336,NQ,
2026-08-03,704,28782.5,216,NQ,
2026-08-03,705,28786.25,286,NQ,
2026-08-03,706,28786.25,345,NQ,
2026-08-03,707,28784.5,247,NQ,
2026-08-03,708,28780.0,237,NQ,
2026-08-03,709,28785.0,272,NQ,
2026-08-03,710,28787.75,291,NQ,
2026-08-03,711,28787.0,237,NQ,
2026-08-03,712,28790.5,271,NQ,
2026-08-03,713,28807.25,468,NQ,
2026-08-03,714,28805.0,288,NQ,
2026-08-03,715,28799.75,284,NQ,
2026-08-03,716,28791.0,240,NQ,
2026-08-03,717,28785.25,241,NQ,
2026-08-03,718,28788.75,288,NQ,
2026-08-03,719,28792.75,277,NQ,
2026-08-03,720,28800.0,348,NQ,
2026-08-03,721,28802.25,284,NQ,
2026-08-03,722,28803.75,279,NQ,
2026-08-03,723,28808.5,223,NQ,
2026-08-03,724,28806.5,378,NQ,
2026-08-03,725,28817.75,345,NQ,
2026-08-03,726,28815.0,317,NQ,
2026-08-03,727,28809.25,266,NQ,
2026-08-03,728,28802.75,261,NQ,
2026-08-03,729,28812.5,258,NQ,
2026-08-03,730,28810.0,226,NQ,
2026-08-03,731,28805.75,205,NQ,
2026-08-03,732,28809.5,251,NQ,
2026-08-03,733,28809.0,285,NQ,
2026-08-03,734,28815.5,245,NQ,
2026-08-03,735,28817.25,263,NQ,
2026-08-03,736,28825.5,319,NQ,
2026-08-03,737,28836.5,340,NQ,
2026-08-03,738,28843.25,291,NQ,
2026-08-03,739,28844.75,231,NQ,
2026-08-03,740,28832.25,285,NQ,
2026-08-03,741,28835.25,303,NQ,
2026-08-03,742,28840.5,213,NQ,
2026-08-03,743,28835.25,277,NQ,
2026-08-03,744,28833.5,313,NQ,
2026-08-03,745,28836.75,252,NQ,
2026-08-03,746,28830.0,259,NQ,
2026-08-03,747,28835.25,254,NQ,
2026-08-03,748,28835.25,188,NQ,
2026-08-03,749,28836.5,244,NQ,
2026-08-03,750,28841.0,197,NQ,
2026-08-03,751,28839.75,274,NQ,
2026-08-03,752,28835.0,338,NQ,
2026-08-03,753,28835.75,190,NQ,
2026-08-03,754,28835.0,167,NQ,
2026-08-03,755,28835.5,254,NQ,
2026-08-03,756,28828.0,258,NQ,
2026-08-03,757,28823.0,187,NQ,
2026-08-03,758,28826.25,314,NQ,
2026-08-03,759,28822.5,210,NQ,
2026-08-03,760,28826.25,276,NQ,
2026-08-03,761,28823.75,215,NQ,
2026-08-03,762,28815.75,220,NQ,
2026-08-03,763,28827.75,318,NQ,
2026-08-03,764,28833.75,201,NQ,
2026-08-03,765,28833.0,306,NQ,
2026-08-03,766,28838.0,288,NQ,
2026-08-03,767,28833.0,238,NQ,
2026-08-03,768,28833.75,153,NQ,
2026-08-03,769,28832.75,182,NQ,
2026-08-03,770,28841.5,157,NQ,
2026-08-03,771,28830.5,233,NQ,
2026-08-03,772,28823.0,241,NQ,
2026-08-03,773,28830.25,204,NQ,
2026-08-03,774,28822.75,192,NQ,
2026-08-03,775,28823.0,205,NQ,
2026-08-03,776,28827.5,164,NQ,
2026-08-03,777,28832.0,176,NQ,
2026-08-03,778,28826.5,189,NQ,
2026-08-03,779,28822.5,201,NQ,
2026-08-03,780,28815.75,266,NQ,
2026-08-03,781,28822.0,222,NQ,
2026-08-03,782,28827.25,260,NQ,
2026-08-03,783,28822.5,184,NQ,
2026-08-03,784,28827.75,185,NQ,
2026-08-03,785,28829.5,294,NQ,
2026-08-03,786,28830.75,188,NQ,
2026-08-03,787,28828.25,187,NQ,
2026-08-03,788,28829.0,162,NQ,
2026-08-03,789,28837.25,242,NQ,
2026-08-03,790,28852.0,422,NQ,
2026-08-03,791,28857.5,324,NQ,
2026-08-03,792,28858.0,219,NQ,
2026-08-03,793,28860.5,210,NQ,
2026-08-03,794,28857.5,180,NQ,
2026-08-03,795,28857.75,250,NQ,
2026-08-03,796,28858.25,249,NQ,
2026-08-03,797,28861.25,206,NQ,
2026-08-03,798,28869.0,249,NQ,
2026-08-03,799,28870.5,249,NQ,
2026-08-03,800,28861.0,285,NQ,
2026-08-03,801,28866.5,227,NQ,
2026-08-03,802,28874.5,312,NQ,
2026-08-03,803,28878.5,367,NQ,
2026-08-03,804,28878.75,296,NQ,
2026-08-03,805,28874.0,226,NQ,
2026-08-03,806,28881.5,197,NQ,
2026-08-03,807,28881.0,339,NQ,
2026-08-03,808,28881.0,264,NQ,
2026-08-03,809,28885.75,204,NQ,
2026-08-03,810,28886.75,352,NQ,
2026-08-03,811,28881.25,229,NQ,
2026-08-03,812,28880.0,240,NQ,
2026-08-03,813,28886.0,234,NQ,
2026-08-03,814,28891.5,268,NQ,
2026-08-03,815,28891.25,292,NQ,
2026-08-03,816,28887.0,202,NQ,
2026-08-03,817,28885.5,213,NQ,
2026-08-03,818,28885.25,172,NQ,
2026-08-03,819,28878.75,205,NQ,
2026-08-03,820,28881.5,244,NQ,
2026-08-03,821,28883.5,200,NQ,
2026-08-03,822,28884.25,210,NQ,
2026-08-03,823,28881.5,190,NQ,
2026-08-03,824,28886.0,256,NQ,
2026-08-03,825,28889.25,253,NQ,
2026-08-03,826,28890.75,195,NQ,
2026-08-03,827,28890.0,288,NQ,
2026-08-03,828,28894.0,299,NQ,
2026-08-03,829,28891.75,207,NQ,
2026-08-03,830,28891.5,295,NQ,
2026-08-03,831,28893.0,190,NQ,
2026-08-03,832,28894.75,228,NQ,
2026-08-03,833,28896.5,192,NQ,
2026-08-03,834,28899.25,219,NQ,
2026-08-03,835,28910.25,379,NQ,
2026-08-03,836,28911.25,295,NQ,
2026-08-03,837,28918.0,259,NQ,
2026-08-03,838,28917.0,273,NQ,
2026-08-03,839,28917.5,218,NQ,
2026-08-03,840,28924.5,422,NQ,
2026-08-03,841,28925.25,293,NQ,
2026-08-03,842,28932.25,310,NQ,
2026-08-03,843,28936.25,372,NQ,
2026-08-03,844,28945.5,358,NQ,
2026-08-03,845,28955.0,284,NQ,
2026-08-03,846,28953.75,336,NQ,
2026-08-03,847,28949.25,255,NQ,
2026-08-03,848,28955.5,287,NQ,
2026-08-03,849,28954.25,250,NQ,
2026-08-03,850,28961.75,304,NQ,
2026-08-03,851,28944.5,343,NQ,
2026-08-03,852,28944.0,350,NQ,
2026-08-03,853,28941.25,283,NQ,
2026-08-03,854,28940.0,270,NQ,
2026-08-03,855,28950.75,258,NQ,
2026-08-03,856,28954.25,252,NQ,
2026-08-03,857,28945.25,286,NQ,
2026-08-03,858,28936.0,305,NQ,
2026-08-03,859,28928.75,298,NQ,
2026-08-03,860,28926.5,382,NQ,
2026-08-03,861,28927.0,267,NQ,
2026-08-03,862,28932.75,229,NQ,
2026-08-03,863,28934.0,194,NQ,
2026-08-03,864,28921.5,251,NQ,
2026-08-03,865,28917.5,188,NQ,
2026-08-03,866,28909.25,264,NQ,
2026-08-03,867,28903.25,282,NQ,
2026-08-03,868,28893.25,239,NQ,
2026-08-03,869,28892.0,308,NQ,
2026-08-03,870,28891.0,288,NQ,
2026-08-03,871,28896.75,314,NQ,
2026-08-03,872,28900.0,208,NQ,
2026-08-03,873,28890.25,272,NQ,
2026-08-03,874,28891.75,250,NQ,
2026-08-03,875,28895.5,208,NQ,
2026-08-03,876,28889.5,231,NQ,
2026-08-03,877,28891.5,185,NQ,
2026-08-03,878,28898.0,251,NQ,
2026-08-03,879,28889.75,327,NQ,
2026-08-03,880,28893.25,221,NQ,
2026-08-03,881,28901.5,199,NQ,
2026-08-03,882,28898.75,294,NQ,
2026-08-03,883,28905.0,193,NQ,
2026-08-03,884,28913.25,244,NQ,
2026-08-03,885,28907.5,437,NQ,
2026-08-03,886,28908.5,306,NQ,
2026-08-03,887,28901.75,155,NQ,
2026-08-03,888,28914.25,191,NQ,
2026-08-03,889,28921.5,242,NQ,
2026-08-03,890,28913.25,276,NQ,
2026-08-03,891,28915.75,220,NQ,
2026-08-03,892,28915.5,246,NQ,
2026-08-03,893,28921.5,246,NQ,
2026-08-03,894,28915.0,212,NQ,
2026-08-03,895,28913.25,212,NQ,
2026-08-03,896,28907.5,220,NQ,
2026-08-03,897,28911.5,223,NQ,
2026-08-03,898,28915.25,218,NQ,
2026-08-03,899,28907.25,215,NQ,
2026-08-03,900,28925.0,372,NQ,
2026-08-03,901,28937.75,425,NQ,
2026-08-03,902,28937.25,254,NQ,
2026-08-03,903,28937.5,251,NQ,
2026-08-03,904,28934.0,177,NQ,
2026-08-03,905,28921.0,335,NQ,
2026-08-03,906,28926.25,265,NQ,
2026-08-03,907,28917.75,205,NQ,
2026-08-03,908,28915.5,285,NQ,
2026-08-03,909,28909.0,218,NQ,
2026-08-03,910,28909.25,256,NQ,
2026-08-03,911,28917.5,211,NQ,
2026-08-03,912,28914.75,205,NQ,
2026-08-03,913,28900.75,244,NQ,
2026-08-03,914,28900.25,278,NQ,
2026-08-03,915,28909.25,251,NQ,
2026-08-03,916,28907.25,233,NQ,
2026-08-03,917,28915.0,204,NQ,
2026-08-03,918,28915.5,245,NQ,
2026-08-03,919,28923.25,218,NQ,
2026-08-03,920,28913.25,364,NQ,
2026-08-03,921,28918.75,233,NQ,
2026-08-03,922,28920.25,255,NQ,
2026-08-03,923,28917.75,224,NQ,
2026-08-03,924,28916.5,176,NQ,
2026-08-03,925,28913.5,290,NQ,
2026-08-03,926,28914.25,272,NQ,
2026-08-03,927,28922.0,194,NQ,
2026-08-03,928,28909.75,313,NQ,
2026-08-03,929,28912.25,299,NQ,
2026-08-03,930,28916.0,317,NQ,
2026-08-03,931,28915.0,255,NQ,
2026-08-03,932,28909.25,254,NQ,
2026-08-03,933,28904.0,276,NQ,
2026-08-03,934,28911.75,206,NQ,
2026-08-03,935,28916.0,223,NQ,
2026-08-03,936,28907.5,369,NQ,
2026-08-03,937,28910.0,271,NQ,
2026-08-03,938,28906.75,274,NQ,
2026-08-03,939,28904.75,203,NQ,
2026-08-03,940,28909.75,272,NQ,
2026-08-03,941,28902.5,259,NQ,
2026-08-03,942,28906.75,240,NQ,
2026-08-03,943,28905.75,238,NQ,
2026-08-03,944,28914.75,260,NQ,
2026-08-03,945,28913.5,319,NQ,
2026-08-03,946,28906.25,203,NQ,
2026-08-03,947,28911.25,219,NQ,
2026-08-03,948,28914.75,304,NQ,
2026-08-03,949,28914.75,278,NQ,
2026-08-03,950,28921.75,898,NQ,
2026-08-03,951,28927.25,316,NQ,
2026-08-03,952,28928.0,369,NQ,
2026-08-03,953,28910.0,385,NQ,
2026-08-03,954,28900.25,429,NQ,
2026-08-03,955,28881.5,736,NQ,
2026-08-03,956,28883.25,435,NQ,
2026-08-03,957,28888.25,443,NQ,
2026-08-03,958,28896.25,571,NQ,
2026-08-03,959,28901.0,1709,NQ,
2026-08-04,570,29302.75,1106,NQ,
2026-08-04,571,29313.75,540,NQ,
2026-08-04,572,29336.25,643,NQ,
2026-08-04,573,29368.5,460,NQ,
2026-08-04,574,29382.75,490,NQ,
2026-08-04,575,29402.75,627,NQ,
2026-08-04,576,29385.5,497,NQ,
2026-08-04,577,29376.75,561,NQ,
2026-08-04,578,29361.75,562,NQ,
2026-08-04,579,29392.25,384,NQ,
2026-08-04,580,29398.5,642,NQ,
2026-08-04,581,29427.75,490,NQ,
2026-08-04,582,29445.5,556,NQ,
2026-08-04,583,29431.5,222,NQ,
2026-08-04,584,29411.5,347,NQ,
2026-08-04,585,29452.25,498,NQ,
2026-08-04,586,29443.5,125,NQ,
2026-08-04,587,29434.5,154,NQ,
2026-08-04,588,29448.25,236,NQ,
2026-08-04,589,29458.5,329,NQ,
2026-08-04,590,29484.75,691,NQ,
2026-08-04,591,29485.75,364,NQ,
2026-08-04,592,29492.0,435,NQ,
2026-08-04,593,29490.5,367,NQ,
2026-08-04,594,29500.5,365,NQ,
2026-08-04,595,29465.25,402,NQ,
2026-08-04,596,29436.25,450,NQ,
2026-08-04,597,29446.0,482,NQ,
2026-08-04,598,29460.75,325,NQ,
2026-08-04,599,29466.0,333,NQ,
2026-08-04,600,29456.5,347,NQ,
2026-08-04,601,29468.0,221,NQ,
2026-08-04,602,29483.25,547,NQ,
2026-08-04,603,29487.75,365,NQ,
2026-08-04,604,29486.75,396,NQ,
2026-08-04,605,29515.0,461,NQ,
2026-08-04,606,29514.0,349,NQ,
2026-08-04,607,29521.75,349,NQ,
2026-08-04,608,29529.75,354,NQ,
2026-08-04,609,29518.5,412,NQ,
2026-08-04,610,29521.0,325,NQ,
2026-08-04,611,29530.75,384,NQ,
2026-08-04,612,29536.0,348,NQ,
2026-08-04,613,29527.75,306,NQ,
2026-08-04,614,29541.0,342,NQ,
2026-08-04,615,29536.5,576,NQ,
2026-08-04,616,29523.5,398,NQ,
2026-08-04,617,29530.75,357,NQ,
2026-08-04,618,29519.0,398,NQ,
2026-08-04,619,29523.5,193,NQ,
2026-08-04,620,29503.25,438,NQ,
2026-08-04,621,29506.25,266,NQ,
2026-08-04,622,29507.0,360,NQ,
2026-08-04,623,29515.5,379,NQ,
2026-08-04,624,29502.25,303,NQ,
2026-08-04,625,29536.0,337,NQ,
2026-08-04,626,29535.75,377,NQ,
2026-08-04,627,29548.75,387,NQ,
2026-08-04,628,29553.75,471,NQ,
2026-08-04,629,29559.25,448,NQ,
2026-08-04,630,29528.0,517,NQ,
2026-08-04,631,29538.75,416,NQ,
2026-08-04,632,29557.25,349,NQ,
2026-08-04,633,29556.0,335,NQ,
2026-08-04,634,29543.75,271,NQ,
2026-08-04,635,29550.25,328,NQ,
2026-08-04,636,29533.25,298,NQ,
2026-08-04,637,29547.25,228,NQ,
2026-08-04,638,29533.5,263,NQ,
2026-08-04,639,29527.25,193,NQ,
2026-08-04,640,29527.75,133,NQ,
2026-08-04,641,29533.0,186,NQ,
2026-08-04,642,29543.75,301,NQ,
2026-08-04,643,29546.0,394,NQ,
2026-08-04,644,29558.0,400,NQ,
2026-08-04,645,29548.25,327,NQ,
2026-08-04,646,29551.0,114,NQ,
2026-08-04,647,29557.0,162,NQ,
2026-08-04,648,29551.5,256,NQ,
2026-08-04,649,29545.75,241,NQ,
2026-08-04,650,29540.0,252,NQ,
2026-08-04,651,29533.5,315,NQ,
2026-08-04,652,29546.75,279,NQ,
2026-08-04,653,29539.75,252,NQ,
2026-08-04,654,29545.25,275,NQ,
2026-08-04,655,29531.75,288,NQ,
2026-08-04,656,29528.5,336,NQ,
2026-08-04,657,29524.75,362,NQ,
2026-08-04,658,29532.25,293,NQ,
2026-08-04,659,29548.75,372,NQ,
2026-08-04,660,29547.75,342,NQ,
2026-08-04,661,29564.5,344,NQ,
2026-08-04,662,29578.0,374,NQ,
2026-08-04,663,29581.0,450,NQ,
2026-08-04,664,29585.0,267,NQ,
2026-08-04,665,29573.75,286,NQ,
2026-08-04,666,29578.5,279,NQ,
2026-08-04,667,29581.0,262,NQ,
2026-08-04,668,29582.0,293,NQ,
2026-08-04,669,29594.0,350,NQ,
2026-08-04,670,29593.75,290,NQ,
2026-08-04,671,29598.5,303,NQ,
2026-08-04,672,29612.75,395,NQ,
2026-08-04,673,29622.0,385,NQ,
2026-08-04,674,29618.75,362,NQ,
2026-08-04,675,29623.5,491,NQ,
2026-08-04,676,29622.75,408,NQ,
2026-08-04,677,29621.5,271,NQ,
2026-08-04,678,29626.0,267,NQ,
2026-08-04,679,29632.75,427,NQ,
2026-08-04,680,29641.75,390,NQ,
2026-08-04,681,29649.25,382,NQ,
2026-08-04,682,29648.0,362,NQ,
2026-08-04,683,29657.75,319,NQ,
2026-08-04,684,29659.0,347,NQ,
2026-08-04,685,29655.25,418,NQ,
2026-08-04,686,29653.75,295,NQ,
2026-08-04,687,29638.25,395,NQ,
2026-08-04,688,29642.0,301,NQ,
2026-08-04,689,29639.75,183,NQ,
2026-08-04,690,29636.75,293,NQ,
2026-08-04,691,29644.75,234,NQ,
2026-08-04,692,29636.75,240,NQ,
2026-08-04,693,29628.5,234,NQ,
2026-08-04,694,29629.0,286,NQ,
2026-08-04,695,29641.25,357,NQ,
2026-08-04,696,29640.5,260,NQ,
2026-08-04,697,29645.0,286,NQ,
2026-08-04,698,29671.75,546,NQ,
2026-08-04,699,29668.25,441,NQ,
2026-08-04,700,29664.75,323,NQ,
2026-08-04,701,29665.75,267,NQ,
2026-08-04,702,29669.5,279,NQ,
2026-08-04,703,29671.75,165,NQ,
2026-08-04,704,29677.0,316,NQ,
2026-08-04,705,29684.25,293,NQ,
2026-08-04,706,29684.5,383,NQ,
2026-08-04,707,29687.0,361,NQ,
2026-08-04,708,29687.5,305,NQ,
2026-08-04,709,29683.75,158,NQ,
2026-08-04,710,29687.0,114,NQ,
2026-08-04,711,29687.75,215,NQ,
2026-08-04,712,29693.75,155,NQ,
2026-08-04,713,29681.75,349,NQ,
2026-08-04,714,29676.25,296,NQ,
2026-08-04,715,29677.75,131,NQ,
2026-08-04,716,29676.5,59,NQ,
2026-08-04,717,29675.25,145,NQ,
2026-08-04,718,29676.75,77,NQ,
2026-08-04,719,29671.0,146,NQ,
2026-08-04,720,29694.5,244,NQ,
2026-08-04,721,29690.0,215,NQ,
2026-08-04,722,29689.5,124,NQ,
2026-08-04,723,29687.25,191,NQ,
2026-08-04,724,29687.5,212,NQ,
2026-08-04,725,29692.25,290,NQ,
2026-08-04,726,29682.5,277,NQ,
2026-08-04,727,29682.5,227,NQ,
2026-08-04,728,29679.5,267,NQ,
2026-08-04,729,29676.0,251,NQ,
2026-08-04,730,29675.5,264,NQ,
2026-08-04,731,29664.5,260,NQ,
2026-08-04,732,29674.0,256,NQ,
2026-08-04,733,29680.75,257,NQ,
2026-08-04,734,29674.5,160,NQ,
2026-08-04,735,29683.0,219,NQ,
2026-08-04,736,29685.75,292,NQ,
2026-08-04,737,29685.75,163,NQ,
2026-08-04,738,29695.25,243,NQ,
2026-08-04,739,29704.5,264,NQ,
2026-08-04,740,29709.5,221,NQ,
2026-08-04,741,29713.75,253,NQ,
2026-08-04,742,29712.5,214,NQ,
2026-08-04,743,29712.25,251,NQ,
2026-08-04,744,29716.0,249,NQ,
2026-08-04,745,29712.75,315,NQ,
2026-08-04,746,29714.5,218,NQ,
2026-08-04,747,29713.0,222,NQ,
2026-08-04,748,29711.0,170,NQ,
2026-08-04,749,29706.25,265,NQ,
2026-08-04,750,29709.0,293,NQ,
2026-08-04,751,29715.5,281,NQ,
2026-08-04,752,29717.25,340,NQ,
2026-08-04,753,29723.5,232,NQ,
2026-08-04,754,29721.25,275,NQ,
2026-08-04,755,29723.75,311,NQ,
2026-08-04,756,29728.0,238,NQ,
2026-08-04,757,29726.0,346,NQ,
2026-08-04,758,29715.75,290,NQ,
2026-08-04,759,29715.0,269,NQ,
2026-08-04,760,29709.0,272,NQ,
2026-08-04,761,29706.75,292,NQ,
2026-08-04,762,29712.5,288,NQ,
2026-08-04,763,29715.25,287,NQ,
2026-08-04,764,29726.5,399,NQ,
2026-08-04,765,29732.75,283,NQ,
2026-08-04,766,29734.75,303,NQ,
2026-08-04,767,29737.75,245,NQ,
2026-08-04,768,29734.5,296,NQ,
2026-08-04,769,29743.0,244,NQ,
2026-08-04,770,29737.75,249,NQ,
2026-08-04,771,29741.25,248,NQ,
2026-08-04,772,29740.25,253,NQ,
2026-08-04,773,29742.75,211,NQ,
2026-08-04,774,29736.5,283,NQ,
2026-08-04,775,29733.75,261,NQ,
2026-08-04,776,29740.5,217,NQ,
2026-08-04,777,29741.0,242,NQ,
2026-08-04,778,29739.25,158,NQ,
2026-08-04,779,29742.75,150,NQ,
2026-08-04,780,29761.75,473,NQ,
2026-08-04,781,29766.5,462,NQ,
2026-08-04,782,29762.5,268,NQ,
2026-08-04,783,29771.0,256,NQ,
2026-08-04,784,29781.0,350,NQ,
2026-08-04,785,29775.0,387,NQ,
2026-08-04,786,29779.75,295,NQ,
2026-08-04,787,29793.5,227,NQ,
2026-08-04,788,29792.0,259,NQ,
2026-08-04,789,29785.5,240,NQ,
2026-08-04,790,29786.0,253,NQ,
2026-08-04,791,29792.5,226,NQ,
2026-08-04,792,29797.5,278,NQ,
2026-08-04,793,29791.0,348,NQ,
2026-08-04,794,29797.25,222,NQ,
2026-08-04,795,29798.75,302,NQ,
2026-08-04,796,29788.5,314,NQ,
2026-08-04,797,29797.0,287,NQ,
2026-08-04,798,29792.25,259,NQ,
2026-08-04,799,29789.5,269,NQ,
2026-08-04,800,29783.25,236,NQ,
2026-08-04,801,29787.25,265,NQ,
2026-08-04,802,29788.5,217,NQ,
2026-08-04,803,29800.5,271,NQ,
2026-08-04,804,29802.75,370,NQ,
2026-08-04,805,29807.25,296,NQ,
2026-08-04,806,29817.75,362,NQ,
2026-08-04,807,29823.0,248,NQ,
2026-08-04,808,29817.0,213,NQ,
2026-08-04,809,29819.0,208,NQ,
2026-08-04,810,29814.25,335,NQ,
2026-08-04,811,29808.75,251,NQ,
2026-08-04,812,29820.75,217,NQ,
2026-08-04,813,29813.75,194,NQ,
2026-08-04,814,29819.25,212,NQ,
2026-08-04,815,29818.75,90,NQ,
2026-08-04,816,29824.5,36,NQ,
2026-08-04,817,29835.75,45,NQ,
2026-08-04,818,29844.75,112,NQ,
2026-08-04,819,29846.25,134,NQ,
2026-08-04,820,29850.75,128,NQ,
2026-08-04,821,29854.5,101,NQ,
2026-08-04,822,29859.5,197,NQ,
2026-08-04,823,29857.75,262,NQ,
2026-08-04,824,29865.0,270,NQ,
2026-08-04,825,29880.25,280,NQ,
2026-08-04,826,29884.5,6,NQ,
2026-08-04,827,29882.75,216,NQ,
2026-08-04,829,29880.5,186,NQ,
2026-08-04,830,29857.25,149,NQ,
2026-08-04,831,29846.75,253,NQ,
2026-08-04,832,29848.0,269,NQ,
2026-08-04,833,29857.25,195,NQ,
2026-08-04,834,29846.25,241,NQ,
2026-08-04,835,29850.5,329,NQ,
2026-08-04,836,29851.0,237,NQ,
2026-08-04,837,29860.0,231,NQ,
2026-08-04,838,29853.0,254,NQ,
2026-08-04,839,29835.75,284,NQ,
2026-08-04,840,29820.25,227,NQ,
2026-08-04,841,29829.75,207,NQ,
2026-08-04,842,29841.75,357,NQ,
2026-08-04,843,29848.0,203,NQ,
2026-08-04,844,29818.25,194,NQ,
2026-08-04,845,29829.0,294,NQ,
2026-08-04,846,29822.0,161,NQ,
2026-08-04,847,29834.75,159,NQ,
2026-08-04,848,29834.75,189,NQ,
2026-08-04,849,29838.5,250,NQ,
2026-08-04,850,29836.0,250,NQ,
2026-08-04,851,29829.5,244,NQ,
2026-08-04,852,29836.75,179,NQ,
2026-08-04,853,29847.25,325,NQ,
2026-08-04,854,29859.0,248,NQ,
2026-08-04,855,29863.5,276,NQ,
2026-08-04,856,29860.0,225,NQ,
2026-08-04,857,29858.5,199,NQ,
2026-08-04,858,29869.5,208,NQ,
2026-08-04,859,29868.75,264,NQ,
2026-08-04,860,29872.5,256,NQ,
2026-08-04,861,29863.75,290,NQ,
2026-08-04,862,29871.5,264,NQ,
2026-08-04,863,29873.75,179,NQ,
2026-08-04,864,29869.5,167,NQ,
2026-08-04,865,29868.75,211,NQ,
2026-08-04,866,29867.0,237,NQ,
2026-08-04,867,29861.25,33,NQ,
2026-08-04,868,29871.0,26,NQ,
2026-08-04,869,29877.0,55,NQ,
2026-08-04,871,29882.5,70,NQ,
2026-08-04,872,29885.0,124,NQ,
2026-08-04,873,29879.75,87,NQ,
2026-08-04,874,29873.0,248,NQ,
2026-08-04,875,29872.25,208,NQ,
2026-08-04,876,29874.25,182,NQ,
2026-08-04,877,29861.0,322,NQ,
2026-08-04,878,29857.0,266,NQ,
2026-08-04,879,29859.0,213,NQ,
2026-08-04,880,29847.5,329,NQ,
2026-08-04,881,29861.25,248,NQ,
2026-08-04,882,29846.0,214,NQ,
2026-08-04,883,29850.25,241,NQ,
2026-08-04,884,29853.75,274,NQ,
2026-08-04,885,29869.25,331,NQ,
2026-08-04,886,29880.5,246,NQ,
2026-08-04,887,29885.5,219,NQ,
2026-08-04,888,29889.25,265,NQ,
2026-08-04,889,29882.5,232,NQ,
2026-08-04,890,29892.5,211,NQ,
2026-08-04,891,29888.25,239,NQ,
2026-08-04,892,29885.75,179,NQ,
2026-08-04,893,29882.0,215,NQ,
2026-08-04,894,29880.75,235,NQ,
2026-08-04,895,29879.75,216,NQ,
2026-08-04,896,29879.75,149,NQ,
2026-08-04,897,29879.0,195,NQ,
2026-08-04,898,29882.75,225,NQ,
2026-08-04,899,29881.25,196,NQ,
2026-08-04,900,29900.25,185,NQ,
2026-08-04,901,29917.0,286,NQ,
2026-08-04,902,29922.25,130,NQ,
2026-08-04,903,29925.0,84,NQ,
2026-08-04,904,29913.5,305,NQ,
2026-08-04,905,29908.25,199,NQ,
2026-08-04,906,29915.75,206,NQ,
2026-08-04,907,29918.5,170,NQ,
2026-08-04,908,29916.25,186,NQ,
2026-08-04,909,29927.5,177,NQ,
2026-08-04,910,29926.75,274,NQ,
2026-08-04,911,29932.5,141,NQ,
2026-08-04,912,29925.75,268,NQ,
2026-08-04,913,29929.75,233,NQ,
2026-08-04,914,29926.5,236,NQ,
2026-08-04,915,29927.0,241,NQ,
2026-08-04,916,29942.5,367,NQ,
2026-08-04,917,29941.0,212,NQ,
2026-08-04,918,29934.75,230,NQ,
2026-08-04,919,29940.5,213,NQ,
2026-08-04,920,29939.75,221,NQ,
2026-08-04,921,29931.5,282,NQ,
2026-08-04,922,29925.0,187,NQ,
2026-08-04,923,29925.0,270,NQ,
2026-08-04,924,29922.5,248,NQ,
2026-08-04,925,29912.25,360,NQ,
2026-08-04,926,29908.75,290,NQ,
2026-08-04,927,29905.0,218,NQ,
2026-08-04,928,29894.0,199,NQ,
2026-08-04,929,29900.5,209,NQ,
2026-08-04,930,29901.25,184,NQ,
2026-08-04,931,29914.25,312,NQ,
2026-08-04,932,29910.0,247,NQ,
2026-08-04,933,29909.75,210,NQ,
2026-08-04,934,29911.5,240,NQ,
2026-08-04,935,29912.75,195,NQ,
2026-08-04,936,29913.5,209,NQ,
2026-08-04,937,29926.25,61,NQ,
2026-08-04,938,29926.25,59,NQ,
2026-08-04,939,29921.75,84,NQ,
2026-08-04,940,29925.75,51,NQ,
2026-08-04,941,29930.5,79,NQ,
2026-08-04,942,29940.75,202,NQ,
2026-08-04,943,29941.0,264,NQ,
2026-08-04,944,29949.25,352,NQ,
2026-08-04,945,29948.5,366,NQ,
2026-08-04,946,29942.25,362,NQ,
2026-08-04,947,29929.5,311,NQ,
2026-08-04,948,29929.5,359,NQ,
2026-08-04,949,29921.5,320,NQ,
2026-08-04,950,29907.5,561,NQ,
2026-08-04,951,29895.75,406,NQ,
2026-08-04,952,29900.0,433,NQ,
2026-08-04,953,29892.25,437,NQ,
2026-08-04,954,29871.0,601,NQ,
2026-08-04,955,29870.0,973,NQ,
2026-08-04,956,29856.0,551,NQ,
2026-08-04,957,29857.25,422,NQ,
2026-08-04,958,29876.0,500,NQ,
2026-08-04,959,29872.5,1856,NQ,
2026-08-05,570,29965.0,1250,NQ,
2026-08-05,571,29984.5,516,NQ,
2026-08-05,572,29956.0,525,NQ,
2026-08-05,573,29995.0,535,NQ,
2026-08-05,574,30013.0,444,NQ,
2026-08-05,575,30008.25,459,NQ,
2026-08-05,576,29929.75,645,NQ,
2026-08-05,577,29939.25,432,NQ,
2026-08-05,578,29974.75,522,NQ,
2026-08-05,579,30005.5,491,NQ,
2026-08-05,580,30003.25,570,NQ,
2026-08-05,581,30017.0,418,NQ,
2026-08-05,582,30032.5,360,NQ,
2026-08-05,583,30052.75,364,NQ,
2026-08-05,584,30052.0,375,NQ,
2026-08-05,585,30028.75,530,NQ,
2026-08-05,586,30032.5,433,NQ,
2026-08-05,587,30044.0,322,NQ,
2026-08-05,588,30057.25,388,NQ,
2026-08-05,589,30055.25,298,NQ,
2026-08-05,590,30013.75,472,NQ,
2026-08-05,591,30010.5,396,NQ,
2026-08-05,592,29999.75,385,NQ,
2026-08-05,593,30015.5,430,NQ,
2026-08-05,594,30027.0,493,NQ,
2026-08-05,595,29997.0,359,NQ,
2026-08-05,596,29994.75,446,NQ,
2026-08-05,597,30021.25,314,NQ,
2026-08-05,598,30053.0,526,NQ,
2026-08-05,599,30048.75,325,NQ,
2026-08-05,600,30009.0,516,NQ,
2026-08-05,601,29962.75,353,NQ,
2026-08-05,602,29935.75,517,NQ,
2026-08-05,603,29958.5,406,NQ,
2026-08-05,604,29965.75,500,NQ,
2026-08-05,605,29977.5,435,NQ,
2026-08-05,606,29989.75,367,NQ,
2026-08-05,607,29994.5,399,NQ,
2026-08-05,608,29998.75,400,NQ,
2026-08-05,609,30003.5,363,NQ,
2026-08-05,610,30016.75,365,NQ,
2026-08-05,611,29992.0,343,NQ,
2026-08-05,612,29987.75,232,NQ,
2026-08-05,613,30001.25,317,NQ,
2026-08-05,614,29998.0,277,NQ,
2026-08-05,615,30013.0,271,NQ,
2026-08-05,616,29986.0,323,NQ,
2026-08-05,617,30000.25,346,NQ,
2026-08-05,618,30013.5,251,NQ,
2026-08-05,619,29973.75,376,NQ,
2026-08-05,620,29963.5,394,NQ,
2026-08-05,621,29945.5,318,NQ,
2026-08-05,622,29932.75,321,NQ,
2026-08-05,623,29924.75,543,NQ,
2026-08-05,624,29959.5,385,NQ,
2026-08-05,625,29954.25,381,NQ,
2026-08-05,626,29949.25,457,NQ,
2026-08-05,627,29957.0,348,NQ,
2026-08-05,628,29927.0,347,NQ,
2026-08-05,629,29915.0,279,NQ,
2026-08-05,630,29895.0,736,NQ,
2026-08-05,631,29861.0,392,NQ,
2026-08-05,632,29878.25,421,NQ,
2026-08-05,633,29899.0,332,NQ,
2026-08-05,634,29884.75,378,NQ,
2026-08-05,635,29895.5,395,NQ,
2026-08-05,636,29885.5,370,NQ,
2026-08-05,637,29848.75,449,NQ,
2026-08-05,638,29861.75,380,NQ,
2026-08-05,639,29840.75,372,NQ,
2026-08-05,640,29829.5,507,NQ,
2026-08-05,641,29852.0,533,NQ,
2026-08-05,642,29860.75,447,NQ,
2026-08-05,643,29864.0,307,NQ,
2026-08-05,644,29862.25,346,NQ,
2026-08-05,645,29845.25,314,NQ,
2026-08-05,646,29874.0,312,NQ,
2026-08-05,647,29873.25,358,NQ,
2026-08-05,648,29873.5,161,NQ,
2026-08-05,744,29769.5,2962,NQ,
2026-08-05,745,29789.25,276,NQ,
2026-08-05,746,29807.5,277,NQ,
2026-08-05,747,29805.75,356,NQ,
2026-08-05,748,29814.0,223,NQ,
2026-08-05,749,29829.0,326,NQ,
2026-08-05,750,29806.0,361,NQ,
2026-08-05,751,29795.5,364,NQ,
2026-08-05,752,29804.5,251,NQ,
2026-08-05,753,29776.0,440,NQ,
2026-08-05,754,29795.75,212,NQ,
2026-08-05,755,29785.0,222,NQ,
2026-08-05,756,29784.75,170,NQ,
2026-08-05,757,29794.5,224,NQ,
2026-08-05,758,29804.5,238,NQ,
2026-08-05,759,29797.0,269,NQ,
2026-08-05,760,29807.5,210,NQ,
2026-08-05,761,29809.5,205,NQ,
2026-08-05,762,29787.0,272,NQ,
2026-08-05,763,29800.5,208,NQ,
2026-08-05,764,29788.5,219,NQ,
2026-08-05,765,29797.25,284,NQ,
2026-08-05,766,29791.5,179,NQ,
2026-08-05,767,29796.5,208,NQ,
2026-08-05,768,29798.75,224,NQ,
2026-08-05,769,29791.5,233,NQ,
2026-08-05,770,29813.5,225,NQ,
2026-08-05,771,29805.75,248,NQ,
2026-08-05,772,29807.5,273,NQ,
2026-08-05,773,29823.75,265,NQ,
2026-08-05,774,29816.0,241,NQ,
2026-08-05,775,29811.5,215,NQ,
2026-08-05,776,29811.0,155,NQ,
2026-08-05,777,29817.75,203,NQ,
2026-08-05,778,29808.0,199,NQ,
2026-08-05,779,29808.25,222,NQ,
2026-08-05,780,29805.25,286,NQ,
2026-08-05,781,29817.0,199,NQ,
2026-08-05,782,29790.5,225,NQ,
2026-08-05,783,29791.75,217,NQ,
2026-08-05,784,29777.0,283,NQ,
2026-08-05,785,29781.0,195,NQ,
2026-08-05,786,29762.25,288,NQ,
2026-08-05,787,29769.5,206,NQ,
2026-08-05,788,29772.25,213,NQ,
2026-08-05,789,29760.0,184,NQ,
2026-08-05,790,29747.75,233,NQ,
2026-08-05,791,29775.5,215,NQ,
2026-08-05,792,29779.5,272,NQ,
2026-08-05,793,29766.0,230,NQ,
2026-08-05,794,29767.25,229,NQ,
2026-08-05,795,29777.75,272,NQ,
2026-08-05,796,29766.75,216,NQ,
2026-08-05,797,29760.25,217,NQ,
2026-08-05,798,29763.25,161,NQ,
2026-08-05,799,29760.0,217,NQ,
2026-08-05,800,29764.0,220,NQ,
2026-08-05,801,29760.5,165,NQ,
2026-08-05,802,29742.5,267,NQ,
2026-08-05,803,29753.0,225,NQ,
2026-08-05,804,29765.25,217,NQ,
2026-08-05,805,29768.0,255,NQ,
2026-08-05,806,29778.25,223,NQ,
2026-08-05,807,29769.75,222,NQ,
2026-08-05,808,29767.25,198,NQ,
2026-08-05,809,29754.5,294,NQ,
2026-08-05,810,29749.25,174,NQ,
2026-08-05,811,29753.25,322,NQ,
2026-08-05,812,29756.5,214,NQ,
2026-08-05,813,29759.5,235,NQ,
2026-08-05,814,29756.75,237,NQ,
2026-08-05,815,29765.0,189,NQ,
2026-08-05,816,29759.75,191,NQ,
2026-08-05,817,29763.75,204,NQ,
2026-08-05,818,29762.5,156,NQ,
2026-08-05,819,29759.75,146,NQ,
2026-08-05,820,29774.5,204,NQ,
2026-08-05,821,29757.5,201,NQ,
2026-08-05,822,29759.75,200,NQ,
2026-08-05,823,29767.25,163,NQ,
2026-08-05,824,29757.5,277,NQ,
2026-08-05,825,29746.5,389,NQ,
2026-08-05,826,29752.25,242,NQ,
2026-08-05,827,29761.0,209,NQ,
2026-08-05,828,29762.25,172,NQ,
2026-08-05,829,29765.75,266,NQ,
2026-08-05,830,29757.5,224,NQ,
2026-08-05,831,29771.5,237,NQ,
2026-08-05,832,29763.75,160,NQ,
2026-08-05,833,29760.75,194,NQ,
2026-08-05,834,29752.25,205,NQ,
2026-08-05,835,29753.75,225,NQ,
2026-08-05,836,29761.5,243,NQ,
2026-08-05,837,29763.0,149,NQ,
2026-08-05,838,29761.5,167,NQ,
2026-08-05,839,29757.0,194,NQ,
2026-08-05,840,29761.0,251,NQ,
2026-08-05,841,29756.5,195,NQ,
2026-08-05,842,29766.0,199,NQ,
2026-08-05,843,29772.5,254,NQ,
2026-08-05,844,29782.5,231,NQ,
2026-08-05,845,29779.75,278,NQ,
2026-08-05,846,29769.5,281,NQ,
2026-08-05,847,29760.25,275,NQ,
2026-08-05,848,29767.0,245,NQ,
2026-08-05,849,29768.25,183,NQ,
2026-08-05,850,29771.0,208,NQ,
2026-08-05,851,29782.5,182,NQ,
2026-08-05,852,29775.5,209,NQ,
2026-08-05,853,29772.25,173,NQ,
2026-08-05,854,29761.75,222,NQ,
2026-08-05,855,29780.5,246,NQ,
2026-08-05,856,29776.0,184,NQ,
2026-08-05,857,29763.75,226,NQ,
2026-08-05,858,29769.5,155,NQ,
2026-08-05,859,29772.25,195,NQ,
2026-08-05,860,29775.25,150,NQ,
2026-08-05,861,29772.0,143,NQ,
2026-08-05,862,29766.0,214,NQ,
2026-08-05,863,29768.75,159,NQ,
2026-08-05,864,29765.5,159,NQ,
2026-08-05,865,29775.75,207,NQ,
2026-08-05,866,29775.25,212,NQ,
2026-08-05,867,29772.5,174,NQ,
2026-08-05,868,29768.75,175,NQ,
2026-08-05,869,29776.0,157,NQ,
2026-08-05,870,29747.5,344,NQ,
2026-08-05,871,29734.5,242,NQ,
2026-08-05,872,29730.5,220,NQ,
2026-08-05,873,29737.75,184,NQ,
2026-08-05,874,29739.75,282,NQ,
2026-08-05,875,29749.25,229,NQ,
2026-08-05,876,29748.0,252,NQ,
2026-08-05,877,29752.75,242,NQ,
2026-08-05,878,29750.25,147,NQ,
2026-08-05,879,29741.75,163,NQ,
2026-08-05,880,29743.25,210,NQ,
2026-08-05,881,29741.25,187,NQ,
2026-08-05,882,29746.25,228,NQ,
2026-08-05,883,29741.25,171,NQ,
2026-08-05,884,29741.75,145,NQ,
2026-08-05,885,29757.0,297,NQ,
2026-08-05,886,29754.0,282,NQ,
2026-08-05,887,29754.75,152,NQ,
2026-08-05,888,29757.0,200,NQ,
2026-08-05,889,29754.25,185,NQ,
2026-08-05,890,29756.0,172,NQ,
2026-08-05,891,29750.0,211,NQ,
2026-08-05,892,29748.5,154,NQ,
2026-08-05,893,29746.25,169,NQ,
2026-08-05,894,29744.25,154,NQ,
2026-08-05,895,29733.0,192,NQ,
2026-08-05,896,29728.0,329,NQ,
2026-08-05,897,29737.0,409,NQ,
2026-08-05,898,29733.5,169,NQ,
2026-08-05,899,29725.75,250,NQ,
2026-08-05,900,29739.0,264,NQ,
2026-08-05,901,29751.0,210,NQ,
2026-08-05,902,29750.0,254,NQ,
2026-08-05,903,29757.5,251,NQ,
2026-08-05,904,29760.25,212,NQ,
2026-08-05,905,29772.25,313,NQ,
2026-08-05,906,29759.25,180,NQ,
2026-08-05,907,29772.0,181,NQ,
2026-08-05,908,29771.0,140,NQ,
2026-08-05,909,29768.0,185,NQ,
2026-08-05,910,29768.75,182,NQ,
2026-08-05,911,29766.75,236,NQ,
2026-08-05,912,29769.75,199,NQ,
2026-08-05,913,29768.25,248,NQ,
2026-08-05,914,29774.25,236,NQ,
2026-08-05,915,29773.5,232,NQ,
2026-08-05,916,29771.75,231,NQ,
2026-08-05,917,29771.25,197,NQ,
2026-08-05,918,29774.5,164,NQ,
2026-08-05,919,29766.5,178,NQ,
2026-08-05,920,29768.25,195,NQ,
2026-08-05,921,29764.25,265,NQ,
2026-08-05,922,29764.5,194,NQ,
2026-08-05,923,29771.25,189,NQ,
2026-08-05,924,29765.5,193,NQ,
2026-08-05,925,29759.25,255,NQ,
2026-08-05,926,29771.5,214,NQ,
2026-08-05,927,29769.0,210,NQ,
2026-08-05,928,29765.25,198,NQ,
2026-08-05,929,29757.0,184,NQ,
2026-08-05,930,29759.25,312,NQ,
2026-08-05,931,29743.75,385,NQ,
2026-08-05,932,29746.0,212,NQ,
2026-08-05,933,29734.5,333,NQ,
2026-08-05,934,29730.75,204,NQ,
2026-08-05,935,29717.25,253,NQ,
2026-08-05,936,29726.0,263,NQ,
2026-08-05,937,29729.0,258,NQ,
2026-08-05,938,29720.75,212,NQ,
2026-08-05,939,29715.5,196,NQ,
2026-08-05,940,29727.25,214,NQ,
2026-08-05,941,29725.25,318,NQ,
2026-08-05,942,29725.25,183,NQ,
2026-08-05,943,29717.25,197,NQ,
2026-08-05,944,29711.0,262,NQ,
2026-08-05,945,29711.5,263,NQ,
2026-08-05,946,29693.0,315,NQ,
2026-08-05,947,29709.25,277,NQ,
2026-08-05,948,29703.75,259,NQ,
2026-08-05,949,29714.75,267,NQ,
2026-08-05,950,29715.25,362,NQ,
2026-08-05,951,29716.25,247,NQ,
2026-08-05,952,29710.75,251,NQ,
2026-08-05,953,29714.25,283,NQ,
2026-08-05,954,29710.5,430,NQ,
2026-08-05,955,29693.75,461,NQ,
2026-08-05,956,29681.0,376,NQ,
2026-08-05,957,29672.5,422,NQ,
2026-08-05,958,29667.5,316,NQ,
2026-08-05,959,29607.25,2072,NQ,
2026-08-06,570,29328.0,701,NQ,
2026-08-06,571,29307.75,700,NQ,
2026-08-06,572,29263.75,546,NQ,
2026-08-06,573,29274.25,624,NQ,
2026-08-06,574,29340.75,614,NQ,
2026-08-06,575,29367.25,617,NQ,
2026-08-06,576,29416.0,575,NQ,
2026-08-06,577,29425.5,565,NQ,
2026-08-06,578,29400.0,502,NQ,
2026-08-06,579,29385.5,460,NQ,
2026-08-06,580,29435.0,527,NQ,
2026-08-06,581,29446.0,442,NQ,
2026-08-06,582,29413.5,459,NQ,
2026-08-06,583,29451.0,516,NQ,
2026-08-06,584,29458.75,499,NQ,
2026-08-06,585,29466.0,500,NQ,
2026-08-06,586,29491.75,466,NQ,
2026-08-06,587,29514.25,512,NQ,
2026-08-06,588,29523.75,460,NQ,
2026-08-06,589,29525.75,410,NQ,
2026-08-06,590,29529.75,447,NQ,
2026-08-06,591,29547.25,334,NQ,
2026-08-06,592,29516.75,414,NQ,
2026-08-06,593,29511.5,378,NQ,
2026-08-06,594,29501.25,419,NQ,
2026-08-06,595,29512.0,396,NQ,
2026-08-06,596,29498.75,421,NQ,
2026-08-06,597,29514.25,361,NQ,
2026-08-06,598,29521.25,348,NQ,
2026-08-06,599,29527.25,378,NQ,
2026-08-06,600,29524.0,599,NQ,
2026-08-06,601,29518.5,361,NQ,
2026-08-06,602,29537.5,329,NQ,
2026-08-06,603,29491.0,397,NQ,
2026-08-06,604,29517.5,398,NQ,
2026-08-06,605,29516.25,308,NQ,
2026-08-06,606,29547.5,428,NQ,
2026-08-06,607,29560.5,627,NQ,
2026-08-06,608,29575.0,420,NQ,
2026-08-06,609,29578.0,325,NQ,
2026-08-06,610,29588.25,348,NQ,
2026-08-06,611,29616.0,451,NQ,
2026-08-06,612,29592.25,451,NQ,
2026-08-06,613,29607.25,308,NQ,
2026-08-06,614,29608.5,311,NQ,
2026-08-06,615,29615.25,411,NQ,
2026-08-06,616,29608.75,266,NQ,
2026-08-06,617,29647.75,500,NQ,
2026-08-06,618,29645.0,357,NQ,
2026-08-06,619,29640.75,263,NQ,
2026-08-06,620,29648.0,392,NQ,
2026-08-06,621,29645.0,272,NQ,
2026-08-06,622,29654.5,400,NQ,
2026-08-06,623,29644.5,338,NQ,
2026-08-06,624,29634.25,323,NQ,
2026-08-06,625,29620.0,468,NQ,
2026-08-06,626,29597.75,474,NQ,
2026-08-06,627,29584.75,370,NQ,
2026-08-06,628,29589.25,394,NQ,
2026-08-06,629,29588.5,350,NQ,
2026-08-06,630,29597.75,502,NQ,
2026-08-06,631,29599.5,406,NQ,
2026-08-06,632,29613.0,295,NQ,
2026-08-06,633,29622.5,320,NQ,
2026-08-06,634,29632.5,303,NQ,
2026-08-06,635,29648.25,310,NQ,
2026-08-06,636,29628.75,333,NQ,
2026-08-06,637,29605.25,315,NQ,
2026-08-06,638,29575.0,380,NQ,
2026-08-06,639,29553.0,395,NQ,
2026-08-06,640,29573.0,456,NQ,
2026-08-06,641,29598.0,308,NQ,
2026-08-06,642,29611.5,421,NQ,
2026-08-06,643,29618.0,298,NQ,
2026-08-06,644,29583.5,371,NQ,
2026-08-06,645,29568.75,368,NQ,
2026-08-06,646,29538.25,353,NQ,
2026-08-06,647,29569.0,405,NQ,
2026-08-06,648,29564.0,250,NQ,
2026-08-06,649,29558.0,240,NQ,
2026-08-06,650,29592.0,356,NQ,
2026-08-06,651,29569.5,295,NQ,
2026-08-06,652,29573.5,289,NQ,
2026-08-06,653,29561.25,325,NQ,
2026-08-06,654,29614.75,315,NQ,
2026-08-06,655,29612.75,331,NQ,
2026-08-06,656,29626.25,313,NQ,
2026-08-06,666,29649.5,3437,NQ,
2026-08-06,667,29659.75,328,NQ,
2026-08-06,668,29659.0,348,NQ,
2026-08-06,669,29671.75,303,NQ,
2026-08-06,670,29683.0,348,NQ,
2026-08-06,671,29671.0,375,NQ,
2026-08-06,672,29660.75,262,NQ,
2026-08-06,673,29657.0,356,NQ,
2026-08-06,674,29646.5,312,NQ,
2026-08-06,675,29654.25,295,NQ,
2026-08-06,676,29661.0,301,NQ,
2026-08-06,677,29625.0,488,NQ,
2026-08-06,678,29611.0,339,NQ,
2026-08-06,679,29579.5,355,NQ,
2026-08-06,680,29597.5,336,NQ,
2026-08-06,681,29598.0,332,NQ,
2026-08-06,682,29584.25,271,NQ,
2026-08-06,683,29590.5,336,NQ,
2026-08-06,684,29577.75,302,NQ,
2026-08-06,685,29589.75,306,NQ,
2026-08-06,686,29588.0,304,NQ,
2026-08-06,687,29583.0,296,NQ,
2026-08-06,688,29605.75,234,NQ,
2026-08-06,689,29608.5,247,NQ,
2026-08-06,690,29621.5,414,NQ,
2026-08-06,691,29595.0,266,NQ,
2026-08-06,692,29581.0,296,NQ,
2026-08-06,693,29576.5,261,NQ,
2026-08-06,694,29552.5,351,NQ,
2026-08-06,695,29575.5,351,NQ,
2026-08-06,696,29553.0,351,NQ,
2026-08-06,697,29562.5,353,NQ,
2026-08-06,698,29561.75,271,NQ,
2026-08-06,699,29565.0,322,NQ,
2026-08-06,700,29577.5,276,NQ,
2026-08-06,701,29566.5,260,NQ,
2026-08-06,702,29558.0,284,NQ,
2026-08-06,703,29551.0,298,NQ,
2026-08-06,704,29534.75,350,NQ,
2026-08-06,705,29541.5,312,NQ,
2026-08-06,706,29586.25,383,NQ,
2026-08-06,707,29584.5,282,NQ,
2026-08-06,708,29610.25,306,NQ,
2026-08-06,709,29589.75,307,NQ,
2026-08-06,710,29606.25,351,NQ,
2026-08-06,711,29576.0,371,NQ,
2026-08-06,712,29571.5,368,NQ,
2026-08-06,713,29551.5,389,NQ,
2026-08-06,714,29527.0,354,NQ,
2026-08-06,715,29537.75,372,NQ,
2026-08-06,716,29542.0,392,NQ,
2026-08-06,717,29552.75,293,NQ,
2026-08-06,718,29533.25,306,NQ,
2026-08-06,719,29516.25,300,NQ,
2026-08-06,720,29498.25,370,NQ,
2026-08-06,721,29500.5,422,NQ,
2026-08-06,722,29508.0,349,NQ,
2026-08-06,723,29495.75,240,NQ,
2026-08-06,724,29502.0,336,NQ,
2026-08-06,725,29517.5,327,NQ,
2026-08-06,726,29508.5,299,NQ,
2026-08-06,727,29519.75,227,NQ,
2026-08-06,728,29525.5,283,NQ,
2026-08-06,729,29525.75,304,NQ,
2026-08-06,730,29532.5,249,NQ,
2026-08-06,731,29502.25,467,NQ,
2026-08-06,732,29512.5,237,NQ,
2026-08-06,733,29487.0,329,NQ,
2026-08-06,734,29488.25,276,NQ,
2026-08-06,735,29485.25,329,NQ,
2026-08-06,736,29482.75,476,NQ,
2026-08-06,737,29484.0,299,NQ,
2026-08-06,738,29499.5,308,NQ,
2026-08-06,739,29494.0,329,NQ,
2026-08-06,740,29478.25,362,NQ,
2026-08-06,741,29485.25,299,NQ,
2026-08-06,742,29468.0,366,NQ,
2026-08-06,743,29464.75,326,NQ,
2026-08-06,744,29487.75,304,NQ,
2026-08-06,745,29472.5,300,NQ,
2026-08-06,746,29473.5,245,NQ,
2026-08-06,747,29480.5,319,NQ,
2026-08-06,748,29470.5,242,NQ,
2026-08-06,749,29471.25,308,NQ,
2026-08-06,750,29494.0,256,NQ,
2026-08-06,751,29490.75,250,NQ,
2026-08-06,752,29479.25,329,NQ,
2026-08-06,753,29470.75,314,NQ,
2026-08-06,754,29478.75,223,NQ,
2026-08-06,755,29475.25,263,NQ,
2026-08-06,756,29489.75,248,NQ,
2026-08-06,757,29504.75,285,NQ,
2026-08-06,758,29510.5,258,NQ,
2026-08-06,759,29522.25,267,NQ,
2026-08-06,760,29514.0,305,NQ,
2026-08-06,761,29502.0,269,NQ,
2026-08-06,762,29505.25,264,NQ,
2026-08-06,763,29494.25,242,NQ,
2026-08-06,764,29478.25,311,NQ,
2026-08-06,765,29488.0,277,NQ,
2026-08-06,766,29470.25,268,NQ,
2026-08-06,767,29486.0,263,NQ,
2026-08-06,768,29493.0,191,NQ,
2026-08-06,769,29513.25,262,NQ,
2026-08-06,770,29509.0,286,NQ,
2026-08-06,771,29517.5,284,NQ,
2026-08-06,772,29525.5,286,NQ,
2026-08-06,773,29522.5,229,NQ,
2026-08-06,774,29510.0,241,NQ,
2026-08-06,775,29527.0,240,NQ,
2026-08-06,776,29528.0,225,NQ,
2026-08-06,777,29522.75,242,NQ,
2026-08-06,778,29540.5,223,NQ,
2026-08-06,779,29556.5,312,NQ,
2026-08-06,780,29569.0,287,NQ,
2026-08-06,781,29560.25,391,NQ,
2026-08-06,782,29548.75,285,NQ,
2026-08-06,783,29546.5,204,NQ,
2026-08-06,784,29547.0,202,NQ,
2026-08-06,785,29567.75,215,NQ,
2026-08-06,786,29562.75,245,NQ,
2026-08-06,787,29540.75,262,NQ,
2026-08-06,788,29539.75,208,NQ,
2026-08-06,789,29538.0,214,NQ,
2026-08-06,790,29543.75,228,NQ,
2026-08-06,791,29533.5,268,NQ,
2026-08-06,792,29539.0,183,NQ,
2026-08-06,793,29539.25,237,NQ,
2026-08-06,794,29523.5,251,NQ,
2026-08-06,795,29517.75,312,NQ,
2026-08-06,796,29524.0,248,NQ,
2026-08-06,797,29532.25,196,NQ,
2026-08-06,798,29542.5,242,NQ,
2026-08-06,799,29542.5,243,NQ,
2026-08-06,800,29547.75,209,NQ,
2026-08-06,801,29533.25,214,NQ,
2026-08-06,802,29532.5,193,NQ,
2026-08-06,803,29529.75,199,NQ,
2026-08-06,804,29523.5,249,NQ,
2026-08-06,805,29545.5,209,NQ,
2026-08-06,806,29543.0,219,NQ,
2026-08-06,807,29542.75,168,NQ,
2026-08-06,808,29545.0,205,NQ,
2026-08-06,809,29527.5,222,NQ,
2026-08-06,810,29535.5,252,NQ,
2026-08-06,811,29526.25,189,NQ,
2026-08-06,812,29535.75,153,NQ,
2026-08-06,813,29528.0,167,NQ,
2026-08-06,814,29531.5,174,NQ,
2026-08-06,815,29534.75,229,NQ,
2026-08-06,816,29530.5,167,NQ,
2026-08-06,817,29533.75,186,NQ,
2026-08-06,818,29525.25,195,NQ,
2026-08-06,819,29511.5,291,NQ,
2026-08-06,820,29501.5,231,NQ,
2026-08-06,821,29497.75,235,NQ,
2026-08-06,822,29507.0,201,NQ,
2026-08-06,823,29499.5,194,NQ,
2026-08-06,824,29510.0,248,NQ,
2026-08-06,825,29515.25,222,NQ,
2026-08-06,826,29516.5,225,NQ,
2026-08-06,827,29507.0,181,NQ,
2026-08-06,828,29506.0,208,NQ,
2026-08-06,829,29497.0,198,NQ,
2026-08-06,830,29494.5,258,NQ,
2026-08-06,831,29511.25,246,NQ,
2026-08-06,832,29526.75,289,NQ,
2026-08-06,833,29521.75,233,NQ,
2026-08-06,834,29521.75,266,NQ,
2026-08-06,835,29515.75,229,NQ,
2026-08-06,836,29513.5,230,NQ,
2026-08-06,837,29530.75,240,NQ,
2026-08-06,838,29528.0,237,NQ,
2026-08-06,839,29528.25,230,NQ,
2026-08-06,840,29533.5,310,NQ,
2026-08-06,841,29515.0,227,NQ,
2026-08-06,842,29514.75,164,NQ,
2026-08-06,843,29518.5,166,NQ,
2026-08-06,844,29530.75,219,NQ,
2026-08-06,845,29527.25,221,NQ,
2026-08-06,846,29524.0,190,NQ,
2026-08-06,847,29538.0,221,NQ,
2026-08-06,848,29526.25,200,NQ,
2026-08-06,849,29533.75,231,NQ,
2026-08-06,850,29520.5,198,NQ,
2026-08-06,851,29527.0,192,NQ,
2026-08-06,852,29524.75,155,NQ,
2026-08-06,853,29532.75,183,NQ,
2026-08-06,854,29542.75,263,NQ,
2026-08-06,855,29542.75,250,NQ,
2026-08-06,856,29565.5,518,NQ,
2026-08-06,857,29553.5,309,NQ,
2026-08-06,858,29562.75,300,NQ,
2026-08-06,859,29552.5,276,NQ,
2026-08-06,860,29558.25,234,NQ,
2026-08-06,861,29567.75,216,NQ,
2026-08-06,862,29572.75,212,NQ,
2026-08-06,863,29565.75,179,NQ,
2026-08-06,864,29568.0,278,NQ,
2026-08-06,865,29558.25,225,NQ,
2026-08-06,866,29551.25,244,NQ,
2026-08-06,867,29556.0,248,NQ,
2026-08-06,868,29563.75,200,NQ,
2026-08-06,869,29556.5,171,NQ,
2026-08-06,870,29553.0,200,NQ,
2026-08-06,871,29554.5,234,NQ,
2026-08-06,872,29547.0,185,NQ,
2026-08-06,873,29542.0,214,NQ,
2026-08-06,874,29534.0,217,NQ,
2026-08-06,875,29535.25,242,NQ,
2026-08-06,876,29538.25,247,NQ,
2026-08-06,877,29533.0,128,NQ,
2026-08-06,878,29520.25,325,NQ,
2026-08-06,879,29518.75,187,NQ,
2026-08-06,880,29521.75,203,NQ,
2026-08-06,881,29507.5,198,NQ,
2026-08-06,882,29506.25,200,NQ,
2026-08-06,883,29516.75,194,NQ,
2026-08-06,884,29520.0,165,NQ,
2026-08-06,885,29532.25,210,NQ,
2026-08-06,886,29528.5,271,NQ,
2026-08-06,887,29525.75,183,NQ,
2026-08-06,888,29519.0,193,NQ,
2026-08-06,889,29511.75,225,NQ,
2026-08-06,890,29519.0,151,NQ,
2026-08-06,891,29510.5,171,NQ,
2026-08-06,892,29509.0,201,NQ,
2026-08-06,893,29509.25,128,NQ,
2026-08-06,894,29513.5,189,NQ,
2026-08-06,895,29516.75,189,NQ,
2026-08-06,896,29519.5,169,NQ,
2026-08-06,897,29527.25,174,NQ,
2026-08-06,898,29521.75,232,NQ,
2026-08-06,899,29514.75,206,NQ,
2026-08-06,900,29520.25,239,NQ,
2026-08-06,901,29544.75,237,NQ,
2026-08-06,902,29549.25,253,NQ,
2026-08-06,903,29550.0,212,NQ,
2026-08-06,904,29562.5,257,NQ,
2026-08-06,905,29549.25,289,NQ,
2026-08-06,906,29548.5,223,NQ,
2026-08-06,907,29553.0,254,NQ,
2026-08-06,908,29560.0,254,NQ,
2026-08-06,909,29565.0,197,NQ,
2026-08-06,910,29563.75,273,NQ,
2026-08-06,911,29565.25,194,NQ,
2026-08-06,912,29558.25,239,NQ,
2026-08-06,913,29547.75,221,NQ,
2026-08-06,914,29536.25,256,NQ,
2026-08-06,915,29531.5,245,NQ,
2026-08-06,916,29531.5,194,NQ,
2026-08-06,917,29532.5,202,NQ,
2026-08-06,918,29530.25,174,NQ,
2026-08-06,919,29527.5,216,NQ,
2026-08-06,920,29548.5,245,NQ,
2026-08-06,921,29539.75,208,NQ,
2026-08-06,922,29537.5,197,NQ,
2026-08-06,923,29531.75,193,NQ,
2026-08-06,924,29509.25,249,NQ,
2026-08-06,925,29520.75,288,NQ,
2026-08-06,926,29512.75,249,NQ,
2026-08-06,927,29514.25,286,NQ,
2026-08-06,928,29521.0,222,NQ,
2026-08-06,929,29508.75,217,NQ,
2026-08-06,930,29521.5,317,NQ,
2026-08-06,931,29533.75,286,NQ,
2026-08-06,932,29536.0,311,NQ,
2026-08-06,933,29525.5,217,NQ,
2026-08-06,934,29538.25,182,NQ,
2026-08-06,935,29533.0,241,NQ,
2026-08-06,936,29530.5,204,NQ,
2026-08-06,937,29522.25,164,NQ,
2026-08-06,938,29512.25,208,NQ,
2026-08-06,939,29509.5,189,NQ,
2026-08-06,940,29510.25,152,NQ,
2026-08-06,941,29497.75,193,NQ,
2026-08-06,942,29495.25,280,NQ,
2026-08-06,943,29494.5,271,NQ,
2026-08-06,944,29501.75,224,NQ,
2026-08-06,945,29505.25,333,NQ,
2026-08-06,946,29496.5,237,NQ,
2026-08-06,947,29489.0,230,NQ,
2026-08-06,948,29497.75,260,NQ,
2026-08-06,949,29507.75,297,NQ,
2026-08-06,950,29481.5,664,NQ,
2026-08-06,951,29483.5,302,NQ,
2026-08-06,952,29482.0,249,NQ,
2026-08-06,953,29515.25,354,NQ,
2026-08-06,954,29530.75,454,NQ,
2026-08-06,955,29523.0,639,NQ,
2026-08-06,956,29522.75,243,NQ,
2026-08-06,957,29519.75,287,NQ,
2026-08-06,958,29514.25,364,NQ,
2026-08-06,959,29497.0,1600,NQ,
2026-08-07,570,29730.25,818,NQ,
2026-08-07,571,29739.75,605,NQ,
2026-08-07,572,29774.25,691,NQ,
2026-08-07,573,29798.75,661,NQ,
2026-08-07,574,29804.75,456,NQ,
2026-08-07,575,29788.5,390,NQ,
2026-08-07,576,29721.25,426,NQ,
2026-08-07,577,29726.75,550,NQ,
2026-08-07,578,29766.25,484,NQ,
2026-08-07,579,29731.25,395,NQ,
2026-08-07,580,29736.75,539,NQ,
2026-08-07,581,29722.5,543,NQ,
2026-08-07,582,29737.75,397,NQ,
2026-08-07,583,29777.0,404,NQ,
2026-08-07,584,29788.5,345,NQ,
2026-08-07,585,29757.5,583,NQ,
2026-08-07,586,29738.25,561,NQ,
2026-08-07,587,29750.0,365,NQ,
2026-08-07,588,29745.25,389,NQ,
2026-08-07,589,29772.75,375,NQ,
2026-08-07,590,29781.75,299,NQ,
2026-08-07,591,29783.5,352,NQ,
2026-08-07,592,29776.0,385,NQ,
2026-08-07,593,29757.5,359,NQ,
2026-08-07,594,29753.75,344,NQ,
2026-08-07,595,29742.0,329,NQ,
2026-08-07,596,29693.75,474,NQ,
2026-08-07,597,29667.0,397,NQ,
2026-08-07,598,29658.25,447,NQ,
2026-08-07,599,29679.25,365,NQ,
2026-08-07,600,29699.75,629,NQ,
2026-08-07,601,29662.25,503,NQ,
2026-08-07,602,29677.25,471,NQ,
2026-08-07,603,29653.75,309,NQ,
2026-08-07,604,29618.75,572,NQ,
2026-08-07,605,29637.75,431,NQ,
2026-08-07,606,29677.75,385,NQ,
2026-08-07,607,29669.0,319,NQ,
2026-08-07,608,29653.75,397,NQ,
2026-08-07,609,29632.0,358,NQ,
2026-08-07,610,29638.5,375,NQ,
2026-08-07,611,29601.0,370,NQ,
2026-08-07,612,29594.0,557,NQ,
2026-08-07,613,29605.0,457,NQ,
2026-08-07,614,29585.5,452,NQ,
2026-08-07,615,29621.25,561,NQ,
2026-08-07,616,29653.75,465,NQ,
2026-08-07,617,29646.75,445,NQ,
2026-08-07,618,29693.0,374,NQ,
2026-08-07,619,29718.25,555,NQ,
2026-08-07,620,29717.25,486,NQ,
2026-08-07,621,29723.25,414,NQ,
2026-08-07,622,29694.25,303,NQ,
2026-08-07,623,29740.0,404,NQ,
2026-08-07,624,29702.75,324,NQ,
2026-08-07,625,29748.25,353,NQ,
2026-08-07,626,29752.75,328,NQ,
2026-08-07,627,29762.25,356,NQ,
2026-08-07,628,29772.25,298,NQ,
2026-08-07,629,29761.75,244,NQ,
2026-08-07,630,29738.75,521,NQ,
2026-08-07,631,29739.75,421,NQ,
2026-08-07,632,29741.25,365,NQ,
2026-08-07,633,29732.25,274,NQ,
2026-08-07,634,29731.0,331,NQ,
2026-08-07,635,29705.5,566,NQ,
2026-08-07,636,29698.5,391,NQ,
2026-08-07,637,29712.0,329,NQ,
2026-08-07,638,29713.5,327,NQ,
2026-08-07,639,29677.75,587,NQ,
2026-08-07,640,29700.5,471,NQ,
2026-08-07,641,29699.25,334,NQ,
2026-08-07,642,29688.0,400,NQ,
2026-08-07,643,29675.25,328,NQ,
2026-08-07,644,29676.0,295,NQ,
2026-08-07,645,29694.25,375,NQ,
2026-08-07,646,29706.75,348,NQ,
2026-08-07,647,29726.5,349,NQ,
2026-08-07,648,29711.0,323,NQ,
2026-08-07,649,29708.0,340,NQ,
2026-08-07,650,29719.0,285,NQ,
2026-08-07,651,29694.75,276,NQ,
2026-08-07,652,29686.75,307,NQ,
2026-08-07,653,29682.75,309,NQ,
2026-08-07,654,29682.25,337,NQ,
2026-08-07,655,29704.5,374,NQ,
2026-08-07,656,29694.5,265,NQ,
2026-08-07,657,29711.5,264,NQ,
2026-08-07,658,29728.25,348,NQ,
2026-08-07,659,29720.75,260,NQ,
2026-08-07,660,29725.25,332,NQ,
2026-08-07,661,29723.5,383,NQ,
2026-08-07,662,29726.75,320,NQ,
2026-08-07,663,29741.0,245,NQ,
2026-08-07,664,29744.75,227,NQ,
2026-08-07,665,29757.0,263,NQ,
2026-08-07,666,29762.75,254,NQ,
2026-08-07,667,29754.0,216,NQ,
2026-08-07,668,29768.25,285,NQ,
2026-08-07,669,29756.0,280,NQ,
2026-08-07,670,29772.0,293,NQ,
2026-08-07,671,29756.5,342,NQ,
2026-08-07,672,29753.25,286,NQ,
2026-08-07,673,29753.5,359,NQ,
2026-08-07,674,29760.25,272,NQ,
2026-08-07,675,29753.25,248,NQ,
2026-08-07,676,29762.0,267,NQ,
2026-08-07,677,29752.0,219,NQ,
2026-08-07,678,29764.75,259,NQ,
2026-08-07,679,29758.25,298,NQ,
2026-08-07,680,29768.75,268,NQ,
2026-08-07,681,29766.5,224,NQ,
2026-08-07,682,29781.0,271,NQ,
2026-08-07,683,29787.0,358,NQ,
2026-08-07,684,29795.5,325,NQ,
2026-08-07,685,29810.25,515,NQ,
2026-08-07,686,29819.0,296,NQ,
2026-08-07,687,29824.25,267,NQ,
2026-08-07,688,29826.0,282,NQ,
2026-08-07,689,29826.5,295,NQ,
2026-08-07,690,29844.75,702,NQ,
2026-08-07,691,29844.0,275,NQ,
2026-08-07,692,29853.25,299,NQ,
2026-08-07,693,29837.5,272,NQ,
2026-08-07,694,29839.5,319,NQ,
2026-08-07,695,29826.5,255,NQ,
2026-08-07,696,29824.75,288,NQ,
2026-08-07,697,29837.75,226,NQ,
2026-08-07,698,29824.25,275,NQ,
2026-08-07,699,29824.25,285,NQ,
2026-08-07,700,29824.5,249,NQ,
2026-08-07,701,29800.0,333,NQ,
2026-08-07,702,29801.75,221,NQ,
2026-08-07,703,29805.0,254,NQ,
2026-08-07,704,29811.75,259,NQ,
2026-08-07,705,29808.75,255,NQ,
2026-08-07,706,29812.5,252,NQ,
2026-08-07,707,29811.0,217,NQ,
2026-08-07,708,29815.0,176,NQ,
2026-08-07,709,29829.5,248,NQ,
2026-08-07,710,29839.25,312,NQ,
2026-08-07,711,29831.0,325,NQ,
2026-08-07,712,29825.75,237,NQ,
2026-08-07,713,29807.0,289,NQ,
2026-08-07,714,29815.5,228,NQ,
2026-08-07,715,29817.75,244,NQ,
2026-08-07,716,29815.75,275,NQ,
2026-08-07,717,29804.5,196,NQ,
2026-08-07,718,29806.25,242,NQ,
2026-08-07,719,29813.5,230,NQ,
2026-08-07,720,29801.5,283,NQ,
2026-08-07,721,29805.5,266,NQ,
2026-08-07,722,29804.75,215,NQ,
2026-08-07,723,29806.25,195,NQ,
2026-08-07,724,29812.25,207,NQ,
2026-08-07,725,29813.75,231,NQ,
2026-08-07,726,29820.25,224,NQ,
2026-08-07,727,29827.0,250,NQ,
2026-08-07,728,29820.5,208,NQ,
2026-08-07,729,29825.0,209,NQ,
2026-08-07,730,29822.5,172,NQ,
2026-08-07,731,29824.5,147,NQ,
2026-08-07,732,29813.5,231,NQ,
2026-08-07,733,29807.25,196,NQ,
2026-08-07,734,29800.75,194,NQ,
2026-08-07,735,29809.25,255,NQ,
2026-08-07,736,29811.25,280,NQ,
2026-08-07,737,29809.25,191,NQ,
2026-08-07,738,29802.75,192,NQ,
2026-08-07,739,29794.5,311,NQ,
2026-08-07,740,29800.0,379,NQ,
2026-08-07,741,29776.75,272,NQ,
2026-08-07,742,29775.75,280,NQ,
2026-08-07,743,29757.5,383,NQ,
2026-08-07,744,29747.5,251,NQ,
2026-08-07,745,29721.25,430,NQ,
2026-08-07,746,29703.25,322,NQ,
2026-08-07,747,29711.25,303,NQ,
2026-08-07,748,29714.0,313,NQ,
2026-08-07,749,29713.25,331,NQ,
2026-08-07,750,29677.0,570,NQ,
2026-08-07,751,29675.5,429,NQ,
2026-08-07,752,29706.0,440,NQ,
2026-08-07,753,29709.75,317,NQ,
2026-08-07,754,29736.0,365,NQ,
2026-08-07,755,29728.5,372,NQ,
2026-08-07,756,29732.5,329,NQ,
2026-08-07,757,29730.75,183,NQ,
2026-08-07,758,29731.0,246,NQ,
2026-08-07,759,29752.0,279,NQ,
2026-08-07,760,29750.25,264,NQ,
2026-08-07,761,29754.0,208,NQ,
2026-08-07,762,29735.75,215,NQ,
2026-08-07,763,29744.25,197,NQ,
2026-08-07,764,29754.25,274,NQ,
2026-08-07,765,29767.75,307,NQ,
2026-08-07,766,29760.25,251,NQ,
2026-08-07,767,29761.25,247,NQ,
2026-08-07,768,29758.75,278,NQ,
2026-08-07,769,29767.5,251,NQ,
2026-08-07,770,29777.75,274,NQ,
2026-08-07,771,29758.25,282,NQ,
2026-08-07,772,29746.0,289,NQ,
2026-08-07,773,29754.0,223,NQ,
2026-08-07,774,29746.0,224,NQ,
2026-08-07,775,29754.0,287,NQ,
2026-08-07,776,29752.0,228,NQ,
2026-08-07,777,29747.25,213,NQ,
2026-08-07,778,29745.5,215,NQ,
2026-08-07,779,29739.5,189,NQ,
2026-08-07,780,29730.5,290,NQ,
2026-08-07,781,29744.0,240,NQ,
2026-08-07,782,29747.5,232,NQ,
2026-08-07,783,29751.5,222,NQ,
2026-08-07,784,29745.0,210,NQ,
2026-08-07,785,29755.5,250,NQ,
2026-08-07,786,29761.75,237,NQ,
2026-08-07,787,29761.5,171,NQ,
2026-08-07,788,29764.75,196,NQ,
2026-08-07,789,29765.0,157,NQ,
2026-08-07,790,29756.75,298,NQ,
2026-08-07,791,29755.5,178,NQ,
2026-08-07,792,29743.25,185,NQ,
2026-08-07,793,29744.5,191,NQ,
2026-08-07,794,29736.0,214,NQ,
2026-08-07,795,29740.75,193,NQ,
2026-08-07,796,29748.25,262,NQ,
2026-08-07,797,29748.5,148,NQ,
2026-08-07,798,29751.25,203,NQ,
2026-08-07,799,29756.0,203,NQ,
2026-08-07,800,29757.25,203,NQ,
2026-08-07,801,29750.75,188,NQ,
2026-08-07,802,29757.5,187,NQ,
2026-08-07,803,29747.0,230,NQ,
2026-08-07,804,29732.5,177,NQ,
2026-08-07,805,29735.5,256,NQ,
2026-08-07,806,29736.5,166,NQ,
2026-08-07,807,29736.25,141,NQ,
2026-08-07,808,29745.25,127,NQ,
2026-08-07,809,29747.5,178,NQ,
2026-08-07,810,29747.0,164,NQ,
2026-08-07,811,29744.75,131,NQ,
2026-08-07,812,29739.75,161,NQ,
2026-08-07,813,29744.75,366,NQ,
2026-08-07,814,29735.75,192,NQ,
2026-08-07,815,29745.5,169,NQ,
2026-08-07,816,29749.25,136,NQ,
2026-08-07,817,29741.75,197,NQ,
2026-08-07,818,29748.5,110,NQ,
2026-08-07,819,29761.5,215,NQ,
2026-08-07,820,29747.25,232,NQ,
2026-08-07,821,29744.5,193,NQ,
2026-08-07,822,29741.5,136,NQ,
2026-08-07,823,29749.75,174,NQ,
2026-08-07,824,29745.25,108,NQ,
2026-08-07,825,29750.0,169,NQ,
2026-08-07,826,29752.75,138,NQ,
2026-08-07,827,29747.5,142,NQ,
2026-08-07,828,29750.0,148,NQ,
2026-08-07,829,29746.75,92,NQ,
2026-08-07,830,29751.5,175,NQ,
2026-08-07,831,29743.5,238,NQ,
2026-08-07,832,29742.5,158,NQ,
2026-08-07,833,29742.0,125,NQ,
2026-08-07,834,29751.0,152,NQ,
2026-08-07,835,29745.5,167,NQ,
2026-08-07,836,29748.25,151,NQ,
2026-08-07,837,29756.5,182,NQ,
2026-08-07,838,29751.5,165,NQ,
2026-08-07,839,29743.25,120,NQ,
2026-08-07,840,29744.75,226,NQ,
2026-08-07,841,29753.75,210,NQ,
2026-08-07,842,29751.25,103,NQ,
2026-08-07,843,29750.25,127,NQ,
2026-08-07,844,29746.5,132,NQ,
2026-08-07,845,29738.75,290,NQ,
2026-08-07,846,29743.0,201,NQ,
2026-08-07,847,29745.25,200,NQ,
2026-08-07,848,29746.0,219,NQ,
2026-08-07,849,29743.25,139,NQ,
2026-08-07,850,29745.5,159,NQ,
2026-08-07,851,29741.0,187,NQ,
2026-08-07,852,29732.75,224,NQ,
2026-08-07,853,29721.75,213,NQ,
2026-08-07,854,29721.25,291,NQ,
2026-08-07,855,29719.25,307,NQ,
2026-08-07,856,29719.75,245,NQ,
2026-08-07,857,29721.5,144,NQ,
2026-08-07,858,29731.75,200,NQ,
2026-08-07,859,29727.5,181,NQ,
2026-08-07,860,29724.75,163,NQ,
2026-08-07,861,29718.75,148,NQ,
2026-08-07,862,29725.25,170,NQ,
2026-08-07,863,29720.75,127,NQ,
2026-08-07,864,29718.0,187,NQ,
2026-08-07,865,29710.25,227,NQ,
2026-08-07,866,29708.25,239,NQ,
2026-08-07,867,29714.75,198,NQ,
2026-08-07,868,29707.25,121,NQ,
2026-08-07,869,29705.75,194,NQ,
2026-08-07,870,29704.25,267,NQ,
2026-08-07,871,29709.0,248,NQ,
2026-08-07,872,29716.0,188,NQ,
2026-08-07,873,29722.0,204,NQ,
2026-08-07,874,29704.75,195,NQ,
2026-08-07,875,29693.25,272,NQ,
2026-08-07,876,29698.0,225,NQ,
2026-08-07,877,29702.0,174,NQ,
2026-08-07,878,29696.5,167,NQ,
2026-08-07,879,29699.0,161,NQ,
2026-08-07,880,29698.5,139,NQ,
2026-08-07,881,29699.25,160,NQ,
2026-08-07,882,29696.5,145,NQ,
2026-08-07,883,29692.75,138,NQ,
2026-08-07,884,29681.25,237,NQ,
2026-08-07,885,29686.0,201,NQ,
2026-08-07,886,29679.25,209,NQ,
2026-08-07,887,29681.5,193,NQ,
2026-08-07,888,29695.5,260,NQ,
2026-08-07,889,29699.5,195,NQ,
2026-08-07,890,29705.5,227,NQ,
2026-08-07,891,29711.0,194,NQ,
2026-08-07,892,29705.25,178,NQ,
2026-08-07,893,29704.5,178,NQ,
2026-08-07,894,29697.5,164,NQ,
2026-08-07,895,29695.25,172,NQ,
2026-08-07,896,29692.0,161,NQ,
2026-08-07,897,29704.75,183,NQ,
2026-08-07,898,29709.5,247,NQ,
2026-08-07,899,29725.0,254,NQ,
2026-08-07,900,29739.75,389,NQ,
2026-08-07,901,29753.75,376,NQ,
2026-08-07,902,29746.25,252,NQ,
2026-08-07,903,29744.75,231,NQ,
2026-08-07,904,29746.0,162,NQ,
2026-08-07,905,29763.25,213,NQ,
2026-08-07,906,29776.5,247,NQ,
2026-08-07,907,29787.0,281,NQ,
2026-08-07,908,29783.5,260,NQ,
2026-08-07,909,29792.5,242,NQ,
2026-08-07,910,29807.75,352,NQ,
2026-08-07,911,29805.75,235,NQ,
2026-08-07,912,29806.25,218,NQ,
2026-08-07,913,29802.0,207,NQ,
2026-08-07,914,29800.0,248,NQ,
2026-08-07,915,29820.5,368,NQ,
2026-08-07,916,29820.75,369,NQ,
2026-08-07,917,29804.0,294,NQ,
2026-08-07,918,29804.25,305,NQ,
2026-08-07,919,29793.25,245,NQ,
2026-08-07,920,29808.25,264,NQ,
2026-08-07,921,29803.5,240,NQ,
2026-08-07,922,29805.75,217,NQ,
2026-08-07,923,29813.0,205,NQ,
2026-08-07,924,29798.75,223,NQ,
2026-08-07,925,29799.0,201,NQ,
2026-08-07,926,29806.5,219,NQ,
2026-08-07,927,29802.25,195,NQ,
2026-08-07,928,29804.0,159,NQ,
2026-08-07,929,29811.0,197,NQ,
2026-08-07,930,29785.75,346,NQ,
2026-08-07,931,29794.75,235,NQ,
2026-08-07,932,29791.75,191,NQ,
2026-08-07,933,29785.25,214,NQ,
2026-08-07,934,29779.25,188,NQ,
2026-08-07,935,29783.25,265,NQ,
2026-08-07,936,29789.5,312,NQ,
2026-08-07,937,29790.25,233,NQ,
2026-08-07,938,29795.0,214,NQ,
2026-08-07,939,29795.25,175,NQ,
2026-08-07,940,29781.25,246,NQ,
2026-08-07,941,29778.25,243,NQ,
2026-08-07,942,29789.75,233,NQ,
2026-08-07,943,29781.75,229,NQ,
2026-08-07,944,29779.75,218,NQ,
2026-08-07,945,29788.25,317,NQ,
2026-08-07,946,29785.25,331,NQ,
2026-08-07,947,29790.25,283,NQ,
2026-08-07,948,29790.75,277,NQ,
2026-08-07,949,29791.0,254,NQ,
2026-08-07,950,29810.0,521,NQ,
2026-08-07,951,29805.75,329,NQ,
2026-08-07,952,29809.0,334,NQ,
2026-08-07,953,29827.5,328,NQ,
2026-08-07,954,29828.25,451,NQ,
2026-08-07,955,29822.5,593,NQ,
2026-08-07,956,29823.5,326,NQ,
2026-08-07,957,29845.25,353,NQ,
2026-08-07,958,29854.25,472,NQ,
2026-08-07,959,29833.5,1303,NQ,
2026-08-10,570,29823.25,966,NQ,
2026-08-10,571,29815.0,388,NQ,
2026-08-10,572,29821.75,451,NQ,
2026-08-10,573,29804.75,430,NQ,
2026-08-10,574,29740.75,474,NQ,
2026-08-10,575,29782.5,586,NQ,
2026-08-10,576,29774.75,505,NQ,
2026-08-10,577,29758.25,559,NQ,
2026-08-10,578,29761.0,471,NQ,
2026-08-10,579,29763.5,480,NQ,
2026-08-10,580,29745.5,459,NQ,
2026-08-10,581,29755.5,515,NQ,
2026-08-10,582,29757.5,420,NQ,
2026-08-10,583,29774.0,359,NQ,
2026-08-10,584,29776.0,401,NQ,
2026-08-10,585,29772.75,419,NQ,
2026-08-10,586,29788.0,351,NQ,
2026-08-10,587,29808.5,239,NQ,
2026-08-10,588,29809.0,305,NQ,
2026-08-10,589,29817.25,351,NQ,
2026-08-10,590,29805.75,789,NQ,
2026-08-10,591,29805.75,319,NQ,
2026-08-10,592,29791.25,358,NQ,
2026-08-10,593,29775.75,390,NQ,
2026-08-10,594,29777.0,333,NQ,
2026-08-10,595,29762.0,344,NQ,
2026-08-10,596,29780.25,371,NQ,
2026-08-10,597,29788.75,363,NQ,
2026-08-10,598,29795.75,345,NQ,
2026-08-10,599,29807.0,277,NQ,
2026-08-10,600,29805.25,473,NQ,
2026-08-10,601,29823.5,359,NQ,
2026-08-10,602,29813.5,324,NQ,
2026-08-10,603,29807.5,281,NQ,
2026-08-10,604,29819.0,303,NQ,
2026-08-10,605,29828.0,267,NQ,
2026-08-10,606,29858.0,354,NQ,
2026-08-10,607,29856.5,269,NQ,
2026-08-10,608,29850.0,276,NQ,
2026-08-10,609,29874.25,793,NQ,
2026-08-10,610,29886.0,464,NQ,
2026-08-10,611,29880.0,333,NQ,
2026-08-10,612,29885.25,244,NQ,
2026-08-10,613,29883.0,269,NQ,
2026-08-10,614,29881.25,266,NQ,
2026-08-10,615,29881.25,437,NQ,
2026-08-10,616,29884.0,327,NQ,
2026-08-10,617,29872.75,259,NQ,
2026-08-10,618,29862.25,322,NQ,
2026-08-10,619,29862.25,279,NQ,
2026-08-10,620,29881.0,293,NQ,
2026-08-10,621,29863.75,294,NQ,
2026-08-10,622,29859.75,354,NQ,
2026-08-10,623,29847.75,297,NQ,
2026-08-10,624,29837.75,331,NQ,
2026-08-10,625,29850.0,488,NQ,
2026-08-10,626,29847.25,311,NQ,
2026-08-10,627,29853.25,314,NQ,
2026-08-10,628,29864.75,272,NQ,
2026-08-10,629,29857.75,265,NQ,
2026-08-10,630,29866.5,318,NQ,
2026-08-10,631,29874.0,290,NQ,
2026-08-10,632,29879.75,224,NQ,
2026-08-10,633,29867.0,210,NQ,
2026-08-10,634,29861.5,613,NQ,
2026-08-10,635,29882.5,362,NQ,
2026-08-10,636,29882.5,271,NQ,
2026-08-10,637,29889.25,253,NQ,
2026-08-10,638,29857.75,378,NQ,
2026-08-10,639,29860.0,389,NQ,
2026-08-10,640,29860.25,281,NQ,
2026-08-10,641,29866.75,324,NQ,
2026-08-10,642,29879.5,295,NQ,
2026-08-10,643,29875.5,243,NQ,
2026-08-10,644,29866.75,189,NQ,
2026-08-10,645,29885.25,345,NQ,
2026-08-10,646,29875.25,275,NQ,
2026-08-10,647,29870.75,201,NQ,
2026-08-10,648,29872.0,224,NQ,
2026-08-10,649,29870.25,213,NQ,
2026-08-10,650,29867.0,201,NQ,
2026-08-10,651,29845.5,312,NQ,
2026-08-10,652,29837.75,283,NQ,
2026-08-10,653,29808.0,399,NQ,
2026-08-10,654,29795.75,401,NQ,
2026-08-10,655,29793.75,495,NQ,
2026-08-10,656,29804.5,354,NQ,
2026-08-10,657,29802.25,330,NQ,
2026-08-10,658,29791.75,311,NQ,
2026-08-10,659,29779.25,301,NQ,
2026-08-10,660,29777.75,417,NQ,
2026-08-10,661,29803.5,398,NQ,
2026-08-10,662,29800.25,342,NQ,
2026-08-10,663,29798.75,263,NQ,
2026-08-10,664,29800.0,287,NQ,
2026-08-10,665,29809.5,274,NQ,
2026-08-10,666,29803.25,333,NQ,
2026-08-10,667,29815.5,207,NQ,
2026-08-10,668,29797.0,225,NQ,
2026-08-10,669,29782.75,333,NQ,
2026-08-10,670,29794.75,336,NQ,
2026-08-10,671,29784.0,206,NQ,
2026-08-10,672,29771.0,257,NQ,
2026-08-10,673,29793.0,381,NQ,
2026-08-10,674,29793.25,260,NQ,
2026-08-10,675,29813.25,310,NQ,
2026-08-10,676,29801.5,322,NQ,
2026-08-10,677,29803.0,207,NQ,
2026-08-10,678,29794.5,226,NQ,
2026-08-10,679,29799.75,251,NQ,
2026-08-10,680,29797.25,229,NQ,
2026-08-10,681,29789.75,255,NQ,
2026-08-10,682,29782.0,233,NQ,
2026-08-10,683,29785.25,219,NQ,
2026-08-10,684,29783.75,192,NQ,
2026-08-10,685,29764.0,300,NQ,
2026-08-10,686,29764.75,295,NQ,
2026-08-10,687,29776.0,327,NQ,
2026-08-10,688,29779.5,240,NQ,
2026-08-10,689,29777.75,214,NQ,
2026-08-10,690,29772.25,253,NQ,
2026-08-10,691,29766.25,232,NQ,
2026-08-10,692,29761.0,245,NQ,
2026-08-10,693,29762.0,203,NQ,
2026-08-10,694,29750.0,257,NQ,
2026-08-10,695,29759.0,371,NQ,
2026-08-10,696,29752.75,190,NQ,
2026-08-10,697,29761.75,160,NQ,
2026-08-10,698,29762.5,144,NQ,
2026-08-10,699,29761.75,252,NQ,
2026-08-10,700,29779.0,274,NQ,
2026-08-10,701,29785.0,247,NQ,
2026-08-10,702,29780.75,194,NQ,
2026-08-10,703,29796.25,272,NQ,
2026-08-10,704,29808.25,318,NQ,
2026-08-10,705,29812.25,319,NQ,
2026-08-10,706,29802.0,311,NQ,
2026-08-10,707,29801.5,224,NQ,
2026-08-10,708,29791.75,265,NQ,
2026-08-10,709,29795.75,252,NQ,
2026-08-10,710,29808.25,295,NQ,
2026-08-10,711,29821.75,260,NQ,
2026-08-10,712,29832.0,273,NQ,
2026-08-10,713,29833.25,298,NQ,
2026-08-10,714,29846.5,267,NQ,
2026-08-10,715,29841.5,233,NQ,
2026-08-10,716,29845.5,184,NQ,
2026-08-10,717,29853.0,256,NQ,
2026-08-10,718,29848.25,154,NQ,
2026-08-10,719,29844.0,203,NQ,
2026-08-10,720,29853.0,324,NQ,
2026-08-10,721,29847.75,209,NQ,
2026-08-10,722,29852.25,144,NQ,
2026-08-10,723,29847.25,151,NQ,
2026-08-10,724,29848.0,178,NQ,
2026-08-10,725,29844.25,295,NQ,
2026-08-10,726,29835.5,221,NQ,
2026-08-10,727,29832.25,199,NQ,
2026-08-10,728,29822.75,248,NQ,
2026-08-10,729,29826.25,253,NQ,
2026-08-10,730,29825.0,244,NQ,
2026-08-10,731,29819.25,232,NQ,
2026-08-10,732,29816.5,224,NQ,
2026-08-10,733,29825.5,142,NQ,
2026-08-10,734,29822.0,239,NQ,
2026-08-10,735,29809.0,302,NQ,
2026-08-10,736,29829.75,211,NQ,
2026-08-10,737,29826.25,195,NQ,
2026-08-10,738,29825.0,195,NQ,
2026-08-10,739,29821.25,204,NQ,
2026-08-10,740,29831.25,173,NQ,
2026-08-10,741,29819.25,176,NQ,
2026-08-10,742,29824.5,178,NQ,
2026-08-10,743,29836.5,221,NQ,
2026-08-10,744,29839.25,238,NQ,
2026-08-10,745,29838.5,247,NQ,
2026-08-10,746,29819.0,217,NQ,
2026-08-10,747,29811.5,187,NQ,
2026-08-10,748,29817.75,266,NQ,
2026-08-10,749,29809.75,149,NQ,
2026-08-10,750,29807.0,221,NQ,
2026-08-10,751,29796.75,809,NQ,
2026-08-10,752,29782.0,343,NQ,
2026-08-10,753,29780.75,269,NQ,
2026-08-10,754,29778.25,236,NQ,
2026-08-10,755,29789.25,229,NQ,
2026-08-10,756,29783.25,269,NQ,
2026-08-10,757,29774.75,224,NQ,
2026-08-10,758,29768.25,263,NQ,
2026-08-10,759,29769.5,220,NQ,
2026-08-10,760,29771.0,231,NQ,
2026-08-10,761,29753.25,281,NQ,
2026-08-10,762,29750.25,400,NQ,
2026-08-10,763,29735.5,444,NQ,
2026-08-10,764,29742.25,284,NQ,
2026-08-10,765,29741.0,304,NQ,
2026-08-10,766,29755.0,326,NQ,
2026-08-10,767,29760.25,224,NQ,
2026-08-10,768,29758.75,238,NQ,
2026-08-10,769,29767.25,219,NQ,
2026-08-10,770,29752.75,240,NQ,
2026-08-10,771,29753.75,227,NQ,
2026-08-10,772,29751.75,169,NQ,
2026-08-10,773,29744.75,298,NQ,
2026-08-10,774,29755.25,212,NQ,
2026-08-10,775,29762.5,302,NQ,
2026-08-10,776,29771.75,193,NQ,
2026-08-10,777,29771.25,210,NQ,
2026-08-10,778,29767.5,182,NQ,
2026-08-10,779,29780.5,182,NQ,
2026-08-10,780,29781.0,281,NQ,
2026-08-10,781,29769.5,246,NQ,
2026-08-10,782,29772.75,189,NQ,
2026-08-10,783,29762.0,207,NQ,
2026-08-10,784,29774.0,216,NQ,
2026-08-10,785,29774.0,230,NQ,
2026-08-10,786,29774.75,150,NQ,
2026-08-10,787,29787.75,225,NQ,
2026-08-10,788,29794.75,526,NQ,
2026-08-10,789,29800.5,249,NQ,
2026-08-10,790,29802.25,220,NQ,
2026-08-10,791,29797.75,246,NQ,
2026-08-10,792,29797.0,191,NQ,
2026-08-10,793,29802.5,153,NQ,
2026-08-10,794,29800.75,203,NQ,
2026-08-10,795,29807.75,174,NQ,
2026-08-10,796,29807.5,208,NQ,
2026-08-10,797,29805.75,192,NQ,
2026-08-10,798,29792.5,251,NQ,
2026-08-10,799,29796.0,172,NQ,
2026-08-10,800,29799.25,185,NQ,
2026-08-10,801,29792.5,149,NQ,
2026-08-10,802,29794.5,153,NQ,
2026-08-10,803,29797.5,118,NQ,
2026-08-10,804,29796.75,118,NQ,
2026-08-10,805,29788.75,143,NQ,
2026-08-10,806,29786.25,248,NQ,
2026-08-10,807,29782.75,156,NQ,
2026-08-10,808,29783.75,215,NQ,
2026-08-10,809,29787.0,154,NQ,
2026-08-10,810,29793.0,185,NQ,
2026-08-10,811,29793.75,171,NQ,
2026-08-10,812,29791.75,96,NQ,
2026-08-10,813,29788.75,136,NQ,
2026-08-10,814,29787.75,194,NQ,
2026-08-10,815,29783.25,171,NQ,
2026-08-10,816,29781.0,171,NQ,
2026-08-10,817,29765.0,298,NQ,
2026-08-10,818,29769.5,235,NQ,
2026-08-10,819,29769.5,165,NQ,
2026-08-10,820,29772.0,212,NQ,
2026-08-10,821,29773.5,146,NQ,
2026-08-10,822,29766.25,172,NQ,
2026-08-10,823,29766.0,126,NQ,
2026-08-10,824,29759.5,186,NQ,
2026-08-10,825,29758.0,256,NQ,
2026-08-10,826,29760.5,156,NQ,
2026-08-10,827,29757.75,186,NQ,
2026-08-10,828,29758.25,136,NQ,
2026-08-10,829,29753.5,131,NQ,
2026-08-10,830,29749.25,197,NQ,
2026-08-10,831,29750.5,175,NQ,
2026-08-10,832,29759.0,249,NQ,
2026-08-10,833,29752.5,160,NQ,
2026-08-10,834,29752.25,227,NQ,
2026-08-10,835,29752.0,173,NQ,
2026-08-10,836,29751.0,134,NQ,
2026-08-10,837,29759.5,174,NQ,
2026-08-10,838,29764.25,156,NQ,
2026-08-10,839,29759.75,158,NQ,
2026-08-10,840,29763.0,230,NQ,
2026-08-10,841,29752.75,182,NQ,
2026-08-10,842,29752.5,146,NQ,
2026-08-10,843,29755.75,130,NQ,
2026-08-10,844,29754.5,95,NQ,
2026-08-10,845,29756.25,175,NQ,
2026-08-10,846,29759.0,150,NQ,
2026-08-10,847,29757.5,102,NQ,
2026-08-10,848,29767.0,200,NQ,
2026-08-10,849,29766.25,155,NQ,
2026-08-10,850,29769.75,160,NQ,
2026-08-10,851,29769.0,133,NQ,
2026-08-10,852,29759.5,154,NQ,
2026-08-10,853,29757.5,174,NQ,
2026-08-10,854,29751.25,157,NQ,
2026-08-10,855,29748.0,211,NQ,
2026-08-10,856,29749.75,176,NQ,
2026-08-10,857,29753.25,175,NQ,
2026-08-10,858,29747.0,98,NQ,
2026-08-10,859,29747.5,201,NQ,
2026-08-10,860,29745.5,144,NQ,
2026-08-10,861,29745.75,81,NQ,
2026-08-10,862,29751.5,144,NQ,
2026-08-10,863,29750.5,31,NQ,
2026-08-10,864,29750.75,32,NQ,
2026-08-10,865,29755.25,5,NQ,
2026-08-10,866,29748.25,46,NQ,
2026-08-10,867,29746.75,15,NQ,
2026-08-10,868,29749.0,59,NQ,
2026-08-10,869,29747.75,15,NQ,
2026-08-10,870,29748.5,120,NQ,
2026-08-10,871,29762.5,136,NQ,
2026-08-10,872,29762.25,133,NQ,
2026-08-10,873,29761.5,194,NQ,
2026-08-10,874,29763.0,130,NQ,
2026-08-10,875,29765.0,263,NQ,
2026-08-10,876,29755.5,165,NQ,
2026-08-10,877,29749.25,208,NQ,
2026-08-10,878,29748.5,132,NQ,
2026-08-10,879,29754.75,155,NQ,
2026-08-10,880,29758.5,210,NQ,
2026-08-10,881,29764.0,210,NQ,
2026-08-10,882,29771.5,176,NQ,
2026-08-10,883,29767.75,214,NQ,
2026-08-10,884,29771.75,140,NQ,
2026-08-10,885,29772.75,172,NQ,
2026-08-10,886,29767.0,144,NQ,
2026-08-10,887,29769.25,152,NQ,
2026-08-10,888,29767.25,122,NQ,
2026-08-10,889,29765.25,191,NQ,
2026-08-10,890,29772.75,174,NQ,
2026-08-10,891,29769.75,202,NQ,
2026-08-10,892,29774.25,149,NQ,
2026-08-10,893,29774.25,105,NQ,
2026-08-10,894,29775.0,115,NQ,
2026-08-10,895,29767.75,198,NQ,
2026-08-10,896,29775.0,128,NQ,
2026-08-10,897,29783.25,191,NQ,
2026-08-10,898,29780.0,201,NQ,
2026-08-10,899,29782.0,154,NQ,
2026-08-10,900,29780.25,263,NQ,
2026-08-10,901,29785.75,239,NQ,
2026-08-10,902,29786.25,204,NQ,
2026-08-10,903,29791.0,167,NQ,
2026-08-10,904,29782.25,180,NQ,
2026-08-10,905,29778.5,248,NQ,
2026-08-10,906,29779.25,184,NQ,
2026-08-10,907,29781.75,111,NQ,
2026-08-10,908,29787.75,180,NQ,
2026-08-10,909,29787.5,151,NQ,
2026-08-10,910,29787.0,180,NQ,
2026-08-10,911,29788.25,154,NQ,
2026-08-10,912,29789.75,136,NQ,
2026-08-10,913,29793.0,211,NQ,
2026-08-10,914,29789.5,192,NQ,
2026-08-10,915,29788.75,171,NQ,
2026-08-10,916,29783.0,208,NQ,
2026-08-10,917,29789.75,251,NQ,
2026-08-10,918,29792.75,169,NQ,
2026-08-10,919,29785.5,138,NQ,
2026-08-10,920,29782.75,153,NQ,
2026-08-10,921,29786.25,132,NQ,
2026-08-10,922,29782.5,162,NQ,
2026-08-10,923,29786.5,139,NQ,
2026-08-10,924,29793.75,289,NQ,
2026-08-10,925,29787.0,194,NQ,
2026-08-10,926,29792.25,177,NQ,
2026-08-10,927,29784.75,230,NQ,
2026-08-10,928,29785.5,167,NQ,
2026-08-10,929,29781.75,173,NQ,
2026-08-10,930,29784.0,207,NQ,
2026-08-10,931,29786.0,207,NQ,
2026-08-10,932,29781.0,208,NQ,
2026-08-10,933,29778.25,158,NQ,
2026-08-10,934,29777.0,205,NQ,
2026-08-10,935,29776.0,200,NQ,
2026-08-10,936,29780.5,190,NQ,
2026-08-10,937,29781.75,144,NQ,
2026-08-10,938,29785.75,179,NQ,
2026-08-10,939,29787.75,270,NQ,
2026-08-10,940,29776.0,225,NQ,
2026-08-10,941,29773.75,243,NQ,
2026-08-10,942,29780.25,208,NQ,
2026-08-10,943,29778.0,155,NQ,
2026-08-10,944,29776.25,183,NQ,
2026-08-10,945,29767.75,252,NQ,
2026-08-10,946,29767.75,203,NQ,
2026-08-10,947,29774.75,274,NQ,
2026-08-10,948,29770.5,186,NQ,
2026-08-10,949,29781.75,357,NQ,
2026-08-10,950,29749.0,932,NQ,
2026-08-10,951,29743.75,279,NQ,
2026-08-10,952,29738.0,305,NQ,
2026-08-10,953,29742.5,287,NQ,
2026-08-10,954,29734.0,494,NQ,
2026-08-10,955,29745.5,595,NQ,
2026-08-10,956,29738.25,330,NQ,
2026-08-10,957,29733.0,335,NQ,
2026-08-10,958,29734.5,502,NQ,
2026-08-10,959,29743.75,1058,NQ,
2026-08-11,604,29756.75,3323,NQ,
2026-08-11,605,29772.0,292,NQ,
2026-08-11,606,29779.5,328,NQ,
2026-08-11,607,29785.0,322,NQ,
2026-08-11,608,29776.0,414,NQ,
2026-08-11,609,29778.0,385,NQ,
2026-08-11,610,29779.75,275,NQ,
2026-08-11,611,29777.5,317,NQ,
2026-08-11,612,29778.75,333,NQ,
2026-08-11,613,29772.5,242,NQ,
2026-08-11,614,29763.0,339,NQ,
2026-08-11,615,29771.75,447,NQ,
2026-08-11,616,29780.25,477,NQ,
2026-08-11,617,29756.5,289,NQ,
2026-08-11,618,29752.75,590,NQ,
2026-08-11,619,29748.5,285,NQ,
2026-08-11,620,29755.75,376,NQ,
2026-08-11,621,29759.75,335,NQ,
2026-08-11,622,29750.25,355,NQ,
2026-08-11,623,29762.0,352,NQ,
2026-08-11,624,29748.0,298,NQ,
2026-08-11,625,29757.5,285,NQ,
2026-08-11,626,29752.0,248,NQ,
2026-08-11,627,29755.5,269,NQ,
2026-08-11,628,29769.5,262,NQ,
2026-08-11,629,29777.25,339,NQ,
2026-08-11,630,29746.75,350,NQ,
2026-08-11,631,29746.0,448,NQ,
2026-08-11,632,29754.25,256,NQ,
2026-08-11,633,29766.75,346,NQ,
2026-08-11,634,29772.75,246,NQ,
2026-08-11,635,29768.75,351,NQ,
2026-08-11,636,29769.5,287,NQ,
2026-08-11,637,29751.5,271,NQ,
2026-08-11,638,29749.25,340,NQ,
2026-08-11,639,29744.25,213,NQ,
2026-08-11,640,29749.0,284,NQ,
2026-08-11,641,29753.25,236,NQ,
2026-08-11,642,29751.5,414,NQ,
2026-08-11,643,29740.0,256,NQ,
2026-08-11,644,29742.75,345,NQ,
2026-08-11,645,29753.75,292,NQ,
2026-08-11,646,29763.25,324,NQ,
2026-08-11,647,29770.5,309,NQ,
2026-08-11,648,29774.75,283,NQ,
2026-08-11,649,29780.0,280,NQ,
2026-08-11,650,29769.0,312,NQ,
2026-08-11,651,29789.25,290,NQ,
2026-08-11,652,29798.75,445,NQ,
2026-08-11,653,29783.75,279,NQ,
2026-08-11,654,29794.5,308,NQ,
2026-08-11,655,29791.0,213,NQ,
2026-08-11,656,29789.25,299,NQ,
2026-08-11,657,29791.5,237,NQ,
2026-08-11,658,29785.25,262,NQ,
2026-08-11,659,29777.0,294,NQ,
2026-08-11,660,29783.5,351,NQ,
2026-08-11,661,29789.25,274,NQ,
2026-08-11,662,29781.0,256,NQ,
2026-08-11,663,29782.75,285,NQ,
2026-08-11,664,29776.75,303,NQ,
2026-08-11,665,29757.25,373,NQ,
2026-08-11,666,29743.75,388,NQ,
2026-08-11,667,29737.0,287,NQ,
2026-08-11,668,29726.25,349,NQ,
2026-08-11,669,29713.5,294,NQ,
2026-08-11,670,29716.75,346,NQ,
2026-08-11,671,29719.0,276,NQ,
2026-08-11,672,29718.0,300,NQ,
2026-08-11,673,29709.0,264,NQ,
2026-08-11,674,29711.0,323,NQ,
2026-08-11,675,29711.5,338,NQ,
2026-08-11,676,29712.25,232,NQ,
2026-08-11,677,29706.75,276,NQ,
2026-08-11,678,29698.25,270,NQ,
2026-08-11,679,29708.75,319,NQ,
2026-08-11,680,29711.5,232,NQ,
2026-08-11,681,29728.5,250,NQ,
2026-08-11,682,29727.75,350,NQ,
2026-08-11,683,29719.75,289,NQ,
2026-08-11,684,29706.75,278,NQ,
2026-08-11,685,29720.0,311,NQ,
2026-08-11,686,29716.0,262,NQ,
2026-08-11,687,29707.5,239,NQ,
2026-08-11,688,29702.5,203,NQ,
2026-08-11,689,29702.5,250,NQ,
2026-08-11,690,29717.25,291,NQ,
2026-08-11,691,29707.25,211,NQ,
2026-08-11,692,29709.5,189,NQ,
2026-08-11,693,29695.5,224,NQ,
2026-08-11,694,29674.75,455,NQ,
2026-08-11,695,29678.5,400,NQ,
2026-08-11,696,29680.75,233,NQ,
2026-08-11,697,29686.0,269,NQ,
2026-08-11,698,29682.25,254,NQ,
2026-08-11,699,29670.0,221,NQ,
2026-08-11,700,29676.25,313,NQ,
2026-08-11,701,29676.25,276,NQ,
2026-08-11,702,29682.75,222,NQ,
2026-08-11,703,29690.5,274,NQ,
2026-08-11,704,29693.25,269,NQ,
2026-08-11,705,29680.75,252,NQ,
2026-08-11,706,29672.75,267,NQ,
2026-08-11,707,29668.75,337,NQ,
2026-08-11,708,29673.0,263,NQ,
2026-08-11,709,29667.5,207,NQ,
2026-08-11,710,29683.5,336,NQ,
2026-08-11,711,29668.0,255,NQ,
2026-08-11,712,29665.25,204,NQ,
2026-08-11,713,29663.25,206,NQ,
2026-08-11,714,29666.25,297,NQ,
2026-08-11,715,29667.0,288,NQ,
2026-08-11,716,29667.0,235,NQ,
2026-08-11,717,29661.75,223,NQ,
2026-08-11,718,29665.0,325,NQ,
2026-08-11,719,29663.25,263,NQ,
2026-08-11,720,29671.0,303,NQ,
2026-08-11,721,29657.0,313,NQ,
2026-08-11,722,29657.75,234,NQ,
2026-08-11,723,29648.75,272,NQ,
2026-08-11,724,29652.25,222,NQ,
2026-08-11,725,29670.0,252,NQ,
2026-08-11,726,29673.5,275,NQ,
2026-08-11,727,29674.5,219,NQ,
2026-08-11,728,29677.75,242,NQ,
2026-08-11,729,29679.0,252,NQ,
2026-08-11,730,29678.75,253,NQ,
2026-08-11,731,29664.75,169,NQ,
2026-08-11,732,29665.0,234,NQ,
2026-08-11,733,29660.75,176,NQ,
2026-08-11,734,29652.5,258,NQ,
2026-08-11,735,29660.75,187,NQ,
2026-08-11,736,29667.0,262,NQ,
2026-08-11,737,29661.25,205,NQ,
2026-08-11,738,29657.75,178,NQ,
2026-08-11,739,29648.75,190,NQ,
2026-08-11,740,29645.0,232,NQ,
2026-08-11,741,29645.25,227,NQ,
2026-08-11,742,29655.25,200,NQ,
2026-08-11,743,29656.0,468,NQ,
2026-08-11,744,29643.0,263,NQ,
2026-08-11,745,29635.5,325,NQ,
2026-08-11,746,29636.5,291,NQ,
2026-08-11,747,29646.25,235,NQ,
2026-08-11,748,29638.25,322,NQ,
2026-08-11,749,29645.75,191,NQ,
2026-08-11,750,29649.25,220,NQ,
2026-08-11,751,29635.75,195,NQ,
2026-08-11,752,29635.0,222,NQ,
2026-08-11,753,29633.75,194,NQ,
2026-08-11,754,29633.25,180,NQ,
2026-08-11,755,29646.0,191,NQ,
2026-08-11,756,29651.25,232,NQ,
2026-08-11,757,29660.0,336,NQ,
2026-08-11,758,29657.75,226,NQ,
2026-08-11,759,29661.5,161,NQ,
2026-08-11,760,29651.25,265,NQ,
2026-08-11,761,29648.25,231,NQ,
2026-08-11,762,29646.75,240,NQ,
2026-08-11,763,29639.25,241,NQ,
2026-08-11,764,29637.0,246,NQ,
2026-08-11,765,29632.0,237,NQ,
2026-08-11,766,29621.25,258,NQ,
2026-08-11,767,29623.0,235,NQ,
2026-08-11,768,29624.25,301,NQ,
2026-08-11,769,29632.5,223,NQ,
2026-08-11,770,29635.75,369,NQ,
2026-08-11,771,29640.25,234,NQ,
2026-08-11,772,29638.75,208,NQ,
2026-08-11,773,29635.5,247,NQ,
2026-08-11,774,29641.5,234,NQ,
2026-08-11,775,29636.75,244,NQ,
2026-08-11,776,29626.0,228,NQ,
2026-08-11,777,29623.75,213,NQ,
2026-08-11,778,29625.5,303,NQ,
2026-08-11,779,29626.0,334,NQ,
2026-08-11,780,29624.5,285,NQ,
2026-08-11,781,29620.25,281,NQ,
2026-08-11,782,29608.25,449,NQ,
2026-08-11,783,29615.75,318,NQ,
2026-08-11,784,29605.75,282,NQ,
2026-08-11,785,29606.0,284,NQ,
2026-08-11,786,29617.75,314,NQ,
2026-08-11,787,29617.75,148,NQ,
2026-08-11,788,29615.5,207,NQ,
2026-08-11,789,29613.0,165,NQ,
2026-08-11,790,29603.0,279,NQ,
2026-08-11,791,29593.5,280,NQ,
2026-08-11,792,29587.0,334,NQ,
2026-08-11,793,29585.5,248,NQ,
2026-08-11,794,29578.25,248,NQ,
2026-08-11,795,29585.25,313,NQ,
2026-08-11,796,29584.75,227,NQ,
2026-08-11,797,29595.75,347,NQ,
2026-08-11,798,29599.25,214,NQ,
2026-08-11,799,29601.25,348,NQ,
2026-08-11,800,29601.0,191,NQ,
2026-08-11,801,29614.25,280,NQ,
2026-08-11,802,29602.5,230,NQ,
2026-08-11,803,29601.75,272,NQ,
2026-08-11,813,29608.25,2414,NQ,
2026-08-11,814,29614.0,175,NQ,
2026-08-11,815,29623.0,296,NQ,
2026-08-11,816,29623.0,171,NQ,
2026-08-11,817,29619.0,257,NQ,
2026-08-11,818,29607.0,209,NQ,
2026-08-11,819,29611.0,229,NQ,
2026-08-11,820,29617.25,228,NQ,
2026-08-11,821,29625.5,268,NQ,
2026-08-11,822,29635.75,304,NQ,
2026-08-11,823,29632.75,199,NQ,
2026-08-11,824,29634.25,160,NQ,
2026-08-11,825,29630.25,241,NQ,
2026-08-11,826,29629.0,175,NQ,
2026-08-11,827,29631.0,158,NQ,
2026-08-11,828,29636.75,247,NQ,
2026-08-11,829,29629.75,216,NQ,
2026-08-11,830,29632.0,220,NQ,
2026-08-11,831,29634.0,148,NQ,
2026-08-11,832,29635.75,103,NQ,
2026-08-11,833,29635.75,134,NQ,
2026-08-11,834,29638.75,125,NQ,
2026-08-11,835,29633.75,206,NQ,
2026-08-11,836,29627.0,172,NQ,
2026-08-11,837,29625.0,269,NQ,
2026-08-11,838,29631.5,223,NQ,
2026-08-11,839,29628.75,179,NQ,
2026-08-11,840,29628.25,274,NQ,
2026-08-11,841,29623.5,208,NQ,
2026-08-11,842,29620.25,249,NQ,
2026-08-11,843,29630.5,277,NQ,
2026-08-11,844,29630.0,204,NQ,
2026-08-11,845,29623.5,248,NQ,
2026-08-11,846,29606.0,280,NQ,
2026-08-11,847,29607.0,255,NQ,
2026-08-11,848,29603.25,248,NQ,
2026-08-11,849,29605.0,229,NQ,
2026-08-11,850,29606.75,175,NQ,
2026-08-11,851,29611.5,284,NQ,
2026-08-11,852,29607.25,143,NQ,
2026-08-11,853,29605.75,202,NQ,
2026-08-11,854,29607.75,168,NQ,
2026-08-11,855,29605.75,188,NQ,
2026-08-11,856,29602.5,198,NQ,
2026-08-11,857,29602.75,134,NQ,
2026-08-11,858,29607.25,168,NQ,
2026-08-11,859,29604.25,213,NQ,
2026-08-11,860,29590.25,237,NQ,
2026-08-11,861,29585.75,285,NQ,
2026-08-11,862,29582.25,199,NQ,
2026-08-11,863,29578.0,186,NQ,
2026-08-11,864,29583.5,219,NQ,
2026-08-11,865,29585.5,246,NQ,
2026-08-11,866,29580.25,203,NQ,
2026-08-11,867,29561.75,473,NQ,
2026-08-11,868,29552.25,285,NQ,
2026-08-11,869,29543.75,471,NQ,
2026-08-11,870,29551.75,346,NQ,
2026-08-11,871,29562.0,314,NQ,
2026-08-11,872,29566.75,272,NQ,
2026-08-11,873,29559.5,252,NQ,
2026-08-11,874,29568.75,204,NQ,
2026-08-11,875,29569.5,222,NQ,
2026-08-11,876,29572.0,156,NQ,
2026-08-11,877,29560.5,217,NQ,
2026-08-11,878,29560.5,199,NQ,
2026-08-11,879,29563.5,157,NQ,
2026-08-11,880,29556.75,174,NQ,
2026-08-11,881,29546.0,210,NQ,
2026-08-11,882,29555.25,229,NQ,
2026-08-11,883,29553.0,187,NQ,
2026-08-11,884,29548.75,201,NQ,
2026-08-11,885,29556.0,199,NQ,
2026-08-11,886,29559.5,184,NQ,
2026-08-11,887,29563.25,149,NQ,
2026-08-11,888,29575.5,204,NQ,
2026-08-11,889,29585.0,253,NQ,
2026-08-11,890,29582.75,312,NQ,
2026-08-11,891,29586.5,190,NQ,
2026-08-11,892,29592.75,200,NQ,
2026-08-11,893,29594.25,239,NQ,
2026-08-11,894,29595.0,231,NQ,
2026-08-11,895,29593.0,226,NQ,
2026-08-11,896,29588.75,208,NQ,
2026-08-11,897,29594.0,182,NQ,
2026-08-11,898,29585.75,273,NQ,
2026-08-11,899,29582.75,214,NQ,
2026-08-11,900,29580.5,278,NQ,
2026-08-11,901,29579.0,246,NQ,
2026-08-11,902,29583.25,172,NQ,
2026-08-11,903,29591.75,228,NQ,
2026-08-11,904,29593.5,214,NQ,
2026-08-11,905,29589.0,192,NQ,
2026-08-11,906,29580.75,181,NQ,
2026-08-11,907,29572.25,229,NQ,
2026-08-11,908,29576.5,217,NQ,
2026-08-11,909,29582.75,265,NQ,
2026-08-11,910,29590.5,269,NQ,
2026-08-11,911,29595.25,284,NQ,
2026-08-11,912,29592.75,211,NQ,
2026-08-11,913,29613.5,432,NQ,
2026-08-11,914,29607.75,286,NQ,
2026-08-11,915,29604.5,204,NQ,
2026-08-11,916,29606.75,186,NQ,
2026-08-11,917,29605.5,201,NQ,
2026-08-11,918,29610.5,181,NQ,
2026-08-11,919,29605.5,232,NQ,
2026-08-11,920,29609.0,187,NQ,
2026-08-11,921,29613.0,189,NQ,
2026-08-11,922,29611.25,157,NQ,
2026-08-11,923,29608.5,194,NQ,
2026-08-11,924,29613.25,147,NQ,
2026-08-11,925,29612.5,229,NQ,
2026-08-11,926,29616.5,207,NQ,
2026-08-11,927,29614.0,173,NQ,
2026-08-11,928,29624.0,224,NQ,
2026-08-11,929,29624.0,232,NQ,
2026-08-11,930,29632.0,296,NQ,
2026-08-11,931,29634.0,286,NQ,
2026-08-11,932,29628.5,374,NQ,
2026-08-11,933,29633.5,164,NQ,
2026-08-11,934,29636.75,264,NQ,
2026-08-11,935,29636.5,227,NQ,
2026-08-11,936,29645.5,313,NQ,
2026-08-11,937,29652.25,298,NQ,
2026-08-11,938,29657.75,260,NQ,
2026-08-11,939,29660.0,244,NQ,
2026-08-11,940,29650.75,300,NQ,
2026-08-11,941,29647.25,236,NQ,
2026-08-11,942,29641.25,249,NQ,
2026-08-11,943,29642.0,270,NQ,
2026-08-11,944,29640.5,259,NQ,
2026-08-11,945,29626.25,385,NQ,
2026-08-11,946,29627.5,341,NQ,
2026-08-11,947,29628.0,309,NQ,
2026-08-11,948,29625.5,196,NQ,
2026-08-11,949,29628.5,226,NQ,
2026-08-11,950,29619.75,782,NQ,
2026-08-11,951,29624.25,248,NQ,
2026-08-11,952,29614.5,256,NQ,
2026-08-11,953,29619.0,383,NQ,
2026-08-11,954,29646.0,423,NQ,
2026-08-11,955,29640.75,704,NQ,
2026-08-11,956,29639.0,289,NQ,
2026-08-11,957,29634.75,324,NQ,
2026-08-11,958,29635.5,343,NQ,
2026-08-11,959,29634.5,1006,NQ,
2026-08-12,570,29975.0,979,NQ,
2026-08-12,571,29929.5,785,NQ,
2026-08-12,572,29917.0,386,NQ,
2026-08-12,579,29889.25,137,NQ,
2026-08-12,580,29870.0,522,NQ,
2026-08-12,581,29888.5,319,NQ,
2026-08-12,582,29888.0,406,NQ,
2026-08-12,583,29897.75,265,NQ,
2026-08-12,584,29899.5,301,NQ,
2026-08-12,585,29891.5,459,NQ,
2026-08-12,586,29906.75,316,NQ,
2026-08-12,587,29922.25,285,NQ,
2026-08-12,588,29968.0,390,NQ,
2026-08-12,589,29961.75,401,NQ,
2026-08-12,590,29947.25,289,NQ,
2026-08-12,591,29924.75,417,NQ,
2026-08-12,592,29915.0,217,NQ,
2026-08-12,593,29920.0,242,NQ,
2026-08-12,594,29895.0,230,NQ,
2026-08-12,595,29900.0,416,NQ,
2026-08-12,596,29863.75,263,NQ,
2026-08-12,597,29888.5,263,NQ,
2026-08-12,598,29909.0,267,NQ,
2026-08-12,599,29907.25,281,NQ,
2026-08-12,600,29901.0,610,NQ,
2026-08-12,601,29903.5,305,NQ,
2026-08-12,602,29877.25,543,NQ,
2026-08-12,603,29879.0,264,NQ,
2026-08-12,604,29857.75,385,NQ,
2026-08-12,605,29892.0,432,NQ,
2026-08-12,606,29902.75,179,NQ,
2026-08-12,607,29899.5,129,NQ,
2026-08-12,608,29911.0,338,NQ,
2026-08-12,609,29910.5,293,NQ,
2026-08-12,610,29924.0,277,NQ,
2026-08-12,611,29919.25,329,NQ,
2026-08-12,612,29906.0,293,NQ,
2026-08-12,613,29896.25,174,NQ,
2026-08-12,614,29893.25,173,NQ,
2026-08-12,615,29905.5,260,NQ,
2026-08-12,616,29898.5,224,NQ,
2026-08-12,617,29901.5,161,NQ,
2026-08-12,618,29914.5,68,NQ,
2026-08-12,619,29906.0,87,NQ,
2026-08-12,620,29879.5,408,NQ,
2026-08-12,621,29884.25,269,NQ,
2026-08-12,622,29882.75,304,NQ,
2026-08-12,623,29901.0,227,NQ,
2026-08-12,624,29921.5,321,NQ,
2026-08-12,625,29919.0,287,NQ,
2026-08-12,626,29941.5,195,NQ,
2026-08-12,627,29935.5,190,NQ,
2026-08-12,628,29924.75,375,NQ,
2026-08-12,629,29916.25,290,NQ,
2026-08-12,630,29907.5,414,NQ,
2026-08-12,631,29886.5,626,NQ,
2026-08-12,632,29884.25,331,NQ,
2026-08-12,633,29900.75,252,NQ,
2026-08-12,634,29878.25,305,NQ,
2026-08-12,635,29882.75,344,NQ,
2026-08-12,636,29900.25,312,NQ,
2026-08-12,637,29913.5,302,NQ,
2026-08-12,638,29912.5,287,NQ,
2026-08-12,639,29921.25,272,NQ,
2026-08-12,640,29921.0,265,NQ,
2026-08-12,641,29921.75,231,NQ,
2026-08-12,642,29904.75,259,NQ,
2026-08-12,643,29916.75,309,NQ,
2026-08-12,644,29924.5,237,NQ,
2026-08-12,645,29925.0,265,NQ,
2026-08-12,646,29919.5,263,NQ,
2026-08-12,647,29897.75,305,NQ,
2026-08-12,648,29900.0,273,NQ,
2026-08-12,649,29903.75,205,NQ,
2026-08-12,650,29876.25,324,NQ,
2026-08-12,651,29874.25,338,NQ,
2026-08-12,652,29886.75,235,NQ,
2026-08-12,653,29888.75,292,NQ,
2026-08-12,654,29861.75,260,NQ,
2026-08-12,655,29854.25,262,NQ,
2026-08-12,656,29863.0,377,NQ,
2026-08-12,657,29871.5,305,NQ,
2026-08-12,658,29867.25,263,NQ,
2026-08-12,659,29869.5,320,NQ,
2026-08-12,660,29870.75,318,NQ,
2026-08-12,661,29877.75,261,NQ,
2026-08-12,662,29867.25,272,NQ,
2026-08-12,663,29843.5,365,NQ,
2026-08-12,664,29851.5,313,NQ,
2026-08-12,665,29853.75,244,NQ,
2026-08-12,666,29876.0,363,NQ,
2026-08-12,667,29875.5,231,NQ,
2026-08-12,668,29869.75,255,NQ,
2026-08-12,669,29871.25,345,NQ,
2026-08-12,670,29850.75,304,NQ,
2026-08-12,671,29863.5,209,NQ,
2026-08-12,672,29886.5,357,NQ,
2026-08-12,673,29883.75,220,NQ,
2026-08-12,674,29879.75,232,NQ,
2026-08-12,675,29874.25,214,NQ,
2026-08-12,676,29874.5,222,NQ,
2026-08-12,677,29882.0,241,NQ,
2026-08-12,678,29869.0,203,NQ,
2026-08-12,679,29871.25,235,NQ,
2026-08-12,680,29866.75,234,NQ,
2026-08-12,681,29874.0,238,NQ,
2026-08-12,682,29852.5,248,NQ,
2026-08-12,683,29855.5,253,NQ,
2026-08-12,684,29849.5,227,NQ,
2026-08-12,685,29848.5,162,NQ,
2026-08-12,686,29854.75,157,NQ,
2026-08-12,687,29853.0,223,NQ,
2026-08-12,688,29858.5,251,NQ,
2026-08-12,689,29874.25,264,NQ,
2026-08-12,690,29864.25,376,NQ,
2026-08-12,691,29851.75,210,NQ,
2026-08-12,692,29844.25,303,NQ,
2026-08-12,693,29825.75,303,NQ,
2026-08-12,694,29832.75,316,NQ,
2026-08-12,695,29840.0,314,NQ,
2026-08-12,696,29853.5,398,NQ,
2026-08-12,697,29847.0,174,NQ,
2026-08-12,698,29847.5,213,NQ,
2026-08-12,699,29832.5,220,NQ,
2026-08-12,700,29820.5,267,NQ,
2026-08-12,701,29832.5,280,NQ,
2026-08-12,702,29837.5,197,NQ,
2026-08-12,703,29837.5,205,NQ,
2026-08-12,704,29828.25,190,NQ,
2026-08-12,705,29827.5,212,NQ,
2026-08-12,706,29834.5,224,NQ,
2026-08-12,707,29846.0,273,NQ,
2026-08-12,708,29836.25,171,NQ,
2026-08-12,709,29847.5,191,NQ,
2026-08-12,710,29835.0,255,NQ,
2026-08-12,711,29840.0,181,NQ,
2026-08-12,712,29847.75,161,NQ,
2026-08-12,713,29849.75,190,NQ,
2026-08-12,714,29836.75,219,NQ,
2026-08-12,715,29831.25,260,NQ,
2026-08-12,716,29834.5,174,NQ,
2026-08-12,717,29834.25,175,NQ,
2026-08-12,718,29832.5,165,NQ,
2026-08-12,719,29831.75,212,NQ,
2026-08-12,720,29848.0,290,NQ,
2026-08-12,721,29855.75,316,NQ,
2026-08-12,722,29858.5,265,NQ,
2026-08-12,723,29849.0,196,NQ,
2026-08-12,724,29851.0,180,NQ,
2026-08-12,725,29853.0,216,NQ,
2026-08-12,726,29849.5,147,NQ,
2026-08-12,727,29848.25,140,NQ,
2026-08-12,728,29863.5,239,NQ,
2026-08-12,729,29871.5,188,NQ,
2026-08-12,730,29866.25,224,NQ,
2026-08-12,731,29873.25,161,NQ,
2026-08-12,732,29865.0,244,NQ,
2026-08-12,733,29872.5,240,NQ,
2026-08-12,734,29873.25,255,NQ,
2026-08-12,735,29866.5,240,NQ,
2026-08-12,736,29868.0,674,NQ,
2026-08-12,737,29866.0,147,NQ,
2026-08-12,738,29866.5,153,NQ,
2026-08-12,739,29861.5,172,NQ,
2026-08-12,740,29860.5,224,NQ,
2026-08-12,741,29872.0,230,NQ,
2026-08-12,742,29880.5,236,NQ,
2026-08-12,743,29881.25,251,NQ,
2026-08-12,744,29881.5,159,NQ,
2026-08-12,745,29885.75,195,NQ,
2026-08-12,746,29879.0,184,NQ,
2026-08-12,747,29873.25,235,NQ,
2026-08-12,748,29875.25,140,NQ,
2026-08-12,749,29873.25,111,NQ,
2026-08-12,750,29875.0,226,NQ,
2026-08-12,751,29858.0,354,NQ,
2026-08-12,752,29863.75,202,NQ,
2026-08-12,753,29861.25,194,NQ,
2026-08-12,754,29852.25,212,NQ,
2026-08-12,755,29853.25,234,NQ,
2026-08-12,756,29858.5,197,NQ,
2026-08-12,757,29874.25,219,NQ,
2026-08-12,758,29874.25,233,NQ,
2026-08-12,759,29885.0,251,NQ,
2026-08-12,760,29890.25,551,NQ,
2026-08-12,761,29891.5,209,NQ,
2026-08-12,762,29891.5,196,NQ,
2026-08-12,763,29883.75,259,NQ,
2026-08-12,764,29885.5,157,NQ,
2026-08-12,765,29882.0,188,NQ,
2026-08-12,766,29885.5,167,NQ,
2026-08-12,767,29886.5,170,NQ,
2026-08-12,768,29892.75,158,NQ,
2026-08-12,769,29896.75,191,NQ,
2026-08-12,770,29911.0,309,NQ,
2026-08-12,771,29909.75,407,NQ,
2026-08-12,772,29915.0,240,NQ,
2026-08-12,773,29915.0,202,NQ,
2026-08-12,774,29911.0,201,NQ,
2026-08-12,775,29908.5,222,NQ,
2026-08-12,776,29910.5,149,NQ,
2026-08-12,777,29909.75,158,NQ,
2026-08-12,778,29905.5,198,NQ,
2026-08-12,779,29905.5,208,NQ,
2026-08-12,780,29909.25,246,NQ,
2026-08-12,781,29915.25,207,NQ,
2026-08-12,782,29912.0,135,NQ,
2026-08-12,783,29917.25,145,NQ,
2026-08-12,784,29919.5,241,NQ,
2026-08-12,785,29923.0,185,NQ,
2026-08-12,786,29922.0,169,NQ,
2026-08-12,787,29921.0,149,NQ,
2026-08-12,788,29919.0,189,NQ,
2026-08-12,789,29908.75,234,NQ,
2026-08-12,790,29908.5,202,NQ,
2026-08-12,791,29902.25,246,NQ,
2026-08-12,792,29905.25,251,NQ,
2026-08-12,793,29907.75,209,NQ,
2026-08-12,794,29911.25,216,NQ,
2026-08-12,795,29896.75,216,NQ,
2026-08-12,796,29895.5,331,NQ,
2026-08-12,797,29896.75,172,NQ,
2026-08-12,798,29893.5,238,NQ,
2026-08-12,799,29899.5,167,NQ,
2026-08-12,800,29906.0,298,NQ,
2026-08-12,801,29906.5,209,NQ,
2026-08-12,802,29901.75,132,NQ,
2026-08-12,803,29900.5,235,NQ,
2026-08-12,814,29909.5,2003,NQ,
2026-08-12,815,29908.25,136,NQ,
2026-08-12,816,29914.5,145,NQ,
2026-08-12,817,29916.5,163,NQ,
2026-08-12,818,29913.75,140,NQ,
2026-08-12,819,29913.75,168,NQ,
2026-08-12,820,29917.0,331,NQ,
2026-08-12,821,29919.75,155,NQ,
2026-08-12,822,29916.75,97,NQ,
2026-08-12,823,29921.0,133,NQ,
2026-08-12,824,29916.25,152,NQ,
2026-08-12,825,29914.75,177,NQ,
2026-08-12,826,29916.75,159,NQ,
2026-08-12,827,29916.25,170,NQ,
2026-08-12,828,29915.0,184,NQ,
2026-08-12,829,29912.5,155,NQ,
2026-08-12,830,29917.0,169,NQ,
2026-08-12,831,29920.0,309,NQ,
2026-08-12,832,29917.75,141,NQ,
2026-08-12,833,29913.5,143,NQ,
2026-08-12,834,29907.75,230,NQ,
2026-08-12,835,29903.25,181,NQ,
2026-08-12,836,29908.0,164,NQ,
2026-08-12,837,29910.0,106,NQ,
2026-08-12,838,29911.75,124,NQ,
2026-08-12,839,29910.25,156,NQ,
2026-08-12,840,29904.25,216,NQ,
2026-08-12,841,29903.25,144,NQ,
2026-08-12,842,29902.5,129,NQ,
2026-08-12,843,29901.0,130,NQ,
2026-08-12,844,29901.25,160,NQ,
2026-08-12,845,29901.5,183,NQ,
2026-08-12,846,29892.25,221,NQ,
2026-08-12,847,29894.75,167,NQ,
2026-08-12,848,29896.0,158,NQ,
2026-08-12,849,29899.25,136,NQ,
2026-08-12,850,29901.75,165,NQ,
2026-08-12,851,29916.5,189,NQ,
2026-08-12,852,29913.75,189,NQ,
2026-08-12,853,29912.5,151,NQ,
2026-08-12,854,29907.0,165,NQ,
2026-08-12,855,29906.25,249,NQ,
2026-08-12,856,29905.25,154,NQ,
2026-08-12,857,29897.0,216,NQ,
2026-08-12,858,29898.0,201,NQ,
2026-08-12,859,29901.0,148,NQ,
2026-08-12,860,29893.5,268,NQ,
2026-08-12,861,29902.75,181,NQ,
2026-08-12,862,29904.25,143,NQ,
2026-08-12,863,29903.75,141,NQ,
2026-08-12,864,29908.75,196,NQ,
2026-08-12,865,29903.5,209,NQ,
2026-08-12,866,29902.25,147,NQ,
2026-08-12,867,29901.0,118,NQ,
2026-08-12,868,29897.25,138,NQ,
2026-08-12,869,29894.0,171,NQ,
2026-08-12,870,29902.5,201,NQ,
2026-08-12,871,29906.5,195,NQ,
2026-08-12,872,29911.0,221,NQ,
2026-08-12,873,29908.25,140,NQ,
2026-08-12,874,29903.5,146,NQ,
2026-08-12,875,29906.75,133,NQ,
2026-08-12,876,29909.25,124,NQ,
2026-08-12,877,29909.75,131,NQ,
2026-08-12,878,29911.5,139,NQ,
2026-08-12,879,29910.75,110,NQ,
2026-08-12,880,29920.5,307,NQ,
2026-08-12,881,29925.5,312,NQ,
2026-08-12,882,29921.75,198,NQ,
2026-08-12,883,29919.75,185,NQ,
2026-08-12,884,29919.5,117,NQ,
2026-08-12,885,29914.25,177,NQ,
2026-08-12,886,29919.0,164,NQ,
2026-08-12,887,29913.0,224,NQ,
2026-08-12,888,29918.5,138,NQ,
2026-08-12,889,29918.0,129,NQ,
2026-08-12,890,29916.25,180,NQ,
2026-08-12,891,29922.0,133,NQ,
2026-08-12,892,29914.75,148,NQ,
2026-08-12,893,29913.75,103,NQ,
2026-08-12,894,29909.0,161,NQ,
2026-08-12,895,29899.75,236,NQ,
2026-08-12,896,29895.75,201,NQ,
2026-08-12,897,29887.0,289,NQ,
2026-08-12,898,29892.75,201,NQ,
2026-08-12,899,29889.75,222,NQ,
2026-08-12,900,29901.0,234,NQ,
2026-08-12,901,29899.0,199,NQ,
2026-08-12,902,29893.75,143,NQ,
2026-08-12,903,29891.5,157,NQ,
2026-08-12,904,29891.0,127,NQ,
2026-08-12,905,29898.75,113,NQ,
2026-08-12,906,29900.5,167,NQ,
2026-08-12,907,29898.0,152,NQ,
2026-08-12,908,29898.75,154,NQ,
2026-08-12,909,29891.75,115,NQ,
2026-08-12,910,29885.25,171,NQ,
2026-08-12,911,29883.5,256,NQ,
2026-08-12,912,29885.0,173,NQ,
2026-08-12,913,29885.75,185,NQ,
2026-08-12,914,29884.25,172,NQ,
2026-08-12,915,29886.5,175,NQ,
2026-08-12,916,29894.0,193,NQ,
2026-08-12,917,29893.5,192,NQ,
2026-08-12,918,29890.25,199,NQ,
2026-08-12,919,29889.5,171,NQ,
2026-08-12,920,29876.5,259,NQ,
2026-08-12,921,29869.5,420,NQ,
2026-08-12,922,29872.0,169,NQ,
2026-08-12,923,29870.25,226,NQ,
2026-08-12,924,29865.75,245,NQ,
2026-08-12,925,29868.75,242,NQ,
2026-08-12,926,29868.0,148,NQ,
2026-08-12,927,29857.75,216,NQ,
2026-08-12,928,29862.75,249,NQ,
2026-08-12,929,29868.25,231,NQ,
2026-08-12,930,29856.5,306,NQ,
2026-08-12,931,29861.5,218,NQ,
2026-08-12,932,29862.0,198,NQ,
2026-08-12,933,29854.75,198,NQ,
2026-08-12,934,29858.5,212,NQ,
2026-08-12,935,29861.25,173,NQ,
2026-08-12,936,29856.0,200,NQ,
2026-08-12,937,29852.5,189,NQ,
2026-08-12,938,29857.5,313,NQ,
2026-08-12,939,29853.75,185,NQ,
2026-08-12,940,29852.5,251,NQ,
2026-08-12,941,29846.5,234,NQ,
2026-08-12,942,29837.5,288,NQ,
2026-08-12,943,29843.75,406,NQ,
2026-08-12,944,29849.25,266,NQ,
2026-08-12,945,29845.75,346,NQ,
2026-08-12,946,29842.25,293,NQ,
2026-08-12,947,29857.0,265,NQ,
2026-08-12,948,29864.25,265,NQ,
2026-08-12,949,29866.5,311,NQ,
2026-08-12,950,29848.0,809,NQ,
2026-08-12,951,29840.0,293,NQ,
2026-08-12,952,29852.0,268,NQ,
2026-08-12,953,29859.0,373,NQ,
2026-08-12,954,29856.5,405,NQ,
2026-08-12,955,29829.5,835,NQ,
2026-08-12,956,29837.75,330,NQ,
2026-08-12,957,29842.25,399,NQ,
2026-08-12,958,29841.25,322,NQ,
2026-08-12,959,29853.25,1468,NQ,
2026-08-13,570,29893.0,1106,NQ,
2026-08-13,571,29871.75,512,NQ,
2026-08-13,572,29880.75,455,NQ,
2026-08-13,573,29900.5,369,NQ,
2026-08-13,574,29945.5,612,NQ,
2026-08-13,575,29980.25,662,NQ,
2026-08-13,576,30024.75,621,NQ,
2026-08-13,577,30030.75,465,NQ,
2026-08-13,578,30026.75,391,NQ,
2026-08-13,579,30038.25,356,NQ,
2026-08-13,580,30046.0,464,NQ,
2026-08-13,581,30011.5,536,NQ,
2026-08-13,582,30031.25,300,NQ,
2026-08-13,583,30007.75,390,NQ,
2026-08-13,584,30012.25,405,NQ,
2026-08-13,585,30064.25,420,NQ,
2026-08-13,586,30095.25,498,NQ,
2026-08-13,587,30108.5,403,NQ,
2026-08-13,588,30124.0,469,NQ,
2026-08-13,589,30135.0,441,NQ,
2026-08-13,590,30153.25,551,NQ,
2026-08-13,591,30148.75,322,NQ,
2026-08-13,592,30139.0,379,NQ,
2026-08-13,593,30124.0,376,NQ,
2026-08-13,594,30146.25,398,NQ,
2026-08-13,595,30132.25,295,NQ,
2026-08-13,596,30147.75,428,NQ,
2026-08-13,597,30152.75,336,NQ,
2026-08-13,598,30179.0,539,NQ,
2026-08-13,599,30177.25,368,NQ,
2026-08-13,600,30182.0,603,NQ,
2026-08-13,601,30168.25,385,NQ,
2026-08-13,602,30182.0,429,NQ,
2026-08-13,603,30168.25,324,NQ,
2026-08-13,604,30177.25,301,NQ,
2026-08-13,605,30181.0,298,NQ,
2026-08-13,606,30173.0,343,NQ,
2026-08-13,607,30171.75,352,NQ,
2026-08-13,608,30174.0,369,NQ,
2026-08-13,609,30178.75,440,NQ,
2026-08-13,610,30197.0,358,NQ,
2026-08-13,611,30208.25,360,NQ,
2026-08-13,612,30206.75,349,NQ,
2026-08-13,613,30206.25,335,NQ,
2026-08-13,614,30204.75,351,NQ,
2026-08-13,615,30204.75,374,NQ,
2026-08-13,616,30206.0,365,NQ,
2026-08-13,617,30205.25,365,NQ,
2026-08-13,618,30209.25,366,NQ,
2026-08-13,619,30197.0,392,NQ,
2026-08-13,620,30193.75,417,NQ,
2026-08-13,621,30205.75,500,NQ,
2026-08-13,622,30208.0,384,NQ,
2026-08-13,623,30210.25,339,NQ,
2026-08-13,624,30205.75,310,NQ,
2026-08-13,625,30212.0,434,NQ,
2026-08-13,626,30209.0,268,NQ,
2026-08-13,627,30212.0,296,NQ,
2026-08-13,628,30231.0,380,NQ,
2026-08-13,629,30234.25,352,NQ,
2026-08-13,630,30235.5,504,NQ,
2026-08-13,631,30248.5,310,NQ,
2026-08-13,632,30254.0,321,NQ,
2026-08-13,633,30252.0,271,NQ,
2026-08-13,634,30263.5,376,NQ,
2026-08-13,635,30261.25,291,NQ,
2026-08-13,636,30261.25,340,NQ,
2026-08-13,637,30256.25,301,NQ,
2026-08-13,638,30246.5,621,NQ,
2026-08-13,639,30251.5,396,NQ,
2026-08-13,640,30257.0,337,NQ,
2026-08-13,641,30241.25,413,NQ,
2026-08-13,642,30243.5,313,NQ,
2026-08-13,643,30243.75,340,NQ,
2026-08-13,644,30237.0,259,NQ,
2026-08-13,645,30220.5,409,NQ,
2026-08-13,646,30235.25,338,NQ,
2026-08-13,647,30234.75,274,NQ,
2026-08-13,648,30224.0,318,NQ,
2026-08-13,649,30219.0,380,NQ,
2026-08-13,650,30211.0,373,NQ,
2026-08-13,651,30219.75,287,NQ,
2026-08-13,652,30222.75,355,NQ,
2026-08-13,653,30219.0,303,NQ,
2026-08-13,654,30226.75,385,NQ,
2026-08-13,655,30204.25,378,NQ,
2026-08-13,656,30206.5,346,NQ,
2026-08-13,657,30215.25,275,NQ,
2026-08-13,658,30216.5,378,NQ,
2026-08-13,659,30199.5,321,NQ,
2026-08-13,660,30218.5,561,NQ,
2026-08-13,661,30226.75,302,NQ,
2026-08-13,662,30216.5,408,NQ,
2026-08-13,663,30199.0,370,NQ,
2026-08-13,664,30199.0,263,NQ,
2026-08-13,665,30219.5,315,NQ,
2026-08-13,666,30214.5,451,NQ,
2026-08-13,667,30205.0,305,NQ,
2026-08-13,668,30204.25,353,NQ,
2026-08-13,669,30215.0,370,NQ,
2026-08-13,670,30222.25,259,NQ,
2026-08-13,671,30224.25,300,NQ,
2026-08-13,672,30211.5,200,NQ,
2026-08-13,673,30226.0,309,NQ,
2026-08-13,674,30217.5,276,NQ,
2026-08-13,675,30219.5,269,NQ,
2026-08-13,676,30213.5,227,NQ,
2026-08-13,677,30215.0,257,NQ,
2026-08-13,678,30211.5,316,NQ,
2026-08-13,679,30226.5,290,NQ,
2026-08-13,680,30225.25,292,NQ,
2026-08-13,681,30235.0,246,NQ,
2026-08-13,682,30233.75,306,NQ,
2026-08-13,683,30233.75,204,NQ,
2026-08-13,684,30231.0,272,NQ,
2026-08-13,685,30217.25,328,NQ,
2026-08-13,686,30223.0,318,NQ,
2026-08-13,687,30208.5,491,NQ,
2026-08-13,688,30184.0,376,NQ,
2026-08-13,689,30187.75,340,NQ,
2026-08-13,690,30185.0,493,NQ,
2026-08-13,691,30194.5,190,NQ,
2026-08-13,701,30157.0,3723,NQ,
2026-08-13,702,30176.0,361,NQ,
2026-08-13,703,30166.75,224,NQ,
2026-08-13,704,30157.0,241,NQ,
2026-08-13,705,30142.25,243,NQ,
2026-08-13,706,30146.0,250,NQ,
2026-08-13,707,30139.75,377,NQ,
2026-08-13,708,30134.25,212,NQ,
2026-08-13,709,30139.75,419,NQ,
2026-08-13,710,30135.0,234,NQ,
2026-08-13,711,30119.25,327,NQ,
2026-08-13,712,30117.0,377,NQ,
2026-08-13,713,30124.5,259,NQ,
2026-08-13,714,30120.25,345,NQ,
2026-08-13,715,30122.75,276,NQ,
2026-08-13,716,30131.75,276,NQ,
2026-08-13,717,30118.25,381,NQ,
2026-08-13,718,30110.0,250,NQ,
2026-08-13,719,30115.5,335,NQ,
2026-08-13,720,30129.5,293,NQ,
2026-08-13,721,30144.0,322,NQ,
2026-08-13,722,30157.5,345,NQ,
2026-08-13,723,30164.25,300,NQ,
2026-08-13,724,30149.5,319,NQ,
2026-08-13,725,30167.25,311,NQ,
2026-08-13,726,30163.25,256,NQ,
2026-08-13,727,30161.75,200,NQ,
2026-08-13,728,30170.25,173,NQ,
2026-08-13,729,30164.5,204,NQ,
2026-08-13,730,30165.0,279,NQ,
2026-08-13,731,30160.0,198,NQ,
2026-08-13,732,30155.0,299,NQ,
2026-08-13,733,30146.5,318,NQ,
2026-08-13,734,30140.75,166,NQ,
2026-08-13,735,30147.75,298,NQ,
2026-08-13,736,30136.75,239,NQ,
2026-08-13,737,30139.25,262,NQ,
2026-08-13,738,30142.0,186,NQ,
2026-08-13,739,30144.75,198,NQ,
2026-08-13,740,30150.0,214,NQ,
2026-08-13,741,30151.75,249,NQ,
2026-08-13,742,30162.25,263,NQ,
2026-08-13,743,30163.25,165,NQ,
2026-08-13,744,30165.5,273,NQ,
2026-08-13,745,30183.75,430,NQ,
2026-08-13,746,30180.5,184,NQ,
2026-08-13,747,30183.0,250,NQ,
2026-08-13,748,30182.5,203,NQ,
2026-08-13,749,30186.5,205,NQ,
2026-08-13,750,30196.5,332,NQ,
2026-08-13,751,30192.75,257,NQ,
2026-08-13,752,30187.25,222,NQ,
2026-08-13,753,30195.25,203,NQ,
2026-08-13,754,30188.0,224,NQ,
2026-08-13,755,30191.0,122,NQ,
2026-08-13,765,30187.5,2347,NQ,
2026-08-13,766,30187.0,123,NQ,
2026-08-13,767,30191.25,166,NQ,
2026-08-13,768,30194.25,168,NQ,
2026-08-13,769,30193.0,168,NQ,
2026-08-13,770,30197.75,208,NQ,
2026-08-13,771,30196.0,209,NQ,
2026-08-13,772,30188.0,291,NQ,
2026-08-13,773,30185.75,250,NQ,
2026-08-13,774,30181.5,209,NQ,
2026-08-13,775,30185.25,273,NQ,
2026-08-13,776,30183.25,204,NQ,
2026-08-13,777,30183.75,237,NQ,
2026-08-13,778,30187.75,218,NQ,
2026-08-13,779,30193.75,235,NQ,
2026-08-13,780,30208.5,420,NQ,
2026-08-13,781,30213.0,311,NQ,
2026-08-13,782,30212.5,228,NQ,
2026-08-13,783,30218.25,226,NQ,
2026-08-13,784,30217.75,287,NQ,
2026-08-13,785,30226.75,319,NQ,
2026-08-13,786,30219.0,250,NQ,
2026-08-13,787,30220.75,183,NQ,
2026-08-13,788,30224.75,227,NQ,
2026-08-13,789,30226.75,197,NQ,
2026-08-13,790,30229.75,176,NQ,
2026-08-13,791,30231.75,199,NQ,
2026-08-13,792,30229.0,203,NQ,
2026-08-13,793,30227.25,217,NQ,
2026-08-13,794,30226.75,197,NQ,
2026-08-13,795,30225.25,194,NQ,
2026-08-13,796,30232.75,225,NQ,
2026-08-13,797,30232.5,244,NQ,
2026-08-13,798,30235.75,265,NQ,
2026-08-13,799,30243.75,356,NQ,
2026-08-13,800,30240.5,362,NQ,
2026-08-13,801,30242.25,204,NQ,
2026-08-13,802,30239.75,214,NQ,
2026-08-13,803,30238.5,208,NQ,
2026-08-13,804,30241.25,188,NQ,
2026-08-13,805,30240.25,171,NQ,
2026-08-13,806,30239.75,237,NQ,
2026-08-13,807,30242.5,166,NQ,
2026-08-13,808,30242.75,203,NQ,
2026-08-13,809,30237.25,215,NQ,
2026-08-13,810,30241.5,178,NQ,
2026-08-13,811,30239.0,193,NQ,
2026-08-13,812,30238.75,248,NQ,
2026-08-13,813,30231.0,211,NQ,
2026-08-13,814,30233.75,186,NQ,
2026-08-13,815,30233.0,203,NQ,
2026-08-13,816,30233.25,123,NQ,
2026-08-13,817,30224.75,261,NQ,
2026-08-13,818,30226.0,243,NQ,
2026-08-13,819,30224.75,173,NQ,
2026-08-13,820,30231.0,149,NQ,
2026-08-13,821,30222.25,187,NQ,
2026-08-13,822,30220.75,250,NQ,
2026-08-13,823,30221.25,204,NQ,
2026-08-13,824,30214.5,225,NQ,
2026-08-13,825,30224.0,299,NQ,
2026-08-13,826,30219.75,175,NQ,
2026-08-13,827,30219.5,118,NQ,
2026-08-13,828,30220.5,170,NQ,
2026-08-13,829,30217.25,160,NQ,
2026-08-13,830,30219.5,173,NQ,
2026-08-13,831,30214.0,169,NQ,
2026-08-13,832,30212.5,166,NQ,
2026-08-13,833,30212.75,205,NQ,
2026-08-13,834,30207.0,214,NQ,
2026-08-13,835,30208.75,180,NQ,
2026-08-13,836,30204.75,159,NQ,
2026-08-13,837,30216.25,237,NQ,
2026-08-13,838,30216.0,229,NQ,
2026-08-13,839,30204.5,245,NQ,
2026-08-13,840,30204.75,241,NQ,
2026-08-13,841,30206.0,197,NQ,
2026-08-13,842,30203.25,216,NQ,
2026-08-13,843,30208.75,194,NQ,
2026-08-13,844,30207.25,192,NQ,
2026-08-13,845,30213.0,227,NQ,
2026-08-13,846,30200.5,335,NQ,
2026-08-13,847,30199.0,231,NQ,
2026-08-13,848,30196.0,250,NQ,
2026-08-13,849,30197.75,203,NQ,
2026-08-13,850,30201.75,292,NQ,
2026-08-13,851,30200.5,189,NQ,
2026-08-13,852,30198.75,201,NQ,
2026-08-13,853,30200.0,192,NQ,
2026-08-13,854,30201.0,183,NQ,
2026-08-13,855,30204.0,166,NQ,
2026-08-13,856,30197.0,166,NQ,
2026-08-13,857,30201.0,163,NQ,
2026-08-13,858,30197.0,196,NQ,
2026-08-13,859,30195.25,152,NQ,
2026-08-13,860,30198.25,260,NQ,
2026-08-13,861,30197.5,188,NQ,
2026-08-13,862,30199.75,167,NQ,
2026-08-13,863,30189.75,312,NQ,
2026-08-13,864,30184.0,310,NQ,
2026-08-13,865,30190.0,200,NQ,
2026-08-13,866,30193.0,176,NQ,
2026-08-13,867,30186.25,202,NQ,
2026-08-13,868,30194.25,239,NQ,
2026-08-13,869,30192.0,186,NQ,
2026-08-13,870,30202.5,250,NQ,
2026-08-13,871,30205.5,242,NQ,
2026-08-13,872,30207.5,232,NQ,
2026-08-13,873,30218.75,360,NQ,
2026-08-13,874,30215.75,205,NQ,
2026-08-13,875,30218.75,179,NQ,
2026-08-13,876,30214.25,174,NQ,
2026-08-13,877,30218.5,192,NQ,
2026-08-13,878,30222.5,225,NQ,
2026-08-13,879,30221.25,206,NQ,
2026-08-13,880,30217.75,215,NQ,
2026-08-13,881,30231.5,387,NQ,
2026-08-13,882,30231.5,337,NQ,
2026-08-13,883,30229.5,241,NQ,
2026-08-13,884,30229.0,203,NQ,
2026-08-13,885,30234.0,220,NQ,
2026-08-13,886,30241.25,217,NQ,
2026-08-13,887,30239.75,228,NQ,
2026-08-13,888,30239.25,225,NQ,
2026-08-13,889,30240.0,199,NQ,
2026-08-13,890,30237.5,179,NQ,
2026-08-13,891,30236.75,211,NQ,
2026-08-13,892,30242.75,270,NQ,
2026-08-13,893,30241.5,178,NQ,
2026-08-13,894,30239.0,183,NQ,
2026-08-13,895,30240.0,214,NQ,
2026-08-13,896,30241.5,232,NQ,
2026-08-13,897,30239.5,165,NQ,
2026-08-13,898,30243.25,161,NQ,
2026-08-13,899,30244.0,176,NQ,
2026-08-13,900,30253.5,224,NQ,
2026-08-13,901,30251.75,273,NQ,
2026-08-13,902,30250.0,205,NQ,
2026-08-13,903,30251.25,198,NQ,
2026-08-13,904,30246.25,230,NQ,
2026-08-13,905,30254.0,345,NQ,
2026-08-13,906,30260.0,354,NQ,
2026-08-13,907,30260.0,343,NQ,
2026-08-13,908,30268.5,278,NQ,
2026-08-13,909,30266.5,321,NQ,
2026-08-13,910,30261.5,281,NQ,
2026-08-13,911,30259.75,260,NQ,
2026-08-13,912,30245.0,348,NQ,
2026-08-13,913,30234.5,247,NQ,
2026-08-13,914,30238.75,253,NQ,
2026-08-13,915,30240.0,251,NQ,
2026-08-13,916,30227.25,380,NQ,
2026-08-13,917,30229.0,232,NQ,
2026-08-13,918,30234.25,228,NQ,
2026-08-13,919,30240.75,246,NQ,
2026-08-13,920,30243.75,262,NQ,
2026-08-13,921,30236.75,258,NQ,
2026-08-13,922,30238.75,176,NQ,
2026-08-13,923,30238.25,126,NQ,
2026-08-13,924,30233.5,174,NQ,
2026-08-13,925,30223.75,308,NQ,
2026-08-13,926,30221.25,289,NQ,
2026-08-13,927,30224.25,169,NQ,
2026-08-13,928,30230.25,244,NQ,
2026-08-13,929,30223.25,277,NQ,
2026-08-13,930,30225.0,331,NQ,
2026-08-13,931,30224.0,166,NQ,
2026-08-13,932,30220.25,304,NQ,
2026-08-13,933,30216.5,188,NQ,
2026-08-13,934,30216.25,291,NQ,
2026-08-13,935,30215.5,272,NQ,
2026-08-13,936,30218.0,210,NQ,
2026-08-13,937,30218.0,183,NQ,
2026-08-13,938,30213.5,218,NQ,
2026-08-13,939,30220.0,168,NQ,
2026-08-13,940,30220.75,219,NQ,
2026-08-13,941,30222.0,242,NQ,
2026-08-13,942,30212.25,222,NQ,
2026-08-13,943,30212.5,311,NQ,
2026-08-13,944,30204.5,255,NQ,
2026-08-13,945,30198.5,293,NQ,
2026-08-13,946,30203.5,247,NQ,
2026-08-13,947,30197.0,270,NQ,
2026-08-13,948,30202.25,235,NQ,
2026-08-13,949,30202.0,207,NQ,
2026-08-13,950,30189.5,564,NQ,
2026-08-13,951,30192.25,253,NQ,
2026-08-13,952,30189.5,550,NQ,
2026-08-13,953,30193.5,514,NQ,
2026-08-13,954,30192.75,475,NQ,
2026-08-13,955,30180.5,621,NQ,
2026-08-13,956,30181.0,281,NQ,
2026-08-13,957,30184.75,354,NQ,
2026-08-13,958,30184.0,369,NQ,
2026-08-13,959,30194.25,1439,NQ,
2026-08-14,570,30248.5,746,NQ,
2026-08-14,571,30246.0,538,NQ,
2026-08-14,572,30238.5,457,NQ,
2026-08-14,573,30214.0,498,NQ,
2026-08-14,574,30205.75,616,NQ,
2026-08-14,575,30200.0,421,NQ,
2026-08-14,576,30178.0,539,NQ,
2026-08-14,577,30194.5,495,NQ,
2026-08-14,578,30201.25,452,NQ,
2026-08-14,579,30221.0,376,NQ,
2026-08-14,580,30207.5,408,NQ,
2026-08-14,581,30219.0,479,NQ,
2026-08-14,582,30238.0,371,NQ,
2026-08-14,583,30247.5,385,NQ,
2026-08-14,584,30261.25,398,NQ,
2026-08-14,585,30266.5,412,NQ,
2026-08-14,586,30242.0,503,NQ,
2026-08-14,587,30262.5,475,NQ,
2026-08-14,588,30270.25,595,NQ,
2026-08-14,589,30238.0,388,NQ,
2026-08-14,590,30243.25,379,NQ,
2026-08-14,591,30257.0,424,NQ,
2026-08-14,592,30250.0,281,NQ,
2026-08-14,593,30243.25,284,NQ,
2026-08-14,594,30238.75,330,NQ,
2026-08-14,595,30238.75,309,NQ,
2026-08-14,596,30245.75,334,NQ,
2026-08-14,597,30219.25,361,NQ,
2026-08-14,598,30224.75,432,NQ,
2026-08-14,599,30231.75,356,NQ,
2026-08-14,600,30232.75,566,NQ,
2026-08-14,601,30223.5,328,NQ,
2026-08-14,602,30241.5,310,NQ,
2026-08-14,603,30243.25,287,NQ,
2026-08-14,604,30254.25,295,NQ,
2026-08-14,605,30261.5,351,NQ,
2026-08-14,606,30264.0,285,NQ,
2026-08-14,607,30262.25,232,NQ,
2026-08-14,608,30242.0,344,NQ,
2026-08-14,609,30233.0,419,NQ,
2026-08-14,610,30225.5,322,NQ,
2026-08-14,611,30236.5,356,NQ,
2026-08-14,612,30238.25,331,NQ,
2026-08-14,613,30237.25,266,NQ,
2026-08-14,614,30221.25,219,NQ,
2026-08-14,615,30225.25,334,NQ,
2026-08-14,616,30207.75,341,NQ,
2026-08-14,617,30199.25,315,NQ,
2026-08-14,618,30185.75,316,NQ,
2026-08-14,619,30173.25,434,NQ,
2026-08-14,620,30187.25,375,NQ,
2026-08-14,621,30184.75,387,NQ,
2026-08-14,622,30161.75,277,NQ,
2026-08-14,623,30161.75,303,NQ,
2026-08-14,624,30159.75,367,NQ,
2026-08-14,625,30160.0,377,NQ,
2026-08-14,626,30157.25,231,NQ,
2026-08-14,627,30146.75,415,NQ,
2026-08-14,628,30143.25,317,NQ,
2026-08-14,629,30158.75,461,NQ,
2026-08-14,630,30132.25,382,NQ,
2026-08-14,631,30146.5,372,NQ,
2026-08-14,632,30142.0,357,NQ,
2026-08-14,633,30135.25,409,NQ,
2026-08-14,634,30138.75,384,NQ,
2026-08-14,635,30149.5,265,NQ,
2026-08-14,636,30166.75,326,NQ,
2026-08-14,637,30159.25,343,NQ,
2026-08-14,638,30161.75,241,NQ,
2026-08-14,639,30169.0,285,NQ,
2026-08-14,640,30145.75,285,NQ,
2026-08-14,641,30155.5,283,NQ,
2026-08-14,642,30163.5,282,NQ,
2026-08-14,643,30157.0,336,NQ,
2026-08-14,644,30155.5,210,NQ,
2026-08-14,645,30148.75,261,NQ,
2026-08-14,646,30159.0,249,NQ,
2026-08-14,647,30155.75,204,NQ,
2026-08-14,648,30161.0,208,NQ,
2026-08-14,649,30150.25,244,NQ,
2026-08-14,650,30156.0,253,NQ,
2026-08-14,651,30154.75,233,NQ,
2026-08-14,652,30164.5,210,NQ,
2026-08-14,653,30143.75,295,NQ,
2026-08-14,654,30144.25,259,NQ,
2026-08-14,655,30147.75,207,NQ,
2026-08-14,656,30141.5,267,NQ,
2026-08-14,657,30143.5,202,NQ,
2026-08-14,658,30137.5,196,NQ,
2026-08-14,659,30123.0,419,NQ,
2026-08-14,660,30139.25,438,NQ,
2026-08-14,661,30137.75,332,NQ,
2026-08-14,662,30120.0,328,NQ,
2026-08-14,663,30114.5,410,NQ,
2026-08-14,664,30123.25,321,NQ,
2026-08-14,665,30123.0,330,NQ,
2026-08-14,666,30123.75,406,NQ,
2026-08-14,667,30116.0,275,NQ,
2026-08-14,668,30108.5,258,NQ,
2026-08-14,669,30106.5,335,NQ,
2026-08-14,670,30110.5,267,NQ,
2026-08-14,671,30105.75,272,NQ,
2026-08-14,672,30105.25,225,NQ,
2026-08-14,673,30101.75,258,NQ,
2026-08-14,674,30090.5,320,NQ,
2026-08-14,675,30098.25,303,NQ,
2026-08-14,676,30103.25,273,NQ,
2026-08-14,677,30103.5,312,NQ,
2026-08-14,678,30104.75,287,NQ,
2026-08-14,679,30104.25,287,NQ,
2026-08-14,680,30100.0,221,NQ,
2026-08-14,681,30082.0,414,NQ,
2026-08-14,682,30062.0,395,NQ,
2026-08-14,683,30066.25,359,NQ,
2026-08-14,684,30047.25,338,NQ,
2026-08-14,685,30047.5,373,NQ,
2026-08-14,686,30044.5,318,NQ,
2026-08-14,687,30048.75,311,NQ,
2026-08-14,688,30055.75,370,NQ,
2026-08-14,689,30072.5,350,NQ,
2026-08-14,690,30059.25,334,NQ,
2026-08-14,691,30052.25,542,NQ,
2026-08-14,692,30056.25,264,NQ,
2026-08-14,693,30046.5,241,NQ,
2026-08-14,694,30048.25,336,NQ,
2026-08-14,695,30055.75,289,NQ,
2026-08-14,696,30050.5,352,NQ,
2026-08-14,697,30048.5,332,NQ,
2026-08-14,698,30052.75,283,NQ,
2026-08-14,699,30042.25,245,NQ,
2026-08-14,700,30035.75,312,NQ,
2026-08-14,701,30039.0,245,NQ,
2026-08-14,702,30035.5,315,NQ,
2026-08-14,703,30038.5,243,NQ,
2026-08-14,704,30049.0,230,NQ,
2026-08-14,705,30064.0,448,NQ,
2026-08-14,706,30061.0,296,NQ,
2026-08-14,707,30047.0,280,NQ,
2026-08-14,708,30035.0,279,NQ,
2026-08-14,709,30037.75,280,NQ,
2026-08-14,710,30038.75,237,NQ,
2026-08-14,711,30042.5,287,NQ,
2026-08-14,712,30057.75,236,NQ,
2026-08-14,713,30055.0,254,NQ,
2026-08-14,714,30056.75,261,NQ,
2026-08-14,715,30056.0,257,NQ,
2026-08-14,716,30056.75,253,NQ,
2026-08-14,717,30065.5,289,NQ,
2026-08-14,718,30065.0,354,NQ,
2026-08-14,719,30065.75,225,NQ,
2026-08-14,720,30083.5,277,NQ,
2026-08-14,721,30076.0,302,NQ,
2026-08-14,722,30072.0,271,NQ,
2026-08-14,723,30075.0,257,NQ,
2026-08-14,724,30074.5,256,NQ,
2026-08-14,725,30071.5,260,NQ,
2026-08-14,726,30065.75,209,NQ,
2026-08-14,727,30065.75,316,NQ,
2026-08-14,728,30056.75,164,NQ,
2026-08-14,729,30059.75,281,NQ,
2026-08-14,730,30070.5,294,NQ,
2026-08-14,731,30075.0,283,NQ,
2026-08-14,732,30079.75,245,NQ,
2026-08-14,733,30081.25,307,NQ,
2026-08-14,734,30080.25,218,NQ,
2026-08-14,735,30084.25,316,NQ,
2026-08-14,736,30087.75,188,NQ,
2026-08-14,737,30084.0,237,NQ,
2026-08-14,738,30082.75,207,NQ,
2026-08-14,739,30081.75,165,NQ,
2026-08-14,740,30082.25,238,NQ,
2026-08-14,741,30092.0,354,NQ,
2026-08-14,742,30087.25,258,NQ,
2026-08-14,743,30088.5,209,NQ,
2026-08-14,744,30093.25,239,NQ,
2026-08-14,745,30096.5,219,NQ,
2026-08-14,746,30103.25,240,NQ,
2026-08-14,747,30102.25,237,NQ,
2026-08-14,748,30101.25,219,NQ,
2026-08-14,749,30101.0,165,NQ,
2026-08-14,750,30094.5,326,NQ,
2026-08-14,751,30085.75,319,NQ,
2026-08-14,752,30071.5,302,NQ,
2026-08-14,753,30073.25,234,NQ,
2026-08-14,754,30072.5,238,NQ,
2026-08-14,755,30078.0,210,NQ,
2026-08-14,765,30070.5,2488,NQ,
2026-08-14,766,30066.0,271,NQ,
2026-08-14,767,30066.0,257,NQ,
2026-08-14,768,30071.75,195,NQ,
2026-08-14,769,30074.5,167,NQ,
2026-08-14,770,30065.0,242,NQ,
2026-08-14,771,30063.75,194,NQ,
2026-08-14,772,30059.0,194,NQ,
2026-08-14,773,30063.0,311,NQ,
2026-08-14,774,30062.25,267,NQ,
2026-08-14,775,30066.0,257,NQ,
2026-08-14,776,30067.0,188,NQ,
2026-08-14,777,30064.75,133,NQ,
2026-08-14,778,30056.75,298,NQ,
2026-08-14,779,30059.0,197,NQ,
2026-08-14,780,30059.5,263,NQ,
2026-08-14,781,30061.25,162,NQ,
2026-08-14,782,30054.0,145,NQ,
2026-08-14,783,30064.5,187,NQ,
2026-08-14,784,30060.5,158,NQ,
2026-08-14,785,30060.0,189,NQ,
2026-08-14,786,30063.75,172,NQ,
2026-08-14,787,30070.0,205,NQ,
2026-08-14,788,30073.0,173,NQ,
2026-08-14,789,30067.0,288,NQ,
2026-08-14,790,30067.5,150,NQ,
2026-08-14,791,30076.75,236,NQ,
2026-08-14,792,30072.75,343,NQ,
2026-08-14,793,30066.75,184,NQ,
2026-08-14,794,30069.25,167,NQ,
2026-08-14,795,30070.25,197,NQ,
2026-08-14,796,30059.25,255,NQ,
2026-08-14,797,30067.5,210,NQ,
2026-08-14,798,30069.75,156,NQ,
2026-08-14,799,30068.75,158,NQ,
2026-08-14,800,30070.25,173,NQ,
2026-08-14,801,30065.75,153,NQ,
2026-08-14,802,30071.0,159,NQ,
2026-08-14,803,30065.75,161,NQ,
2026-08-14,804,30054.0,280,NQ,
2026-08-14,805,30058.5,301,NQ,
2026-08-14,806,30058.5,162,NQ,
2026-08-14,807,30063.5,188,NQ,
2026-08-14,808,30062.25,167,NQ,
2026-08-14,809,30059.0,163,NQ,
2026-08-14,810,30058.75,212,NQ,
2026-08-14,811,30067.5,178,NQ,
2026-08-14,812,30069.0,181,NQ,
2026-08-14,813,30069.0,212,NQ,
2026-08-14,814,30068.5,139,NQ,
2026-08-14,815,30069.0,165,NQ,
2026-08-14,816,30066.25,164,NQ,
2026-08-14,817,30056.5,252,NQ,
2026-08-14,818,30053.0,245,NQ,
2026-08-14,819,30057.25,176,NQ,
2026-08-14,820,30063.5,268,NQ,
2026-08-14,821,30060.0,175,NQ,
2026-08-14,822,30054.25,145,NQ,
2026-08-14,823,30054.75,151,NQ,
2026-08-14,824,30058.0,167,NQ,
2026-08-14,825,30060.0,222,NQ,
2026-08-14,826,30062.25,102,NQ,
2026-08-14,827,30062.5,159,NQ,
2026-08-14,828,30059.75,196,NQ,
2026-08-14,829,30058.25,147,NQ,
2026-08-14,830,30052.75,187,NQ,
2026-08-14,831,30058.0,151,NQ,
2026-08-14,832,30065.25,200,NQ,
2026-08-14,833,30074.5,223,NQ,
2026-08-14,834,30073.75,174,NQ,
2026-08-14,835,30068.25,236,NQ,
2026-08-14,836,30074.0,363,NQ,
2026-08-14,837,30079.0,224,NQ,
2026-08-14,838,30077.25,141,NQ,
2026-08-14,839,30080.75,204,NQ,
2026-08-14,840,30077.0,197,NQ,
2026-08-14,841,30076.5,149,NQ,
2026-08-14,842,30087.0,203,NQ,
2026-08-14,843,30085.0,238,NQ,
2026-08-14,844,30089.25,209,NQ,
2026-08-14,845,30087.25,135,NQ,
2026-08-14,846,30079.5,202,NQ,
2026-08-14,847,30081.5,184,NQ,
2026-08-14,848,30086.25,186,NQ,
2026-08-14,849,30088.5,165,NQ,
2026-08-14,850,30087.75,180,NQ,
2026-08-14,851,30082.75,183,NQ,
2026-08-14,852,30085.75,173,NQ,
2026-08-14,853,30084.25,144,NQ,
2026-08-14,854,30079.0,156,NQ,
2026-08-14,855,30088.0,158,NQ,
2026-08-14,856,30088.75,234,NQ,
2026-08-14,857,30088.75,124,NQ,
2026-08-14,858,30087.25,133,NQ,
2026-08-14,859,30084.75,155,NQ,
2026-08-14,860,30083.0,162,NQ,
2026-08-14,861,30089.25,173,NQ,
2026-08-14,862,30087.25,126,NQ,
2026-08-14,863,30085.0,175,NQ,
2026-08-14,864,30081.0,217,NQ,
2026-08-14,865,30084.5,149,NQ,
2026-08-14,866,30081.75,199,NQ,
2026-08-14,867,30076.75,191,NQ,
2026-08-14,868,30067.5,258,NQ,
2026-08-14,869,30068.0,191,NQ,
2026-08-14,870,30070.5,231,NQ,
2026-08-14,871,30066.5,238,NQ,
2026-08-14,872,30067.0,182,NQ,
2026-08-14,873,30069.75,190,NQ,
2026-08-14,874,30072.5,208,NQ,
2026-08-14,875,30067.5,189,NQ,
2026-08-14,876,30070.5,131,NQ,
2026-08-14,877,30072.5,187,NQ,
2026-08-14,878,30075.75,150,NQ,
2026-08-14,879,30076.25,177,NQ,
2026-08-14,880,30080.75,263,NQ,
2026-08-14,881,30085.0,190,NQ,
2026-08-14,882,30085.75,136,NQ,
2026-08-14,883,30086.5,251,NQ,
2026-08-14,884,30087.25,193,NQ,
2026-08-14,885,30085.25,182,NQ,
2026-08-14,886,30079.75,255,NQ,
2026-08-14,887,30084.25,199,NQ,
2026-08-14,888,30084.75,122,NQ,
2026-08-14,889,30087.0,131,NQ,
2026-08-14,890,30098.25,238,NQ,
2026-08-14,891,30101.0,239,NQ,
2026-08-14,892,30095.25,264,NQ,
2026-08-14,893,30095.75,174,NQ,
2026-08-14,894,30097.0,276,NQ,
2026-08-14,895,30092.5,159,NQ,
2026-08-14,896,30092.0,196,NQ,
2026-08-14,897,30092.75,121,NQ,
2026-08-14,898,30088.5,182,NQ,
2026-08-14,899,30088.75,150,NQ,
2026-08-14,900,30078.75,273,NQ,
2026-08-14,901,30083.25,268,NQ,
2026-08-14,902,30082.75,139,NQ,
2026-08-14,903,30086.25,153,NQ,
2026-08-14,904,30083.0,162,NQ,
2026-08-14,905,30084.75,179,NQ,
2026-08-14,906,30079.25,193,NQ,
2026-08-14,907,30079.25,143,NQ,
2026-08-14,908,30085.5,189,NQ,
2026-08-14,909,30092.0,283,NQ,
2026-08-14,910,30087.75,246,NQ,
2026-08-14,911,30086.5,199,NQ,
2026-08-14,912,30082.0,193,NQ,
2026-08-14,913,30084.0,138,NQ,
2026-08-14,914,30083.0,130,NQ,
2026-08-14,915,30086.5,179,NQ,
2026-08-14,916,30083.25,129,NQ,
2026-08-14,917,30085.0,217,NQ,
2026-08-14,918,30090.5,218,NQ,
2026-08-14,919,30088.25,214,NQ,
2026-08-14,920,30087.0,224,NQ,
2026-08-14,921,30081.5,205,NQ,
2026-08-14,922,30085.5,171,NQ,
2026-08-14,923,30086.75,156,NQ,
2026-08-14,924,30087.0,162,NQ,
2026-08-14,925,30091.25,198,NQ,
2026-08-14,926,30095.25,228,NQ,
2026-08-14,927,30091.0,171,NQ,
2026-08-14,928,30101.5,279,NQ,
2026-08-14,929,30096.25,198,NQ,
2026-08-14,930,30097.75,225,NQ,
2026-08-14,931,30094.5,279,NQ,
2026-08-14,932,30098.75,199,NQ,
2026-08-14,933,30099.25,242,NQ,
2026-08-14,934,30101.0,225,NQ,
2026-08-14,935,30104.5,251,NQ,
2026-08-14,936,30104.0,317,NQ,
2026-08-14,937,30098.75,234,NQ,
2026-08-14,938,30104.75,236,NQ,
2026-08-14,939,30105.75,235,NQ,
2026-08-14,940,30109.0,239,NQ,
2026-08-14,941,30107.0,218,NQ,
2026-08-14,942,30112.0,285,NQ,
2026-08-14,943,30115.0,269,NQ,
2026-08-14,944,30108.5,263,NQ,
2026-08-14,945,30106.25,399,NQ,
2026-08-14,946,30102.5,266,NQ,
2026-08-14,947,30108.5,240,NQ,
2026-08-14,948,30111.25,306,NQ,
2026-08-14,949,30119.5,308,NQ,
2026-08-14,950,30123.5,525,NQ,
2026-08-14,951,30125.75,378,NQ,
2026-08-14,952,30119.0,475,NQ,
2026-08-14,953,30124.0,363,NQ,
2026-08-14,954,30126.25,474,NQ,
2026-08-14,955,30117.75,458,NQ,
2026-08-14,956,30117.5,280,NQ,
2026-08-14,957,30120.25,308,NQ,
2026-08-14,958,30123.0,487,NQ,
2026-08-14,959,30144.25,958,NQ,
2026-08-17,570,30234.25,50,NQ,
2026-08-17,571,30254.5,53,NQ,
2026-08-17,572,30227.0,62,NQ,
2026-08-17,573,30201.0,92,NQ,
2026-08-17,574,30225.25,108,NQ,
2026-08-17,575,30198.5,43,NQ,
2026-08-17,576,30235.75,58,NQ,
2026-08-17,577,30201.25,111,NQ,
2026-08-17,578,30187.5,80,NQ,
2026-08-17,579,30188.75,15,NQ,
2026-08-17,580,30192.0,183,NQ,
2026-08-17,581,30191.75,6,NQ,
2026-08-17,582,30229.0,177,NQ,
2026-08-17,583,30206.0,75,NQ,
2026-08-17,584,30196.5,13,NQ,
2026-08-17,585,30182.5,121,NQ,
2026-08-17,586,30184.0,48,NQ,
2026-08-17,587,30185.25,128,NQ,
2026-08-17,588,30205.75,29,NQ,
2026-08-17,589,30224.25,38,NQ,
2026-08-17,590,30219.0,78,NQ,
2026-08-17,591,30229.75,39,NQ,
2026-08-17,592,30246.75,27,NQ,
2026-08-17,593,30228.75,45,NQ,
2026-08-17,594,30242.25,57,NQ,
2026-08-17,595,30238.25,38,NQ,
2026-08-17,596,30236.75,5,NQ,
2026-08-17,597,30232.75,28,NQ,
2026-08-17,599,30223.5,35,NQ,
2026-08-17,601,30217.0,18,NQ,
2026-08-17,602,30222.75,69,NQ,
2026-08-17,603,30192.25,43,NQ,
2026-08-17,604,30207.0,69,NQ,
2026-08-17,606,30190.0,56,NQ,
2026-08-17,607,30189.75,35,NQ,
2026-08-17,608,30185.75,29,NQ,
2026-08-17,609,30191.0,83,NQ,
2026-08-17,612,30215.0,40,NQ,
2026-08-17,613,30218.0,8,NQ,
2026-08-17,614,30225.0,80,NQ,
2026-08-17,618,30184.25,64,NQ,
2026-08-17,619,30183.75,13,NQ,
2026-08-17,620,30180.0,60,NQ,
2026-08-17,621,30173.5,91,NQ,
2026-08-17,623,30181.0,28,NQ,
2026-08-17,624,30176.5,60,NQ,
2026-08-17,625,30175.0,24,NQ,
2026-08-17,626,30173.0,8,NQ,
2026-08-17,627,30179.5,56,NQ,
2026-08-17,628,30175.0,28,NQ,
2026-08-17,629,30195.75,34,NQ,
2026-08-17,630,30196.25,58,NQ,
2026-08-17,631,30194.25,26,NQ,
2026-08-17,633,30201.0,21,NQ,
2026-08-17,634,30203.0,35,NQ,
2026-08-17,636,30192.0,40,NQ,
2026-08-17,637,30197.5,88,NQ,
2026-08-17,639,30195.0,85,NQ,
2026-08-17,640,30193.0,32,NQ,
2026-08-17,641,30202.25,74,NQ,
2026-08-17,642,30204.0,44,NQ,
2026-08-17,643,30210.5,44,NQ,
2026-08-17,644,30204.0,180,NQ,
2026-08-17,645,30203.5,91,NQ,
2026-08-17,646,30210.5,33,NQ,
2026-08-17,647,30216.25,36,NQ,
2026-08-17,648,30222.25,70,NQ,
2026-08-17,649,30218.0,31,NQ,
2026-08-17,650,30215.5,18,NQ,
2026-08-17,651,30227.0,67,NQ,
2026-08-17,652,30226.75,40,NQ,
2026-08-17,653,30208.75,40,NQ,
2026-08-17,654,30208.75,27,NQ,
2026-08-17,655,30217.25,36,NQ,
2026-08-17,657,30229.75,25,NQ,
2026-08-17,658,30235.75,55,NQ,
2026-08-17,659,30241.25,41,NQ,
2026-08-17,660,30243.75,61,NQ,
2026-08-17,661,30245.5,27,NQ,
2026-08-17,663,30254.25,60,NQ,
2026-08-17,664,30275.75,140,NQ,
2026-08-17,665,30268.0,45,NQ,
2026-08-17,667,30282.0,42,NQ,
2026-08-17,668,30271.75,44,NQ,
2026-08-17,669,30259.25,40,NQ,
2026-08-17,670,30261.25,42,NQ,
2026-08-17,671,30271.75,78,NQ,
2026-08-17,672,30270.5,61,NQ,
2026-08-17,673,30268.75,80,NQ,
2026-08-17,674,30259.25,22,NQ,
2026-08-17,675,30266.75,74,NQ,
2026-08-17,676,30273.5,50,NQ,
2026-08-17,678,30265.75,18,NQ,
2026-08-17,679,30269.25,28,NQ,
2026-08-17,680,30275.0,116,NQ,
2026-08-17,681,30272.5,68,NQ,
2026-08-17,682,30271.25,41,NQ,
2026-08-17,683,30271.0,2,NQ,
2026-08-17,685,30257.75,42,NQ,
2026-08-17,686,30264.0,90,NQ,
2026-08-17,687,30270.0,35,NQ,
2026-08-17,688,30274.25,37,NQ,
2026-08-17,690,30271.75,30,NQ,
2026-08-17,691,30263.75,43,NQ,
2026-08-17,692,30262.25,42,NQ,
2026-08-17,693,30247.75,66,NQ,
2026-08-17,694,30248.5,11,NQ,
2026-08-17,695,30245.5,52,NQ,
2026-08-17,696,30240.25,25,NQ,
2026-08-17,697,30246.25,20,NQ,
2026-08-17,698,30240.25,41,NQ,
2026-08-17,700,30219.0,96,NQ,
2026-08-17,701,30215.25,219,NQ,
2026-08-17,702,30227.25,36,NQ,
2026-08-17,703,30218.5,52,NQ,
2026-08-17,704,30227.5,18,NQ,
2026-08-17,705,30227.0,41,NQ,
2026-08-17,706,30228.0,27,NQ,
2026-08-17,707,30227.5,57,NQ,
2026-08-17,708,30226.0,46,NQ,
2026-08-17,709,30223.0,22,NQ,
2026-08-17,710,30221.75,33,NQ,
2026-08-17,711,30239.5,143,NQ,
2026-08-17,712,30239.0,51,NQ,
2026-08-17,714,30242.75,58,NQ,
2026-08-17,715,30244.75,13,NQ,
2026-08-17,716,30243.5,18,NQ,
2026-08-17,717,30242.75,64,NQ,
2026-08-17,718,30244.75,31,NQ,
2026-08-17,720,30228.75,52,NQ,
2026-08-17,722,30223.75,37,NQ,
2026-08-17,724,30220.5,33,NQ,
2026-08-17,725,30209.25,59,NQ,
2026-08-17,726,30203.5,106,NQ,
2026-08-17,727,30204.0,20,NQ,
2026-08-17,728,30214.25,27,NQ,
2026-08-17,729,30208.0,25,NQ,
2026-08-17,730,30209.5,33,NQ,
2026-08-17,731,30202.0,19,NQ,
2026-08-17,732,30208.5,39,NQ,
2026-08-17,733,30208.0,82,NQ,
2026-08-17,734,30208.25,8,NQ,
2026-08-17,735,30214.5,20,NQ,
2026-08-17,736,30212.0,22,NQ,
2026-08-17,737,30211.25,12,NQ,
2026-08-17,738,30213.5,20,NQ,
2026-08-17,739,30212.5,36,NQ,
2026-08-17,740,30216.0,60,NQ,
2026-08-17,741,30211.5,32,NQ,
2026-08-17,742,30211.0,38,NQ,
2026-08-17,743,30205.75,55,NQ,
2026-08-17,744,30199.0,14,NQ,
2026-08-17,745,30198.0,51,NQ,
2026-08-17,747,30204.75,33,NQ,
2026-08-17,748,30202.25,46,NQ,
2026-08-17,750,30204.0,73,NQ,
2026-08-17,751,30205.0,16,NQ,
2026-08-17,752,30195.75,113,NQ,
2026-08-17,753,30194.5,20,NQ,
2026-08-17,754,30196.0,17,NQ,
2026-08-17,755,30195.75,8,NQ,
2026-08-17,756,30196.0,128,NQ,
2026-08-17,757,30197.25,46,NQ,
2026-08-17,758,30198.5,8,NQ,
2026-08-17,759,30200.5,41,NQ,
2026-08-17,760,30196.75,25,NQ,
2026-08-17,762,30191.25,71,NQ,
2026-08-17,763,30189.25,53,NQ,
2026-08-17,764,30184.0,138,NQ,
2026-08-17,765,30181.25,112,NQ,
2026-08-17,766,30189.5,173,NQ,
2026-08-17,767,30182.25,92,NQ,
2026-08-17,768,30181.0,138,NQ,
2026-08-17,769,30188.75,94,NQ,
2026-08-17,770,30189.0,108,NQ,
2026-08-17,771,30187.0,175,NQ,
2026-08-17,772,30183.75,199,NQ,
2026-08-17,773,30180.75,137,NQ,
2026-08-17,774,30190.0,184,NQ,
2026-08-17,775,30190.0,152,NQ,
2026-08-17,776,30186.25,196,NQ,
2026-08-17,777,30179.25,182,NQ,
2026-08-17,778,30184.75,177,NQ,
2026-08-17,779,30183.75,177,NQ,
2026-08-17,780,30184.0,296,NQ,
2026-08-17,781,30185.0,179,NQ,
2026-08-17,782,30181.5,185,NQ,
2026-08-17,783,30178.75,214,NQ,
2026-08-17,784,30173.5,193,NQ,
2026-08-17,785,30165.75,324,NQ,
2026-08-17,786,30165.5,203,NQ,
2026-08-17,787,30161.25,277,NQ,
2026-08-17,788,30156.75,227,NQ,
2026-08-17,789,30161.0,239,NQ,
2026-08-17,790,30156.75,290,NQ,
2026-08-17,791,30159.5,242,NQ,
2026-08-17,792,30149.0,295,NQ,
2026-08-17,793,30144.25,423,NQ,
2026-08-17,794,30129.75,361,NQ,
2026-08-17,795,30139.75,163,NQ,
2026-08-17,796,30134.0,596,NQ,
2026-08-17,797,30123.25,67,NQ,
2026-08-17,798,30133.0,160,NQ,
2026-08-17,799,30131.75,90,NQ,
2026-08-17,800,30119.25,27,NQ,
2026-08-17,801,30122.0,61,NQ,
2026-08-17,802,30115.5,16,NQ,
2026-08-17,803,30105.25,27,NQ,
2026-08-17,804,30100.75,64,NQ,
2026-08-17,805,30109.25,81,NQ,
2026-08-17,806,30108.25,32,NQ,
2026-08-17,807,30102.75,62,NQ,
2026-08-17,808,30097.0,24,NQ,
2026-08-17,809,30098.5,42,NQ,
2026-08-17,810,30092.0,81,NQ,
2026-08-17,811,30094.0,100,NQ,
2026-08-17,812,30112.0,81,NQ,
2026-08-17,813,30106.25,52,NQ,
2026-08-17,814,30094.0,138,NQ,
2026-08-17,815,30097.75,60,NQ,
2026-08-17,816,30109.75,228,NQ,
2026-08-17,817,30105.75,440,NQ,
2026-08-17,818,30106.25,109,NQ,
2026-08-17,819,30092.0,41,NQ,
2026-08-17,820,30099.75,68,NQ,
2026-08-17,822,30117.25,51,NQ,
2026-08-17,823,30118.25,42,NQ,
2026-08-17,824,30124.0,96,NQ,
2026-08-17,826,30120.25,111,NQ,
2026-08-17,827,30115.25,21,NQ,
2026-08-17,828,30110.25,44,NQ,
2026-08-17,829,30112.0,101,NQ,
2026-08-17,830,30111.25,52,NQ,
2026-08-17,832,30109.75,71,NQ,
2026-08-17,833,30112.5,91,NQ,
2026-08-17,834,30112.0,244,NQ,
2026-08-17,835,30107.75,221,NQ,
2026-08-17,836,30099.25,62,NQ,
2026-08-17,837,30105.75,165,NQ,
2026-08-17,838,30109.25,66,NQ,
2026-08-17,839,30102.25,58,NQ,
2026-08-17,840,30096.5,115,NQ,
2026-08-17,841,30094.75,47,NQ,
2026-08-17,843,30101.75,258,NQ,
2026-08-17,844,30098.75,16,NQ,
2026-08-17,845,30089.75,9,NQ,
2026-08-17,846,30090.5,71,NQ,
2026-08-17,847,30085.25,9,NQ,
2026-08-17,848,30084.0,71,NQ,
2026-08-17,849,30087.0,46,NQ,
2026-08-17,850,30085.0,34,NQ,
2026-08-17,851,30092.5,129,NQ,
2026-08-17,852,30092.75,2,NQ,
2026-08-17,856,30097.5,14,NQ,
2026-08-17,857,30098.75,60,NQ,
2026-08-17,858,30097.5,4,NQ,
2026-08-17,859,30095.75,10,NQ,
2026-08-17,860,30094.0,18,NQ,
2026-08-17,861,30097.0,22,NQ,
2026-08-17,862,30098.5,75,NQ,
2026-08-17,864,30106.75,20,NQ,
2026-08-17,865,30107.0,83,NQ,
2026-08-17,866,30108.5,58,NQ,
2026-08-17,867,30098.75,82,NQ,
2026-08-17,868,30099.0,14,NQ,
2026-08-17,869,30103.0,56,NQ,
2026-08-17,870,30106.75,100,NQ,
2026-08-17,871,30097.0,164,NQ,
2026-08-17,872,30103.75,260,NQ,
2026-08-17,873,30101.0,197,NQ,
2026-08-17,874,30103.75,130,NQ,
2026-08-17,875,30108.0,68,NQ,
2026-08-17,876,30106.5,43,NQ,
2026-08-17,878,30109.0,52,NQ,
2026-08-17,880,30108.75,30,NQ,
2026-08-17,881,30109.5,87,NQ,
2026-08-17,883,30117.75,84,NQ,
2026-08-17,884,30117.5,124,NQ,
2026-08-17,885,30117.0,171,NQ,
2026-08-17,886,30119.0,122,NQ,
2026-08-17,887,30119.5,24,NQ,
2026-08-17,888,30119.0,94,NQ,
2026-08-17,889,30124.25,41,NQ,
2026-08-17,890,30125.0,77,NQ,
2026-08-17,891,30134.5,71,NQ,
2026-08-17,893,30127.75,57,NQ,
2026-08-17,894,30122.0,89,NQ,
2026-08-17,895,30122.5,50,NQ,
2026-08-17,896,30119.5,71,NQ,
2026-08-17,897,30118.0,73,NQ,
2026-08-17,898,30122.75,54,NQ,
2026-08-17,899,30121.75,63,NQ,
2026-08-17,900,30122.25,107,NQ,
2026-08-17,901,30119.25,158,NQ,
2026-08-17,902,30112.0,189,NQ,
2026-08-17,903,30112.5,136,NQ,
2026-08-17,904,30107.5,134,NQ,
2026-08-17,905,30114.0,240,NQ,
2026-08-17,906,30110.75,179,NQ,
2026-08-17,907,30106.25,194,NQ,
2026-08-17,908,30100.0,264,NQ,
2026-08-17,909,30102.5,213,NQ,
2026-08-17,910,30101.0,166,NQ,
2026-08-17,911,30097.25,205,NQ,
2026-08-17,912,30093.5,179,NQ,
2026-08-17,913,30088.0,132,NQ,
2026-08-17,914,30084.75,95,NQ,
2026-08-17,915,30092.75,92,NQ,
2026-08-17,916,30096.75,187,NQ,
2026-08-17,917,30101.0,351,NQ,
2026-08-17,918,30106.25,259,NQ,
2026-08-17,919,30091.5,280,NQ,
2026-08-17,920,30088.75,262,NQ,
2026-08-17,921,30089.5,199,NQ,
2026-08-17,922,30090.5,219,NQ,
2026-08-17,923,30095.5,199,NQ,
2026-08-17,924,30095.75,194,NQ,
2026-08-17,925,30111.75,327,NQ,
2026-08-17,926,30105.0,251,NQ,
2026-08-17,927,30098.25,264,NQ,
2026-08-17,928,30099.75,258,NQ,
2026-08-17,929,30093.5,272,NQ,
2026-08-17,930,30091.75,280,NQ,
2026-08-17,931,30099.0,255,NQ,
2026-08-17,932,30098.25,263,NQ,
2026-08-17,933,30101.25,239,NQ,
2026-08-17,934,30098.5,192,NQ,
2026-08-17,935,30099.25,75,NQ,
2026-08-17,936,30099.25,69,NQ,
2026-08-17,937,30100.25,38,NQ,
2026-08-17,938,30099.0,21,NQ,
2026-08-17,939,30105.75,58,NQ,
2026-08-17,940,30109.25,71,NQ,
2026-08-17,941,30098.5,53,NQ,
2026-08-17,942,30100.5,100,NQ,
2026-08-17,943,30102.5,65,NQ,
2026-08-17,944,30104.0,250,NQ,
2026-08-17,945,30109.0,185,NQ,
2026-08-17,946,30106.75,59,NQ,
2026-08-17,947,30114.0,89,NQ,
2026-08-17,948,30116.5,154,NQ,
2026-08-17,949,30119.0,150,NQ,
2026-08-17,950,30105.5,236,NQ,
2026-08-17,951,30103.5,291,NQ,
2026-08-17,952,30103.25,31,NQ,
2026-08-17,953,30101.75,154,NQ,
2026-08-17,954,30102.25,51,NQ,
2026-08-17,955,30073.75,99,NQ,
2026-08-17,956,30075.75,26,NQ,
2026-08-17,957,30084.5,132,NQ,
2026-08-17,958,30097.0,246,NQ,
2026-08-17,959,30089.25,423,NQ,
2026-08-18,570,29714.25,1009,NQ,
2026-08-18,571,29737.0,658,NQ,
2026-08-18,572,29664.0,943,NQ,
2026-08-18,573,29648.0,942,NQ,
2026-08-18,574,29685.75,625,NQ,
2026-08-18,575,29701.75,1040,NQ,
2026-08-18,576,29675.5,565,NQ,
2026-08-18,577,29707.0,439,NQ,
2026-08-18,578,29730.25,423,NQ,
2026-08-18,579,29734.75,412,NQ,
2026-08-18,580,29764.75,523,NQ,
2026-08-18,581,29760.5,360,NQ,
2026-08-18,582,29741.75,344,NQ,
2026-08-18,583,29718.25,388,NQ,
2026-08-18,584,29687.0,357,NQ,
2026-08-18,585,29696.5,555,NQ,
2026-08-18,586,29658.5,441,NQ,
2026-08-18,587,29666.75,363,NQ,
2026-08-18,588,29660.25,289,NQ,
2026-08-18,589,29657.25,449,NQ,
2026-08-18,590,29666.75,582,NQ,
2026-08-18,591,29654.0,369,NQ,
2026-08-18,592,29642.5,342,NQ,
2026-08-18,593,29642.75,345,NQ,
2026-08-18,594,29636.75,310,NQ,
2026-08-18,595,29614.0,556,NQ,
2026-08-18,596,29655.75,560,NQ,
2026-08-18,597,29634.75,404,NQ,
2026-08-18,598,29651.25,309,NQ,
2026-08-18,599,29646.0,359,NQ,
2026-08-18,600,29635.75,479,NQ,
2026-08-18,601,29646.25,356,NQ,
2026-08-18,602,29677.25,451,NQ,
2026-08-18,603,29676.75,430,NQ,
2026-08-18,604,29673.25,377,NQ,
2026-08-18,605,29639.25,644,NQ,
2026-08-18,606,29649.25,380,NQ,
2026-08-18,607,29666.25,297,NQ,
2026-08-18,608,29635.75,384,NQ,
2026-08-18,609,29618.75,342,NQ,
2026-08-18,610,29595.75,616,NQ,
2026-08-18,611,29580.5,521,NQ,
2026-08-18,612,29573.75,530,NQ,
2026-08-18,613,29587.5,358,NQ,
2026-08-18,614,29586.5,363,NQ,
2026-08-18,615,29612.75,541,NQ,
2026-08-18,616,29617.25,405,NQ,
2026-08-18,617,29594.75,376,NQ,
2026-08-18,618,29632.75,381,NQ,
2026-08-18,619,29619.0,368,NQ,
2026-08-18,620,29637.0,376,NQ,
2026-08-18,621,29598.75,351,NQ,
2026-08-18,622,29606.0,381,NQ,
2026-08-18,623,29638.25,334,NQ,
2026-08-18,624,29642.0,478,NQ,
2026-08-18,625,29661.25,567,NQ,
2026-08-18,626,29678.5,430,NQ,
2026-08-18,627,29675.25,459,NQ,
2026-08-18,628,29675.5,329,NQ,
2026-08-18,629,29669.25,258,NQ,
2026-08-18,630,29673.25,572,NQ,
2026-08-18,631,29671.5,330,NQ,
2026-08-18,632,29676.75,377,NQ,
2026-08-18,633,29666.75,253,NQ,
2026-08-18,634,29651.0,334,NQ,
2026-08-18,635,29672.75,402,NQ,
2026-08-18,636,29677.75,266,NQ,
2026-08-18,637,29672.75,422,NQ,
2026-08-18,638,29660.25,283,NQ,
2026-08-18,639,29665.5,284,NQ,
2026-08-18,640,29659.25,478,NQ,
2026-08-18,641,29647.25,281,NQ,
2026-08-18,642,29630.5,267,NQ,
2026-08-18,643,29629.75,279,NQ,
2026-08-18,644,29614.0,350,NQ,
2026-08-18,645,29609.25,296,NQ,
2026-08-18,646,29621.25,328,NQ,
2026-08-18,647,29613.0,327,NQ,
2026-08-18,648,29615.5,298,NQ,
2026-08-18,649,29604.75,332,NQ,
2026-08-18,650,29612.0,618,NQ,
2026-08-18,651,29602.0,397,NQ,
2026-08-18,652,29588.0,380,NQ,
2026-08-18,653,29575.75,540,NQ,
2026-08-18,654,29558.5,397,NQ,
2026-08-18,655,29561.75,460,NQ,
2026-08-18,656,29562.0,388,NQ,
2026-08-18,657,29554.0,344,NQ,
2026-08-18,658,29541.0,386,NQ,
2026-08-18,659,29547.75,350,NQ,
2026-08-18,660,29541.5,541,NQ,
2026-08-18,661,29536.5,328,NQ,
2026-08-18,662,29550.5,391,NQ,
2026-08-18,663,29554.5,462,NQ,
2026-08-18,664,29561.25,451,NQ,
2026-08-18,665,29553.75,329,NQ,
2026-08-18,666,29562.75,346,NQ,
2026-08-18,667,29565.0,288,NQ,
2026-08-18,668,29543.0,312,NQ,
2026-08-18,669,29530.75,302,NQ,
2026-08-18,670,29528.75,483,NQ,
2026-08-18,671,29534.75,281,NQ,
2026-08-18,672,29540.5,268,NQ,
2026-08-18,673,29541.25,305,NQ,
2026-08-18,674,29547.0,236,NQ,
2026-08-18,675,29549.5,373,NQ,
2026-08-18,676,29556.25,268,NQ,
2026-08-18,677,29545.25,256,NQ,
2026-08-18,678,29551.5,266,NQ,
2026-08-18,679,29536.0,299,NQ,
2026-08-18,680,29544.5,298,NQ,
2026-08-18,681,29552.75,469,NQ,
2026-08-18,682,29569.25,336,NQ,
2026-08-18,683,29571.25,285,NQ,
2026-08-18,684,29567.75,283,NQ,
2026-08-18,685,29575.0,260,NQ,
2026-08-18,686,29580.75,338,NQ,
2026-08-18,687,29576.0,258,NQ,
2026-08-18,688,29592.5,309,NQ,
2026-08-18,689,29591.25,314,NQ,
2026-08-18,690,29604.5,347,NQ,
2026-08-18,691,29591.5,321,NQ,
2026-08-18,692,29587.75,259,NQ,
2026-08-18,693,29598.25,312,NQ,
2026-08-18,694,29591.5,291,NQ,
2026-08-18,695,29581.5,305,NQ,
2026-08-18,696,29576.5,251,NQ,
2026-08-18,697,29572.25,233,NQ,
2026-08-18,698,29577.75,247,NQ,
2026-08-18,699,29572.0,241,NQ,
2026-08-18,700,29589.75,309,NQ,
2026-08-18,701,29598.5,250,NQ,
2026-08-18,702,29594.25,265,NQ,
2026-08-18,703,29591.5,217,NQ,
2026-08-18,704,29598.75,199,NQ,
2026-08-18,705,29613.5,322,NQ,
2026-08-18,706,29622.5,347,NQ,
2026-08-18,707,29623.5,322,NQ,
2026-08-18,708,29615.5,263,NQ,
2026-08-18,709,29622.0,223,NQ,
2026-08-18,710,29604.5,376,NQ,
2026-08-18,711,29612.25,288,NQ,
2026-08-18,712,29627.0,326,NQ,
2026-08-18,713,29624.25,269,NQ,
2026-08-18,714,29634.0,278,NQ,
2026-08-18,715,29636.75,298,NQ,
2026-08-18,716,29629.5,248,NQ,
2026-08-18,717,29623.0,252,NQ,
2026-08-18,718,29619.0,302,NQ,
2026-08-18,719,29637.0,344,NQ,
2026-08-18,720,29643.0,398,NQ,
2026-08-18,721,29641.25,281,NQ,
2026-08-18,722,29649.25,278,NQ,
2026-08-18,723,29644.0,340,NQ,
2026-08-18,724,29639.75,390,NQ,
2026-08-18,725,29647.5,378,NQ,
2026-08-18,726,29636.5,210,NQ,
2026-08-18,727,29646.75,296,NQ,
2026-08-18,728,29640.5,223,NQ,
2026-08-18,729,29635.25,245,NQ,
2026-08-18,730,29644.75,276,NQ,
2026-08-18,731,29654.0,263,NQ,
2026-08-18,732,29655.5,243,NQ,
2026-08-18,733,29659.0,286,NQ,
2026-08-18,734,29646.75,283,NQ,
2026-08-18,735,29636.0,286,NQ,
2026-08-18,736,29631.75,246,NQ,
2026-08-18,737,29639.0,235,NQ,
2026-08-18,738,29624.25,240,NQ,
2026-08-18,739,29625.0,270,NQ,
2026-08-18,740,29636.5,273,NQ,
2026-08-18,741,29649.25,290,NQ,
2026-08-18,742,29649.5,326,NQ,
2026-08-18,743,29646.0,247,NQ,
2026-08-18,744,29644.25,217,NQ,
2026-08-18,745,29642.5,190,NQ,
2026-08-18,746,29631.25,305,NQ,
2026-08-18,747,29623.0,280,NQ,
2026-08-18,748,29616.5,293,NQ,
2026-08-18,749,29610.0,259,NQ,
2026-08-18,750,29614.0,256,NQ,
2026-08-18,751,29608.25,266,NQ,
2026-08-18,752,29622.5,230,NQ,
2026-08-18,753,29616.75,263,NQ,
2026-08-18,754,29624.25,222,NQ,
2026-08-18,755,29622.0,304,NQ,
2026-08-18,756,29618.5,257,NQ,
2026-08-18,757,29621.25,208,NQ,
2026-08-18,758,29631.25,277,NQ,
2026-08-18,759,29633.75,219,NQ,
2026-08-18,760,29640.0,292,NQ,
2026-08-18,761,29637.25,269,NQ,
2026-08-18,762,29630.25,218,NQ,
2026-08-18,763,29623.0,251,NQ,
2026-08-18,764,29628.75,228,NQ,
2026-08-18,765,29621.75,230,NQ,
2026-08-18,766,29652.0,286,NQ,
2026-08-18,767,29648.75,323,NQ,
2026-08-18,768,29666.75,295,NQ,
2026-08-18,769,29664.5,220,NQ,
2026-08-18,770,29667.0,306,NQ,
2026-08-18,771,29667.5,271,NQ,
2026-08-18,772,29659.5,331,NQ,
2026-08-18,773,29663.5,246,NQ,
2026-08-18,774,29668.0,191,NQ,
2026-08-18,775,29652.0,276,NQ,
2026-08-18,776,29653.75,218,NQ,
2026-08-18,777,29653.25,200,NQ,
2026-08-18,778,29653.75,187,NQ,
2026-08-18,779,29651.25,263,NQ,
2026-08-18,780,29643.0,279,NQ,
2026-08-18,781,29636.0,340,NQ,
2026-08-18,782,29650.0,260,NQ,
2026-08-18,783,29659.25,202,NQ,
2026-08-18,784,29645.0,371,NQ,
2026-08-18,785,29641.25,224,NQ,
2026-08-18,786,29633.25,287,NQ,
2026-08-18,787,29629.5,221,NQ,
2026-08-18,788,29629.5,268,NQ,
2026-08-18,789,29635.25,213,NQ,
2026-08-18,790,29629.25,194,NQ,
2026-08-18,791,29620.0,187,NQ,
2026-08-18,792,29640.5,281,NQ,
2026-08-18,793,29632.0,243,NQ,
2026-08-18,794,29635.25,166,NQ,
2026-08-18,795,29615.5,199,NQ,
2026-08-18,796,29612.75,328,NQ,
2026-08-18,797,29613.0,196,NQ,
2026-08-18,798,29611.5,195,NQ,
2026-08-18,799,29605.75,230,NQ,
2026-08-18,800,29610.0,232,NQ,
2026-08-18,801,29615.25,234,NQ,
2026-08-18,802,29607.25,208,NQ,
2026-08-18,803,29604.25,137,NQ,
2026-08-18,804,29600.0,282,NQ,
2026-08-18,805,29594.75,250,NQ,
2026-08-18,806,29605.25,313,NQ,
2026-08-18,807,29602.25,212,NQ,
2026-08-18,808,29612.25,241,NQ,
2026-08-18,809,29615.5,234,NQ,
2026-08-18,810,29606.0,266,NQ,
2026-08-18,811,29614.75,271,NQ,
2026-08-18,812,29616.0,210,NQ,
2026-08-18,813,29617.75,203,NQ,
2026-08-18,814,29609.25,157,NQ,
2026-08-18,815,29609.75,206,NQ,
2026-08-18,816,29595.25,245,NQ,
2026-08-18,817,29597.5,164,NQ,
2026-08-18,818,29618.75,271,NQ,
2026-08-18,819,29610.0,283,NQ,
2026-08-18,820,29611.75,305,NQ,
2026-08-18,821,29606.5,284,NQ,
2026-08-18,822,29606.5,169,NQ,
2026-08-18,823,29603.0,213,NQ,
2026-08-18,824,29603.5,237,NQ,
2026-08-18,825,29604.5,220,NQ,
2026-08-18,826,29596.0,205,NQ,
2026-08-18,827,29598.5,166,NQ,
2026-08-18,828,29599.0,116,NQ,
2026-08-18,829,29595.75,179,NQ,
2026-08-18,830,29595.75,233,NQ,
2026-08-18,831,29593.5,160,NQ,
2026-08-18,832,29597.0,166,NQ,
2026-08-18,833,29596.75,194,NQ,
2026-08-18,834,29593.5,183,NQ,
2026-08-18,835,29586.25,277,NQ,
2026-08-18,836,29579.75,240,NQ,
2026-08-18,837,29572.5,226,NQ,
2026-08-18,838,29571.75,208,NQ,
2026-08-18,839,29565.0,281,NQ,
2026-08-18,840,29568.75,250,NQ,
2026-08-18,841,29573.25,230,NQ,
2026-08-18,842,29566.5,236,NQ,
2026-08-18,843,29564.75,236,NQ,
2026-08-18,844,29569.0,261,NQ,
2026-08-18,845,29567.0,233,NQ,
2026-08-18,846,29565.75,223,NQ,
2026-08-18,847,29565.25,178,NQ,
2026-08-18,848,29562.5,245,NQ,
2026-08-18,849,29555.0,348,NQ,
2026-08-18,850,29552.75,211,NQ,
2026-08-18,851,29551.75,273,NQ,
2026-08-18,852,29555.0,238,NQ,
2026-08-18,853,29573.0,305,NQ,
2026-08-18,854,29574.25,257,NQ,
2026-08-18,855,29578.75,386,NQ,
2026-08-18,856,29578.75,241,NQ,
2026-08-18,857,29584.5,191,NQ,
2026-08-18,858,29594.75,298,NQ,
2026-08-18,859,29605.5,338,NQ,
2026-08-18,860,29601.0,316,NQ,
2026-08-18,861,29611.5,441,NQ,
2026-08-18,862,29597.25,426,NQ,
2026-08-18,863,29593.75,327,NQ,
2026-08-18,864,29599.75,189,NQ,
2026-08-18,865,29591.0,247,NQ,
2026-08-18,866,29596.25,192,NQ,
2026-08-18,867,29592.25,157,NQ,
2026-08-18,868,29597.75,236,NQ,
2026-08-18,869,29603.25,210,NQ,
2026-08-18,870,29604.0,207,NQ,
2026-08-18,871,29605.0,206,NQ,
2026-08-18,872,29591.0,210,NQ,
2026-08-18,873,29590.0,151,NQ,
2026-08-18,874,29599.75,228,NQ,
2026-08-18,875,29606.5,262,NQ,
2026-08-18,876,29603.25,217,NQ,
2026-08-18,877,29606.5,222,NQ,
2026-08-18,878,29607.75,162,NQ,
2026-08-18,879,29605.75,138,NQ,
2026-08-18,880,29596.75,230,NQ,
2026-08-18,881,29592.75,305,NQ,
2026-08-18,882,29589.75,217,NQ,
2026-08-18,883,29590.0,279,NQ,
2026-08-18,884,29587.25,241,NQ,
2026-08-18,885,29591.0,236,NQ,
2026-08-18,886,29590.75,187,NQ,
2026-08-18,887,29597.25,182,NQ,
2026-08-18,888,29588.0,193,NQ,
2026-08-18,889,29586.25,296,NQ,
2026-08-18,890,29582.0,199,NQ,
2026-08-18,891,29582.75,178,NQ,
2026-08-18,892,29579.0,201,NQ,
2026-08-18,893,29577.5,176,NQ,
2026-08-18,894,29571.25,217,NQ,
2026-08-18,895,29571.75,241,NQ,
2026-08-18,896,29573.0,274,NQ,
2026-08-18,897,29575.75,213,NQ,
2026-08-18,898,29575.5,182,NQ,
2026-08-18,899,29571.25,265,NQ,
2026-08-18,900,29570.5,319,NQ,
2026-08-18,901,29573.5,192,NQ,
2026-08-18,902,29579.5,223,NQ,
2026-08-18,903,29574.0,227,NQ,
2026-08-18,904,29570.75,179,NQ,
2026-08-18,905,29572.25,171,NQ,
2026-08-18,906,29571.0,153,NQ,
2026-08-18,907,29573.25,228,NQ,
2026-08-18,908,29581.75,186,NQ,
2026-08-18,909,29581.25,179,NQ,
2026-08-18,910,29584.0,186,NQ,
2026-08-18,911,29576.5,202,NQ,
2026-08-18,912,29575.0,237,NQ,
2026-08-18,913,29572.25,161,NQ,
2026-08-18,914,29572.25,256,NQ,
2026-08-18,915,29572.5,192,NQ,
2026-08-18,916,29568.5,197,NQ,
2026-08-18,917,29565.25,210,NQ,
2026-08-18,918,29568.75,203,NQ,
2026-08-18,919,29574.0,228,NQ,
2026-08-18,920,29572.5,202,NQ,
2026-08-18,921,29568.5,196,NQ,
2026-08-18,922,29581.75,284,NQ,
2026-08-18,923,29582.25,238,NQ,
2026-08-18,924,29595.25,302,NQ,
2026-08-18,925,29594.75,261,NQ,
2026-08-18,926,29594.0,543,NQ,
2026-08-18,927,29598.0,211,NQ,
2026-08-18,928,29603.0,334,NQ,
2026-08-18,929,29599.75,255,NQ,
2026-08-18,930,29602.25,504,NQ,
2026-08-18,931,29597.25,294,NQ,
2026-08-18,932,29595.25,169,NQ,
2026-08-18,933,29597.0,196,NQ,
2026-08-18,934,29592.25,186,NQ,
2026-08-18,935,29587.5,226,NQ,
2026-08-18,936,29592.25,287,NQ,
2026-08-18,937,29596.75,195,NQ,
2026-08-18,938,29594.25,171,NQ,
2026-08-18,939,29594.0,163,NQ,
2026-08-18,940,29587.0,207,NQ,
2026-08-18,941,29587.75,257,NQ,
2026-08-18,942,29594.75,240,NQ,
2026-08-18,943,29597.5,291,NQ,
2026-08-18,944,29600.25,292,NQ,
2026-08-18,945,29599.5,370,NQ,
2026-08-18,946,29602.75,283,NQ,
2026-08-18,947,29592.75,265,NQ,
2026-08-18,948,29592.25,204,NQ,
2026-08-18,949,29597.75,317,NQ,
2026-08-18,950,29591.0,673,NQ,
2026-08-18,951,29584.25,322,NQ,
2026-08-18,952,29586.75,318,NQ,
2026-08-18,953,29576.75,600,NQ,
2026-08-18,954,29569.0,419,NQ,
2026-08-18,955,29580.5,565,NQ,
2026-08-18,956,29576.75,376,NQ,
2026-08-18,957,29574.5,450,NQ,
2026-08-18,958,29588.25,497,NQ,
2026-08-18,959,29586.75,1828,NQ,
2026-08-19,570,29672.25,1245,NQ,
2026-08-19,571,29688.5,799,NQ,
2026-08-19,572,29735.5,623,NQ,
2026-08-19,573,29697.75,524,NQ,
2026-08-19,574,29673.0,604,NQ,
2026-08-19,575,29675.0,462,NQ,
2026-08-19,576,29626.5,704,NQ,
2026-08-19,577,29629.0,492,NQ,
2026-08-19,578,29611.25,433,NQ,
2026-08-19,579,29589.75,866,NQ,
2026-08-19,580,29596.0,615,NQ,
2026-08-19,581,29572.75,561,NQ,
2026-08-19,582,29597.75,601,NQ,
2026-08-19,583,29616.5,494,NQ,
2026-08-19,584,29609.75,433,NQ,
2026-08-19,585,29606.0,506,NQ,
2026-08-19,586,29597.75,471,NQ,
2026-08-19,587,29583.0,390,NQ,
2026-08-19,588,29518.0,605,NQ,
2026-08-19,589,29470.5,656,NQ,
2026-08-19,590,29471.5,597,NQ,
2026-08-19,591,29421.25,766,NQ,
2026-08-19,592,29445.25,691,NQ,
2026-08-19,593,29485.0,641,NQ,
2026-08-19,594,29471.25,437,NQ,
2026-08-19,595,29502.75,507,NQ,
2026-08-19,596,29503.5,419,NQ,
2026-08-19,597,29504.25,397,NQ,
2026-08-19,598,29513.25,431,NQ,
2026-08-19,599,29496.5,375,NQ,
2026-08-19,600,29472.5,523,NQ,
2026-08-19,601,29474.5,437,NQ,
2026-08-19,602,29468.0,441,NQ,
2026-08-19,603,29465.5,356,NQ,
2026-08-19,604,29472.25,303,NQ,
2026-08-19,605,29485.25,381,NQ,
2026-08-19,606,29469.75,394,NQ,
2026-08-19,607,29460.0,357,NQ,
2026-08-19,608,29444.75,366,NQ,
2026-08-19,609,29452.25,388,NQ,
2026-08-19,610,29414.0,447,NQ,
2026-08-19,611,29391.75,548,NQ,
2026-08-19,612,29405.75,554,NQ,
2026-08-19,613,29409.0,469,NQ,
2026-08-19,614,29381.75,375,NQ,
2026-08-19,615,29421.0,481,NQ,
2026-08-19,616,29455.0,565,NQ,
2026-08-19,617,29446.0,429,NQ,
2026-08-19,618,29448.75,502,NQ,
2026-08-19,619,29418.5,411,NQ,
2026-08-19,620,29448.75,371,NQ,
2026-08-19,621,29413.25,457,NQ,
2026-08-19,622,29399.25,450,NQ,
2026-08-19,623,29416.75,411,NQ,
2026-08-19,624,29415.5,459,NQ,
2026-08-19,625,29401.75,311,NQ,
2026-08-19,626,29416.75,417,NQ,
2026-08-19,627,29443.0,368,NQ,
2026-08-19,628,29459.25,344,NQ,
2026-08-19,629,29482.5,389,NQ,
2026-08-19,630,29492.0,410,NQ,
2026-08-19,631,29509.75,359,NQ,
2026-08-19,632,29504.25,372,NQ,
2026-08-19,633,29506.25,296,NQ,
2026-08-19,634,29494.25,351,NQ,
2026-08-19,635,29518.5,334,NQ,
2026-08-19,636,29521.25,370,NQ,
2026-08-19,637,29540.5,493,NQ,
2026-08-19,638,29550.0,322,NQ,
2026-08-19,639,29565.5,401,NQ,
2026-08-19,640,29563.5,447,NQ,
2026-08-19,641,29550.25,339,NQ,
2026-08-19,642,29568.0,416,NQ,
2026-08-19,643,29554.75,275,NQ,
2026-08-19,644,29564.0,319,NQ,
2026-08-19,645,29556.25,266,NQ,
2026-08-19,646,29565.0,279,NQ,
2026-08-19,647,29555.5,330,NQ,
2026-08-19,648,29539.0,368,NQ,
2026-08-19,649,29531.25,321,NQ,
2026-08-19,650,29543.25,361,NQ,
2026-08-19,651,29550.5,335,NQ,
2026-08-19,652,29546.5,292,NQ,
2026-08-19,653,29592.0,402,NQ,
2026-08-19,654,29595.75,369,NQ,
2026-08-19,655,29584.75,358,NQ,
2026-08-19,656,29609.25,371,NQ,
2026-08-19,657,29606.0,350,NQ,
2026-08-19,658,29616.25,263,NQ,
2026-08-19,659,29623.25,312,NQ,
2026-08-19,660,29624.75,371,NQ,
2026-08-19,661,29611.25,428,NQ,
2026-08-19,662,29602.5,317,NQ,
2026-08-19,663,29597.75,315,NQ,
2026-08-19,664,29596.25,288,NQ,
2026-08-19,665,29596.75,307,NQ,
2026-08-19,666,29599.25,291,NQ,
2026-08-19,667,29605.0,262,NQ,
2026-08-19,668,29583.75,242,NQ,
2026-08-19,669,29586.75,268,NQ,
2026-08-19,670,29600.5,244,NQ,
2026-08-19,671,29591.25,286,NQ,
2026-08-19,672,29615.25,251,NQ,
2026-08-19,673,29614.5,303,NQ,
2026-08-19,674,29617.25,221,NQ,
2026-08-19,675,29603.0,301,NQ,
2026-08-19,676,29618.0,250,NQ,
2026-08-19,677,29622.25,238,NQ,
2026-08-19,678,29613.75,247,NQ,
2026-08-19,679,29624.0,257,NQ,
2026-08-19,680,29619.0,220,NQ,
2026-08-19,681,29611.0,291,NQ,
2026-08-19,682,29624.5,241,NQ,
2026-08-19,683,29619.75,356,NQ,
2026-08-19,684,29602.5,337,NQ,
2026-08-19,685,29605.75,384,NQ,
2026-08-19,686,29600.75,250,NQ,
2026-08-19,687,29601.25,273,NQ,
2026-08-19,688,29613.25,221,NQ,
2026-08-19,689,29613.5,307,NQ,
2026-08-19,690,29604.5,279,NQ,
2026-08-19,691,29598.5,227,NQ,
2026-08-19,692,29595.75,187,NQ,
2026-08-19,693,29592.5,236,NQ,
2026-08-19,694,29591.75,274,NQ,
2026-08-19,695,29587.5,221,NQ,
2026-08-19,696,29578.5,272,NQ,
2026-08-19,697,29591.0,306,NQ,
2026-08-19,698,29579.5,204,NQ,
2026-08-19,699,29572.5,292,NQ,
2026-08-19,700,29556.0,416,NQ,
2026-08-19,701,29563.0,247,NQ,
2026-08-19,702,29561.75,193,NQ,
2026-08-19,703,29575.0,327,NQ,
2026-08-19,704,29596.75,522,NQ,
2026-08-19,705,29596.75,229,NQ,
2026-08-19,706,29604.75,281,NQ,
2026-08-19,707,29601.5,287,NQ,
2026-08-19,708,29612.25,247,NQ,
2026-08-19,709,29586.25,242,NQ,
2026-08-19,710,29585.75,271,NQ,
2026-08-19,711,29578.0,294,NQ,
2026-08-19,712,29585.0,195,NQ,
2026-08-19,713,29578.0,195,NQ,
2026-08-19,714,29574.5,243,NQ,
2026-08-19,715,29585.75,263,NQ,
2026-08-19,716,29590.25,233,NQ,
2026-08-19,717,29585.25,225,NQ,
2026-08-19,718,29599.5,270,NQ,
2026-08-19,719,29606.75,268,NQ,
2026-08-19,720,29612.75,352,NQ,
2026-08-19,721,29626.0,423,NQ,
2026-08-19,722,29634.0,315,NQ,
2026-08-19,723,29629.75,310,NQ,
2026-08-19,724,29638.25,215,NQ,
2026-08-19,725,29637.0,257,NQ,
2026-08-19,726,29642.5,192,NQ,
2026-08-19,727,29649.75,210,NQ,
2026-08-19,728,29641.0,318,NQ,
2026-08-19,729,29650.75,198,NQ,
2026-08-19,730,29646.75,246,NQ,
2026-08-19,731,29649.25,224,NQ,
2026-08-19,732,29645.5,177,NQ,
2026-08-19,733,29642.0,227,NQ,
2026-08-19,734,29636.75,252,NQ,
2026-08-19,735,29639.5,285,NQ,
2026-08-19,736,29645.5,212,NQ,
2026-08-19,737,29651.5,291,NQ,
2026-08-19,738,29665.75,237,NQ,
2026-08-19,739,29659.5,296,NQ,
2026-08-19,740,29657.25,266,NQ,
2026-08-19,741,29644.75,257,NQ,
2026-08-19,742,29645.0,197,NQ,
2026-08-19,743,29642.5,189,NQ,
2026-08-19,744,29638.25,210,NQ,
2026-08-19,745,29623.0,319,NQ,
2026-08-19,746,29628.5,220,NQ,
2026-08-19,747,29620.5,242,NQ,
2026-08-19,748,29607.25,232,NQ,
2026-08-19,749,29609.25,211,NQ,
2026-08-19,750,29607.75,239,NQ,
2026-08-19,751,29605.75,188,NQ,
2026-08-19,752,29606.0,200,NQ,
2026-08-19,753,29612.75,243,NQ,
2026-08-19,754,29611.25,226,NQ,
2026-08-19,755,29598.0,210,NQ,
2026-08-19,756,29596.75,178,NQ,
2026-08-19,757,29600.25,149,NQ,
2026-08-19,758,29613.5,246,NQ,
2026-08-19,759,29610.0,208,NQ,
2026-08-19,760,29610.5,165,NQ,
2026-08-19,761,29617.75,165,NQ,
2026-08-19,762,29610.0,218,NQ,
2026-08-19,763,29606.0,195,NQ,
2026-08-19,764,29610.25,151,NQ,
2026-08-19,765,29597.75,204,NQ,
2026-08-19,766,29600.25,157,NQ,
2026-08-19,767,29605.0,177,NQ,
2026-08-19,768,29596.75,191,NQ,
2026-08-19,769,29589.25,311,NQ,
2026-08-19,770,29580.5,312,NQ,
2026-08-19,771,29583.0,283,NQ,
2026-08-19,772,29578.5,296,NQ,
2026-08-19,773,29567.75,225,NQ,
2026-08-19,774,29571.5,272,NQ,
2026-08-19,775,29566.0,241,NQ,
2026-08-19,776,29560.25,189,NQ,
2026-08-19,777,29554.5,182,NQ,
2026-08-19,778,29560.25,226,NQ,
2026-08-19,779,29559.5,177,NQ,
2026-08-19,780,29565.25,287,NQ,
2026-08-19,781,29560.75,207,NQ,
2026-08-19,782,29562.0,261,NQ,
2026-08-19,783,29568.0,277,NQ,
2026-08-19,784,29556.5,236,NQ,
2026-08-19,785,29569.0,237,NQ,
2026-08-19,786,29557.75,252,NQ,
2026-08-19,787,29553.75,204,NQ,
2026-08-19,788,29546.0,228,NQ,
2026-08-19,789,29542.0,228,NQ,
2026-08-19,790,29553.0,232,NQ,
2026-08-19,791,29545.5,186,NQ,
2026-08-19,792,29555.5,191,NQ,
2026-08-19,793,29551.0,260,NQ,
2026-08-19,794,29548.0,217,NQ,
2026-08-19,795,29547.75,150,NQ,
2026-08-19,796,29552.25,202,NQ,
2026-08-19,797,29552.0,145,NQ,
2026-08-19,798,29531.25,267,NQ,
2026-08-19,799,29526.25,277,NQ,
2026-08-19,800,29523.0,283,NQ,
2026-08-19,801,29515.0,253,NQ,
2026-08-19,802,29518.75,273,NQ,
2026-08-19,803,29522.75,249,NQ,
2026-08-19,804,29518.5,223,NQ,
2026-08-19,805,29517.25,243,NQ,
2026-08-19,806,29531.75,246,NQ,
2026-08-19,807,29531.25,190,NQ,
2026-08-19,808,29542.25,274,NQ,
2026-08-19,809,29539.5,178,NQ,
2026-08-19,810,29540.25,200,NQ,
2026-08-19,811,29533.0,221,NQ,
2026-08-19,812,29523.5,205,NQ,
2026-08-19,813,29525.5,173,NQ,
2026-08-19,814,29519.25,222,NQ,
2026-08-19,815,29528.75,266,NQ,
2026-08-19,816,29537.25,197,NQ,
2026-08-19,817,29527.75,200,NQ,
2026-08-19,818,29526.5,157,NQ,
2026-08-19,819,29523.0,199,NQ,
2026-08-19,820,29525.75,169,NQ,
2026-08-19,821,29531.5,151,NQ,
2026-08-19,822,29538.5,294,NQ,
2026-08-19,823,29542.75,157,NQ,
2026-08-19,824,29537.0,143,NQ,
2026-08-19,825,29544.5,280,NQ,
2026-08-19,826,29541.0,222,NQ,
2026-08-19,827,29538.5,140,NQ,
2026-08-19,828,29546.75,147,NQ,
2026-08-19,829,29541.0,220,NQ,
2026-08-19,830,29539.25,176,NQ,
2026-08-19,831,29554.75,155,NQ,
2026-08-19,832,29551.5,180,NQ,
2026-08-19,833,29558.0,182,NQ,
2026-08-19,834,29551.5,195,NQ,
2026-08-19,835,29545.75,170,NQ,
2026-08-19,836,29550.5,131,NQ,
2026-08-19,837,29540.5,202,NQ,
2026-08-19,838,29543.0,149,NQ,
2026-08-19,839,29544.25,153,NQ,
2026-08-19,840,29557.75,314,NQ,
2026-08-19,841,29572.5,393,NQ,
2026-08-19,842,29583.25,366,NQ,
2026-08-19,843,29578.5,233,NQ,
2026-08-19,844,29563.75,258,NQ,
2026-08-19,845,29549.5,292,NQ,
2026-08-19,846,29532.0,338,NQ,
2026-08-19,847,29518.5,412,NQ,
2026-08-19,848,29515.5,245,NQ,
2026-08-19,849,29501.75,265,NQ,
2026-08-19,850,29505.25,289,NQ,
2026-08-19,851,29523.0,289,NQ,
2026-08-19,852,29531.5,226,NQ,
2026-08-19,853,29524.0,271,NQ,
2026-08-19,854,29520.0,211,NQ,
2026-08-19,855,29515.75,186,NQ,
2026-08-19,856,29503.25,270,NQ,
2026-08-19,857,29492.75,272,NQ,
2026-08-19,858,29507.75,294,NQ,
2026-08-19,859,29511.0,221,NQ,
2026-08-19,860,29513.0,178,NQ,
2026-08-19,861,29521.25,209,NQ,
2026-08-19,862,29510.25,203,NQ,
2026-08-19,863,29512.0,154,NQ,
2026-08-19,864,29512.75,156,NQ,
2026-08-19,865,29522.75,235,NQ,
2026-08-19,866,29522.25,245,NQ,
2026-08-19,867,29526.25,255,NQ,
2026-08-19,868,29525.75,239,NQ,
2026-08-19,869,29538.0,204,NQ,
2026-08-19,870,29563.0,390,NQ,
2026-08-19,871,29563.0,274,NQ,
2026-08-19,872,29560.0,197,NQ,
2026-08-19,873,29553.5,221,NQ,
2026-08-19,874,29566.75,257,NQ,
2026-08-19,875,29556.0,220,NQ,
2026-08-19,876,29552.0,169,NQ,
2026-08-19,877,29543.75,174,NQ,
2026-08-19,878,29537.25,209,NQ,
2026-08-19,879,29543.5,187,NQ,
2026-08-19,880,29549.5,201,NQ,
2026-08-19,881,29556.75,231,NQ,
2026-08-19,882,29554.5,180,NQ,
2026-08-19,883,29562.75,189,NQ,
2026-08-19,884,29560.0,174,NQ,
2026-08-19,885,29553.25,162,NQ,
2026-08-19,886,29544.75,213,NQ,
2026-08-19,887,29548.25,196,NQ,
2026-08-19,888,29549.5,159,NQ,
2026-08-19,889,29555.5,143,NQ,
2026-08-19,890,29552.5,182,NQ,
2026-08-19,891,29546.75,173,NQ,
2026-08-19,892,29538.25,195,NQ,
2026-08-19,893,29544.25,211,NQ,
2026-08-19,894,29548.0,183,NQ,
2026-08-19,895,29544.75,184,NQ,
2026-08-19,896,29534.5,229,NQ,
2026-08-19,897,29530.25,237,NQ,
2026-08-19,898,29541.5,214,NQ,
2026-08-19,899,29535.0,183,NQ,
2026-08-19,900,29548.25,257,NQ,
2026-08-19,901,29542.0,282,NQ,
2026-08-19,902,29537.25,213,NQ,
2026-08-19,903,29537.0,222,NQ,
2026-08-19,904,29540.0,179,NQ,
2026-08-19,905,29538.75,178,NQ,
2026-08-19,906,29538.0,151,NQ,
2026-08-19,907,29543.0,161,NQ,
2026-08-19,908,29550.25,225,NQ,
2026-08-19,909,29556.5,216,NQ,
2026-08-19,910,29551.0,246,NQ,
2026-08-19,911,29550.0,248,NQ,
2026-08-19,912,29550.25,201,NQ,
2026-08-19,913,29545.25,156,NQ,
2026-08-19,914,29547.25,172,NQ,
2026-08-19,915,29552.25,186,NQ,
2026-08-19,916,29549.0,298,NQ,
2026-08-19,917,29554.25,120,NQ,
2026-08-19,918,29560.25,160,NQ,
2026-08-19,919,29566.5,231,NQ,
2026-08-19,920,29572.25,215,NQ,
2026-08-19,921,29551.75,225,NQ,
2026-08-19,922,29556.5,232,NQ,
2026-08-19,923,29562.75,211,NQ,
2026-08-19,924,29564.0,213,NQ,
2026-08-19,925,29570.25,250,NQ,
2026-08-19,926,29572.25,306,NQ,
2026-08-19,927,29568.75,158,NQ,
2026-08-19,928,29567.75,154,NQ,
2026-08-19,929,29555.75,230,NQ,
2026-08-19,930,29572.0,298,NQ,
2026-08-19,931,29571.75,207,NQ,
2026-08-19,932,29582.75,274,NQ,
2026-08-19,933,29579.25,228,NQ,
2026-08-19,934,29582.0,188,NQ,
2026-08-19,935,29557.25,285,NQ,
2026-08-19,936,29548.75,403,NQ,
2026-08-19,937,29539.0,246,NQ,
2026-08-19,938,29547.5,266,NQ,
2026-08-19,939,29537.75,243,NQ,
2026-08-19,940,29536.75,210,NQ,
2026-08-19,941,29542.5,246,NQ,
2026-08-19,942,29540.5,185,NQ,
2026-08-19,943,29533.25,246,NQ,
2026-08-19,944,29530.75,199,NQ,
2026-08-19,945,29520.25,265,NQ,
2026-08-19,946,29511.75,290,NQ,
2026-08-19,947,29512.25,332,NQ,
2026-08-19,948,29509.0,239,NQ,
2026-08-19,949,29511.75,268,NQ,
2026-08-19,950,29494.5,919,NQ,
2026-08-19,951,29494.25,309,NQ,
2026-08-19,952,29498.25,316,NQ,
2026-08-19,953,29501.25,424,NQ,
2026-08-19,954,29510.75,487,NQ,
2026-08-19,955,29490.5,862,NQ,
2026-08-19,956,29496.75,314,NQ,
2026-08-19,957,29511.5,395,NQ,
2026-08-19,958,29516.5,399,NQ,
2026-08-19,959,29521.75,989,NQ,
2026-08-20,719,29328.5,205,NQ,
2026-08-20,721,29320.75,15,NQ,
2026-08-20,722,29342.0,232,NQ,
2026-08-20,723,29329.75,336,NQ,
2026-08-20,724,29316.5,247,NQ,
2026-08-20,725,29315.25,246,NQ,
2026-08-20,726,29309.5,218,NQ,
2026-08-20,727,29306.25,203,NQ,
2026-08-20,728,29323.5,245,NQ,
2026-08-20,729,29333.25,195,NQ,
2026-08-20,730,29325.25,260,NQ,
2026-08-20,731,29337.25,312,NQ,
2026-08-20,732,29329.75,173,NQ,
2026-08-20,733,29311.25,205,NQ,
2026-08-20,734,29307.25,202,NQ,
2026-08-20,735,29314.0,177,NQ,
2026-08-20,736,29310.25,190,NQ,
2026-08-20,737,29317.0,190,NQ,
2026-08-20,738,29318.75,184,NQ,
2026-08-20,739,29322.5,156,NQ,
2026-08-20,740,29319.25,250,NQ,
2026-08-20,741,29332.0,230,NQ,
2026-08-20,742,29330.25,194,NQ,
2026-08-20,743,29343.0,301,NQ,
2026-08-20,744,29348.25,346,NQ,
2026-08-20,745,29353.25,327,NQ,
2026-08-20,746,29346.5,165,NQ,
2026-08-20,747,29341.0,172,NQ,
2026-08-20,748,29343.75,228,NQ,
2026-08-20,749,29340.75,198,NQ,
2026-08-20,750,29318.75,254,NQ,
2026-08-20,751,29311.25,195,NQ,
2026-08-20,752,29314.75,168,NQ,
2026-08-20,753,29324.75,203,NQ,
2026-08-20,754,29347.75,403,NQ,
2026-08-20,755,29348.25,215,NQ,
2026-08-20,756,29354.5,224,NQ,
2026-08-20,757,29350.5,234,NQ,
2026-08-20,758,29354.75,165,NQ,
2026-08-20,759,29359.0,263,NQ,
2026-08-20,760,29361.0,230,NQ,
2026-08-20,761,29359.75,188,NQ,
2026-08-20,762,29356.5,194,NQ,
2026-08-20,763,29361.75,219,NQ,
2026-08-20,764,29377.25,262,NQ,
2026-08-20,765,29371.25,253,NQ,
2026-08-20,766,29387.0,237,NQ,
2026-08-20,767,29383.5,236,NQ,
2026-08-20,768,29366.0,264,NQ,
2026-08-20,769,29369.25,227,NQ,
2026-08-20,770,29367.5,208,NQ,
2026-08-20,771,29362.75,262,NQ,
2026-08-20,772,29363.25,392,NQ,
2026-08-20,773,29365.5,238,NQ,
2026-08-20,774,29370.0,170,NQ,
2026-08-20,775,29370.0,257,NQ,
2026-08-20,776,29366.75,189,NQ,
2026-08-20,777,29370.5,325,NQ,
2026-08-20,778,29371.5,227,NQ,
2026-08-20,779,29380.0,183,NQ,
2026-08-20,780,29373.5,176,NQ,
2026-08-20,781,29361.25,198,NQ,
2026-08-20,782,29356.0,204,NQ,
2026-08-20,783,29355.0,201,NQ,
2026-08-20,784,29358.75,195,NQ,
2026-08-20,785,29358.25,199,NQ,
2026-08-20,786,29347.5,223,NQ,
2026-08-20,787,29346.5,245,NQ,
2026-08-20,788,29342.0,290,NQ,
2026-08-20,789,29343.0,177,NQ,
2026-08-20,790,29344.75,193,NQ,
2026-08-20,791,29351.25,185,NQ,
2026-08-20,792,29347.0,147,NQ,
2026-08-20,793,29341.5,146,NQ,
2026-08-20,794,29337.0,220,NQ,
2026-08-20,795,29321.25,312,NQ,
2026-08-20,796,29313.5,346,NQ,
2026-08-20,797,29313.0,255,NQ,
2026-08-20,798,29312.5,197,NQ,
2026-08-20,799,29305.5,276,NQ,
2026-08-20,800,29314.25,301,NQ,
2026-08-20,801,29313.25,188,NQ,
2026-08-20,802,29316.25,216,NQ,
2026-08-20,803,29320.25,230,NQ,
2026-08-20,804,29310.25,258,NQ,
2026-08-20,805,29307.5,253,NQ,
2026-08-20,806,29309.25,209,NQ,
2026-08-20,807,29295.0,332,NQ,
2026-08-20,808,29298.75,292,NQ,
2026-08-20,809,29293.75,208,NQ,
2026-08-20,810,29292.0,347,NQ,
2026-08-20,811,29301.75,207,NQ,
2026-08-20,812,29294.25,212,NQ,
2026-08-20,813,29290.5,254,NQ,
2026-08-20,814,29288.25,255,NQ,
2026-08-20,815,29292.75,200,NQ,
2026-08-20,816,29293.75,207,NQ,
2026-08-20,817,29289.5,274,NQ,
2026-08-20,818,29293.5,155,NQ,
2026-08-20,819,29290.0,210,NQ,
2026-08-20,820,29287.0,206,NQ,
2026-08-20,821,29285.0,142,NQ,
2026-08-20,822,29287.5,186,NQ,
2026-08-20,823,29286.0,228,NQ,
2026-08-20,824,29289.75,215,NQ,
2026-08-20,825,29299.25,296,NQ,
2026-08-20,826,29300.0,247,NQ,
2026-08-20,827,29307.5,256,NQ,
2026-08-20,828,29307.75,314,NQ,
2026-08-20,829,29305.0,143,NQ,
2026-08-20,830,29319.75,296,NQ,
2026-08-20,831,29318.0,268,NQ,
2026-08-20,832,29313.25,195,NQ,
2026-08-20,833,29311.75,239,NQ,
2026-08-20,834,29301.5,220,NQ,
2026-08-20,835,29301.5,277,NQ,
2026-08-20,836,29307.0,192,NQ,
2026-08-20,837,29308.5,184,NQ,
2026-08-20,838,29298.0,205,NQ,
2026-08-20,839,29292.75,220,NQ,
2026-08-20,840,29282.0,407,NQ,
2026-08-20,841,29278.0,321,NQ,
2026-08-20,842,29263.5,278,NQ,
2026-08-20,843,29260.25,324,NQ,
2026-08-20,844,29260.75,276,NQ,
2026-08-20,845,29246.75,382,NQ,
2026-08-20,846,29240.5,281,NQ,
2026-08-20,847,29236.25,719,NQ,
2026-08-20,848,29230.0,310,NQ,
2026-08-20,849,29234.5,217,NQ,
2026-08-20,850,29219.0,370,NQ,
2026-08-20,851,29226.25,348,NQ,
2026-08-20,852,29226.0,307,NQ,
2026-08-20,853,29226.5,333,NQ,
2026-08-20,854,29230.5,217,NQ,
2026-08-20,855,29218.75,246,NQ,
2026-08-20,856,29207.25,290,NQ,
2026-08-20,857,29218.0,395,NQ,
2026-08-20,858,29228.5,241,NQ,
2026-08-20,859,29233.75,308,NQ,
2026-08-20,860,29246.75,279,NQ,
2026-08-20,861,29240.5,261,NQ,
2026-08-20,862,29236.25,351,NQ,
2026-08-20,863,29233.75,208,NQ,
2026-08-20,864,29230.0,318,NQ,
2026-08-20,865,29224.5,311,NQ,
2026-08-20,866,29224.0,148,NQ,
2026-08-20,867,29224.75,197,NQ,
2026-08-20,868,29229.75,230,NQ,
2026-08-20,869,29233.25,314,NQ,
2026-08-20,870,29227.25,274,NQ,
2026-08-20,871,29227.75,221,NQ,
2026-08-20,872,29225.75,224,NQ,
2026-08-20,873,29217.25,316,NQ,
2026-08-20,874,29216.5,281,NQ,
2026-08-20,875,29215.5,303,NQ,
2026-08-20,876,29231.25,269,NQ,
2026-08-20,877,29227.75,249,NQ,
2026-08-20,878,29228.5,253,NQ,
2026-08-20,879,29222.5,208,NQ,
2026-08-20,880,29218.5,211,NQ,
2026-08-20,881,29220.5,345,NQ,
2026-08-20,882,29228.0,259,NQ,
2026-08-20,883,29230.5,247,NQ,
2026-08-20,884,29234.0,229,NQ,
2026-08-20,885,29233.75,335,NQ,
2026-08-20,886,29231.5,273,NQ,
2026-08-20,887,29242.0,222,NQ,
2026-08-20,888,29249.75,387,NQ,
2026-08-20,889,29251.25,283,NQ,
2026-08-20,890,29241.75,316,NQ,
2026-08-20,891,29250.0,210,NQ,
2026-08-20,892,29252.5,246,NQ,
2026-08-20,893,29245.5,220,NQ,
2026-08-20,894,29248.75,197,NQ,
2026-08-20,895,29250.5,241,NQ,
2026-08-20,896,29253.5,181,NQ,
2026-08-20,897,29253.25,218,NQ,
2026-08-20,898,29254.75,223,NQ,
2026-08-20,899,29243.75,222,NQ,
2026-08-20,900,29252.25,278,NQ,
2026-08-20,901,29256.5,316,NQ,
2026-08-20,902,29270.25,251,NQ,
2026-08-20,903,29269.25,298,NQ,
2026-08-20,904,29272.0,263,NQ,
2026-08-20,905,29281.25,325,NQ,
2026-08-20,906,29282.75,261,NQ,
2026-08-20,907,29283.5,281,NQ,
2026-08-20,908,29290.0,308,NQ,
2026-08-20,909,29289.75,231,NQ,
2026-08-20,910,29282.0,246,NQ,
2026-08-20,911,29278.75,310,NQ,
2026-08-20,912,29277.75,196,NQ,
2026-08-20,913,29286.0,285,NQ,
2026-08-20,914,29281.25,258,NQ,
2026-08-20,915,29292.25,249,NQ,
2026-08-20,916,29289.5,213,NQ,
2026-08-20,917,29276.5,218,NQ,
2026-08-20,918,29276.5,179,NQ,
2026-08-20,919,29271.25,239,NQ,
2026-08-20,920,29272.25,389,NQ,
2026-08-20,921,29272.0,215,NQ,
2026-08-20,922,29285.75,260,NQ,
2026-08-20,923,29294.25,236,NQ,
2026-08-20,924,29296.25,248,NQ,
2026-08-20,925,29302.0,252,NQ,
2026-08-20,926,29302.5,242,NQ,
2026-08-20,927,29301.25,238,NQ,
2026-08-20,928,29303.5,216,NQ,
2026-08-20,929,29304.25,256,NQ,
2026-08-20,930,29294.0,301,NQ,
2026-08-20,931,29298.5,240,NQ,
2026-08-20,932,29306.25,253,NQ,
2026-08-20,933,29301.0,192,NQ,
2026-08-20,934,29304.0,219,NQ,
2026-08-20,935,29309.5,283,NQ,
2026-08-20,936,29319.75,415,NQ,
2026-08-20,937,29318.75,253,NQ,
2026-08-20,938,29326.5,226,NQ,
2026-08-20,939,29328.5,341,NQ,
2026-08-20,940,29327.25,197,NQ,
2026-08-20,941,29329.5,238,NQ,
2026-08-20,942,29314.75,270,NQ,
2026-08-20,943,29311.5,335,NQ,
2026-08-20,944,29310.75,358,NQ,
2026-08-20,945,29307.25,325,NQ,
2026-08-20,946,29295.0,269,NQ,
2026-08-20,947,29296.25,263,NQ,
2026-08-20,948,29301.5,277,NQ,
2026-08-20,949,29320.25,354,NQ,
2026-08-20,950,29323.5,616,NQ,
2026-08-20,951,29319.0,426,NQ,
2026-08-20,952,29325.25,318,NQ,
2026-08-20,953,29319.25,266,NQ,
2026-08-20,954,29304.5,444,NQ,
2026-08-20,955,29296.5,649,NQ,
2026-08-20,956,29298.25,369,NQ,
2026-08-20,957,29291.75,360,NQ,
2026-08-20,958,29305.0,390,NQ,
2026-08-20,959,29305.5,2525,NQ,
2026-08-21,570,29426.25,1157,NQ,
2026-08-21,571,29402.5,482,NQ,
2026-08-21,572,29376.5,499,NQ,
2026-08-21,573,29376.5,546,NQ,
2026-08-21,574,29362.75,611,NQ,
2026-08-21,575,29367.25,588,NQ,
2026-08-21,576,29344.25,535,NQ,
2026-08-21,577,29339.25,473,NQ,
2026-08-21,578,29339.75,425,NQ,
2026-08-21,579,29349.75,362,NQ,
2026-08-21,580,29341.0,427,NQ,
2026-08-21,581,29338.5,415,NQ,
2026-08-21,582,29347.75,359,NQ,
2026-08-21,583,29314.5,356,NQ,
2026-08-21,584,29322.0,201,NQ,
2026-08-21,585,29336.0,32,NQ,
2026-08-21,586,29350.0,169,NQ,
2026-08-21,587,29346.25,64,NQ,
2026-08-21,589,29340.0,150,NQ,
2026-08-21,590,29331.75,372,NQ,
2026-08-21,591,29313.0,373,NQ,
2026-08-21,592,29286.5,379,NQ,
2026-08-21,593,29285.25,461,NQ,
2026-08-21,594,29291.75,716,NQ,
2026-08-21,595,29282.0,395,NQ,
2026-08-21,596,29312.75,396,NQ,
2026-08-21,597,29294.0,369,NQ,
2026-08-21,598,29292.75,447,NQ,
2026-08-21,599,29304.0,433,NQ,
2026-08-21,600,29305.0,458,NQ,
2026-08-21,601,29292.25,415,NQ,
2026-08-21,602,29268.0,450,NQ,
2026-08-21,603,29281.75,458,NQ,
2026-08-21,604,29289.5,354,NQ,
2026-08-21,605,29320.75,444,NQ,
2026-08-21,606,29324.0,394,NQ,
2026-08-21,607,29308.5,355,NQ,
2026-08-21,608,29328.75,370,NQ,
2026-08-21,609,29311.25,284,NQ,
2026-08-21,610,29325.5,324,NQ,
2026-08-21,611,29308.5,282,NQ,
2026-08-21,612,29294.0,309,NQ,
2026-08-21,613,29270.75,416,NQ,
2026-08-21,614,29253.0,404,NQ,
2026-08-21,615,29269.75,452,NQ,
2026-08-21,616,29277.0,374,NQ,
2026-08-21,617,29258.5,402,NQ,
2026-08-21,618,29240.25,323,NQ,
2026-08-21,619,29230.0,444,NQ,
2026-08-21,620,29236.25,334,NQ,
2026-08-21,621,29240.75,291,NQ,
2026-08-21,622,29263.0,439,NQ,
2026-08-21,623,29271.0,373,NQ,
2026-08-21,624,29255.5,445,NQ,
2026-08-21,625,29281.0,337,NQ,
2026-08-21,626,29293.5,370,NQ,
2026-08-21,627,29298.75,485,NQ,
2026-08-21,628,29304.0,306,NQ,
2026-08-21,629,29278.25,275,NQ,
2026-08-21,630,29286.0,288,NQ,
2026-08-21,631,29295.5,370,NQ,
2026-08-21,632,29296.0,348,NQ,
2026-08-21,633,29288.5,309,NQ,
2026-08-21,634,29275.25,300,NQ,
2026-08-21,635,29272.25,323,NQ,
2026-08-21,636,29265.5,397,NQ,
2026-08-21,637,29270.0,313,NQ,
2026-08-21,638,29292.25,275,NQ,
2026-08-21,639,29279.25,390,NQ,
2026-08-21,640,29283.5,274,NQ,
2026-08-21,641,29262.75,313,NQ,
2026-08-21,642,29274.0,282,NQ,
2026-08-21,643,29303.25,393,NQ,
2026-08-21,644,29296.5,235,NQ,
2026-08-21,645,29307.0,346,NQ,
2026-08-21,646,29313.0,262,NQ,
2026-08-21,647,29302.25,350,NQ,
2026-08-21,648,29304.75,294,NQ,
2026-08-21,649,29311.0,224,NQ,
2026-08-21,650,29312.25,294,NQ,
2026-08-21,651,29304.5,351,NQ,
2026-08-21,652,29315.25,352,NQ,
2026-08-21,653,29307.25,279,NQ,
2026-08-21,654,29296.25,308,NQ,
2026-08-21,655,29318.75,317,NQ,
2026-08-21,656,29325.0,285,NQ,
2026-08-21,657,29315.75,346,NQ,
2026-08-21,658,29317.25,291,NQ,
2026-08-21,659,29332.0,399,NQ,
2026-08-21,660,29344.75,355,NQ,
2026-08-21,661,29335.25,284,NQ,
2026-08-21,662,29336.25,303,NQ,
2026-08-21,663,29355.0,294,NQ,
2026-08-21,664,29359.75,359,NQ,
2026-08-21,665,29352.75,440,NQ,
2026-08-21,666,29354.0,274,NQ,
2026-08-21,667,29363.25,319,NQ,
2026-08-21,668,29361.5,203,NQ,
2026-08-21,669,29350.75,284,NQ,
2026-08-21,670,29346.5,281,NQ,
2026-08-21,671,29357.5,297,NQ,
2026-08-21,672,29359.5,195,NQ,
2026-08-21,673,29358.75,314,NQ,
2026-08-21,674,29352.75,208,NQ,
2026-08-21,675,29351.0,296,NQ,
2026-08-21,676,29346.0,197,NQ,
2026-08-21,677,29350.0,247,NQ,
2026-08-21,678,29340.75,252,NQ,
2026-08-21,679,29341.75,309,NQ,
2026-08-21,680,29335.5,240,NQ,
2026-08-21,681,29342.5,327,NQ,
2026-08-21,682,29353.75,285,NQ,
2026-08-21,683,29358.5,295,NQ,
2026-08-21,684,29337.5,309,NQ,
2026-08-21,685,29341.0,303,NQ,
2026-08-21,686,29359.0,280,NQ,
2026-08-21,687,29360.75,251,NQ,
2026-08-21,688,29365.25,282,NQ,
2026-08-21,689,29368.25,274,NQ,
2026-08-21,690,29374.25,465,NQ,
2026-08-21,691,29373.75,256,NQ,
2026-08-21,692,29390.5,234,NQ,
2026-08-21,693,29394.5,255,NQ,
2026-08-21,694,29403.75,404,NQ,
2026-08-21,695,29405.0,318,NQ,
2026-08-21,696,29410.25,293,NQ,
2026-08-21,697,29413.0,457,NQ,
2026-08-21,698,29424.75,275,NQ,
2026-08-21,699,29442.75,474,NQ,
2026-08-21,700,29454.0,503,NQ,
2026-08-21,701,29467.0,387,NQ,
2026-08-21,702,29457.0,343,NQ,
2026-08-21,703,29449.5,420,NQ,
2026-08-21,704,29451.5,492,NQ,
2026-08-21,705,29445.75,303,NQ,
2026-08-21,706,29442.75,299,NQ,
2026-08-21,707,29441.5,260,NQ,
2026-08-21,708,29433.25,380,NQ,
2026-08-21,709,29431.25,246,NQ,
2026-08-21,710,29458.25,413,NQ,
2026-08-21,711,29468.75,420,NQ,
2026-08-21,712,29477.25,358,NQ,
2026-08-21,713,29484.5,339,NQ,
2026-08-21,714,29473.25,323,NQ,
2026-08-21,715,29459.0,425,NQ,
2026-08-21,716,29456.25,282,NQ,
2026-08-21,717,29444.5,374,NQ,
2026-08-21,718,29446.75,288,NQ,
2026-08-21,719,29443.5,322,NQ,
2026-08-21,720,29434.0,419,NQ,
2026-08-21,721,29439.5,292,NQ,
2026-08-21,722,29430.25,262,NQ,
2026-08-21,723,29433.0,228,NQ,
2026-08-21,724,29419.75,343,NQ,
2026-08-21,725,29421.25,305,NQ,
2026-08-21,726,29417.25,254,NQ,
2026-08-21,727,29417.0,235,NQ,
2026-08-21,728,29413.25,276,NQ,
2026-08-21,729,29394.5,368,NQ,
2026-08-21,730,29399.75,282,NQ,
2026-08-21,731,29403.0,272,NQ,
2026-08-21,732,29400.0,270,NQ,
2026-08-21,733,29407.25,239,NQ,
2026-08-21,734,29394.5,295,NQ,
2026-08-21,735,29401.75,274,NQ,
2026-08-21,736,29415.0,293,NQ,
2026-08-21,737,29418.25,205,NQ,
2026-08-21,738,29402.25,304,NQ,
2026-08-21,739,29399.0,298,NQ,
2026-08-21,740,29397.75,223,NQ,
2026-08-21,741,29409.75,790,NQ,
2026-08-21,742,29405.75,388,NQ,
2026-08-21,743,29408.5,261,NQ,
2026-08-21,744,29405.0,208,NQ,
2026-08-21,745,29406.25,206,NQ,
2026-08-21,746,29399.0,202,NQ,
2026-08-21,747,29404.75,197,NQ,
2026-08-21,748,29406.75,211,NQ,
2026-08-21,749,29408.75,163,NQ,
2026-08-21,750,29409.75,244,NQ,
2026-08-21,751,29399.0,263,NQ,
2026-08-21,752,29402.25,49,NQ,
2026-08-21,762,29421.25,2153,NQ,
2026-08-21,763,29419.75,228,NQ,
2026-08-21,764,29417.5,143,NQ,
2026-08-21,765,29404.0,221,NQ,
2026-08-21,766,29404.25,208,NQ,
2026-08-21,767,29401.25,152,NQ,
2026-08-21,768,29404.75,142,NQ,
2026-08-21,769,29400.0,176,NQ,
2026-08-21,770,29388.75,423,NQ,
2026-08-21,771,29390.0,208,NQ,
2026-08-21,772,29395.25,208,NQ,
2026-08-21,773,29391.75,162,NQ,
2026-08-21,774,29390.25,276,NQ,
2026-08-21,775,29389.25,225,NQ,
2026-08-21,776,29383.25,200,NQ,
2026-08-21,777,29400.5,221,NQ,
2026-08-21,778,29413.0,261,NQ,
2026-08-21,779,29412.25,186,NQ,
2026-08-21,780,29416.0,259,NQ,
2026-08-21,781,29419.75,328,NQ,
2026-08-21,782,29415.0,227,NQ,
2026-08-21,783,29411.25,154,NQ,
2026-08-21,784,29410.75,175,NQ,
2026-08-21,785,29412.5,163,NQ,
2026-08-21,786,29414.5,199,NQ,
2026-08-21,787,29409.0,207,NQ,
2026-08-21,788,29416.75,204,NQ,
2026-08-21,789,29411.5,336,NQ,
2026-08-21,790,29403.75,204,NQ,
2026-08-21,791,29405.0,241,NQ,
2026-08-21,792,29406.0,207,NQ,
2026-08-21,793,29406.75,194,NQ,
2026-08-21,794,29408.25,225,NQ,
2026-08-21,795,29408.5,233,NQ,
2026-08-21,796,29408.5,222,NQ,
2026-08-21,797,29402.0,164,NQ,
2026-08-21,798,29401.25,193,NQ,
2026-08-21,799,29400.25,197,NQ,
2026-08-21,800,29396.75,299,NQ,
2026-08-21,801,29387.75,240,NQ,
2026-08-21,802,29382.0,222,NQ,
2026-08-21,803,29384.0,188,NQ,
2026-08-21,804,29389.0,210,NQ,
2026-08-21,805,29382.0,195,NQ,
2026-08-21,806,29383.0,164,NQ,
2026-08-21,807,29392.75,208,NQ,
2026-08-21,808,29403.5,279,NQ,
2026-08-21,809,29395.25,193,NQ,
2026-08-21,810,29396.0,216,NQ,
2026-08-21,811,29397.25,142,NQ,
2026-08-21,812,29393.25,168,NQ,
2026-08-21,813,29396.25,181,NQ,
2026-08-21,814,29386.25,239,NQ,
2026-08-21,815,29386.75,186,NQ,
2026-08-21,816,29394.75,182,NQ,
2026-08-21,817,29400.5,180,NQ,
2026-08-21,818,29398.75,217,NQ,
2026-08-21,819,29394.5,182,NQ,
2026-08-21,820,29386.75,162,NQ,
2026-08-21,821,29395.0,175,NQ,
2026-08-21,822,29397.0,113,NQ,
2026-08-21,823,29396.75,179,NQ,
2026-08-21,824,29404.75,103,NQ,
2026-08-21,825,29400.0,245,NQ,
2026-08-21,826,29408.75,158,NQ,
2026-08-21,827,29405.75,207,NQ,
2026-08-21,828,29404.5,144,NQ,
2026-08-21,829,29399.5,216,NQ,
2026-08-21,830,29400.0,167,NQ,
2026-08-21,831,29395.25,184,NQ,
2026-08-21,832,29388.5,146,NQ,
2026-08-21,833,29399.0,157,NQ,
2026-08-21,834,29394.5,193,NQ,
2026-08-21,835,29391.5,185,NQ,
2026-08-21,836,29390.0,174,NQ,
2026-08-21,837,29390.5,151,NQ,
2026-08-21,838,29388.5,159,NQ,
2026-08-21,839,29383.75,171,NQ,
2026-08-21,840,29392.0,218,NQ,
2026-08-21,841,29385.25,260,NQ,
2026-08-21,842,29393.75,221,NQ,
2026-08-21,843,29402.75,240,NQ,
2026-08-21,844,29400.5,216,NQ,
2026-08-21,845,29391.25,266,NQ,
2026-08-21,846,29381.5,214,NQ,
2026-08-21,847,29378.5,211,NQ,
2026-08-21,848,29381.25,197,NQ,
2026-08-21,849,29376.25,168,NQ,
2026-08-21,850,29379.0,214,NQ,
2026-08-21,851,29380.0,173,NQ,
2026-08-21,852,29386.0,226,NQ,
2026-08-21,853,29382.0,146,NQ,
2026-08-21,854,29374.75,219,NQ,
2026-08-21,855,29376.25,136,NQ,
2026-08-21,856,29377.75,132,NQ,
2026-08-21,857,29373.5,142,NQ,
2026-08-21,858,29372.75,153,NQ,
2026-08-21,859,29380.0,262,NQ,
2026-08-21,860,29386.25,220,NQ,
2026-08-21,861,29388.5,268,NQ,
2026-08-21,862,29390.0,242,NQ,
2026-08-21,863,29386.5,201,NQ,
2026-08-21,864,29384.75,156,NQ,
2026-08-21,865,29372.75,253,NQ,
2026-08-21,866,29373.25,201,NQ,
2026-08-21,867,29369.0,181,NQ,
2026-08-21,868,29366.75,188,NQ,
2026-08-21,869,29363.0,126,NQ,
2026-08-21,870,29357.75,254,NQ,
2026-08-21,871,29361.75,199,NQ,
2026-08-21,872,29356.5,172,NQ,
2026-08-21,873,29358.75,167,NQ,
2026-08-21,874,29357.5,135,NQ,
2026-08-21,875,29364.5,212,NQ,
2026-08-21,876,29361.75,171,NQ,
2026-08-21,877,29363.75,192,NQ,
2026-08-21,878,29359.25,176,NQ,
2026-08-21,879,29361.75,102,NQ,
2026-08-21,880,29369.25,217,NQ,
2026-08-21,881,29365.25,133,NQ,
2026-08-21,882,29366.75,132,NQ,
2026-08-21,883,29370.0,176,NQ,
2026-08-21,884,29366.5,173,NQ,
2026-08-21,885,29368.25,124,NQ,
2026-08-21,886,29371.75,159,NQ,
2026-08-21,887,29372.25,155,NQ,
2026-08-21,888,29376.5,150,NQ,
2026-08-21,889,29382.25,158,NQ,
2026-08-21,890,29389.25,297,NQ,
2026-08-21,891,29385.75,168,NQ,
2026-08-21,892,29393.0,171,NQ,
2026-08-21,893,29390.0,156,NQ,
2026-08-21,894,29391.25,166,NQ,
2026-08-21,895,29388.5,181,NQ,
2026-08-21,896,29391.5,140,NQ,
2026-08-21,897,29397.5,242,NQ,
2026-08-21,898,29399.0,219,NQ,
2026-08-21,899,29400.25,245,NQ,
2026-08-21,900,29405.25,350,NQ,
2026-08-21,901,29411.75,258,NQ,
2026-08-21,902,29402.0,239,NQ,
2026-08-21,903,29401.5,227,NQ,
2026-08-21,904,29392.0,251,NQ,
2026-08-21,905,29391.25,224,NQ,
2026-08-21,906,29391.75,153,NQ,
2026-08-21,907,29401.5,301,NQ,
2026-08-21,908,29401.25,201,NQ,
2026-08-21,909,29398.0,165,NQ,
2026-08-21,910,29393.0,286,NQ,
2026-08-21,911,29391.75,197,NQ,
2026-08-21,912,29386.75,191,NQ,
2026-08-21,913,29390.75,188,NQ,
2026-08-21,914,29388.5,153,NQ,
2026-08-21,915,29383.75,240,NQ,
2026-08-21,916,29383.25,232,NQ,
2026-08-21,917,29387.75,201,NQ,
2026-08-21,918,29395.75,210,NQ,
2026-08-21,919,29388.25,259,NQ,
2026-08-21,920,29396.25,235,NQ,
2026-08-21,921,29395.25,210,NQ,
2026-08-21,922,29394.25,160,NQ,
2026-08-21,923,29393.25,146,NQ,
2026-08-21,924,29398.75,224,NQ,
2026-08-21,925,29396.0,227,NQ,
2026-08-21,926,29396.25,206,NQ,
2026-08-21,927,29401.25,177,NQ,
2026-08-21,928,29403.75,189,NQ,
2026-08-21,929,29394.5,246,NQ,
2026-08-21,930,29405.25,325,NQ,
2026-08-21,931,29404.25,196,NQ,
2026-08-21,932,29406.0,219,NQ,
2026-08-21,933,29403.5,197,NQ,
2026-08-21,934,29404.0,182,NQ,
2026-08-21,935,29406.0,240,NQ,
2026-08-21,936,29405.75,286,NQ,
2026-08-21,937,29408.25,150,NQ,
2026-08-21,938,29409.75,223,NQ,
2026-08-21,939,29410.0,199,NQ,
2026-08-21,940,29403.0,187,NQ,
2026-08-21,941,29398.5,190,NQ,
2026-08-21,942,29400.75,194,NQ,
2026-08-21,943,29405.25,193,NQ,
2026-08-21,944,29410.75,223,NQ,
2026-08-21,945,29416.0,364,NQ,
2026-08-21,946,29417.75,347,NQ,
2026-08-21,947,29424.0,228,NQ,
2026-08-21,948,29427.25,241,NQ,
2026-08-21,949,29427.5,306,NQ,
2026-08-21,950,29403.75,591,NQ,
2026-08-21,951,29404.25,242,NQ,
2026-08-21,952,29402.0,351,NQ,
2026-08-21,953,29397.25,237,NQ,
2026-08-21,954,29395.5,334,NQ,
2026-08-21,955,29396.0,363,NQ,
2026-08-21,956,29396.0,318,NQ,
2026-08-21,957,29397.5,449,NQ,
2026-08-21,958,29407.75,505,NQ,
2026-08-21,959,29396.0,999,NQ,
